leadid,election_date,reelected,iso3,leader,entry_date,exit_date,entry_year,exit_year,spell_yrs,gold,silver,bronze,medal_score,gold_lag1,silver_lag1,bronze_lag1,medal_score_lag1,gold_lag2,silver_lag2,bronze_lag2,medal_score_lag2,cname,atop_number,bci_bci,bmr_demdur,cai_cai2,cbi_cbiw,cbie_index,ccp_cc,ccp_childwrk,ccp_equal,ccp_freerel,ccp_slave,ccp_strike,ciri_assn,ciri_dommov,ciri_formov,ciri_injud,ciri_physint,ciri_polpris,ciri_speech,ciri_tort,ef_ef,fh_cl,fh_pr,gol_enep,gol_est,gol_pr,h_j,ht_region,p_durable,p_polity2,pwt_hci,rd_inw,ross_gas_value_2014,ross_oil_value_2014,top_top10_income_share,undp_hdi,van_index,vdem_corr,vdem_gender,vdem_libdem,vdem_polyarchy,wdi_acel,wdi_agedr,wdi_ane,wdi_araland,wdi_area,wdi_birth,wdi_co2,wdi_death,wdi_elerenew,wdi_empagr,wdi_empind,wdi_empser,wdi_eneimp,wdi_expedu,wdi_expmil,wdi_fdiin,wdi_fdiout,wdi_fertility,wdi_forest,wdi_fossil,wdi_gdpagr,wdi_gdpcapcon2015,wdi_gdpind,wdi_gerp,wdi_internet,wdi_lfpf,wdi_lifexp,wdi_pop,wdi_pop14,wdi_pop65,wdi_popden,wdi_popurb,wdi_refori,wdi_trade,wdi_unempilo
35b38fe8-3bbd-11e5-afeb-eb6f07f9fec7,2009-06-28,1,ALB,Berisha,1992-04-09,1997-07-24,1992,1997,5.28952772073922,0,0,0,0,0,0,0,0,0,0,0,0,Albania,8,57.357534,13,1,0.711,0.791,2,1,1,1,2,1,2,2,2,0,7,2,1,1,2.24515076631552,3,3,3.18,2,25,0,1,12,9,2.8975446,1717698012.16514,7671973.94589872,132374779.707098,0.3178,0.752,21.4,0.755,0.808,0.452,0.553,99.6,49.396599852416,21.87501519447765,22.22627737226277,27400,11.841,1.4605883001954898,6.81,99.9807766243752,44.0516349157035,19.9406955859942,36.0076694983023,41.66724583708629,4.369454860687259,1.5172171395597,11.17064324507889,3.27670073351641,1.647,28.496094890510943,63.42172640051569,16.794383601879826,3432.170871972196,24.41377839319682,100.923736572266,41.2,42.07159175036301,77.781,2927519,21.7987870159832,11.2652729879444,106.8437591240876,51.076,15707,75.09491440080564,13.674
35b38fe8-3bbd-11e5-afeb-eb6f07f9fec7,2009-06-28,1,ALB,Berisha,2005-09-11,2013-09-15,2005,2013,8.010951403148528,0,0,0,0,0,0,0,0,0,0,0,0,Albania,8,57.357534,13,1,0.711,0.791,2,1,1,1,2,1,2,2,2,0,7,2,1,1,2.24515076631552,3,3,3.18,2,25,0,1,12,9,2.8975446,1717698012.16514,7671973.94589872,132374779.707098,0.3178,0.752,21.4,0.755,0.808,0.452,0.553,99.6,49.396599852416,21.87501519447765,22.22627737226277,27400,11.841,1.4605883001954898,6.81,99.9807766243752,44.0516349157035,19.9406955859942,36.0076694983023,41.66724583708629,4.369454860687259,1.5172171395597,11.17064324507889,3.27670073351641,1.647,28.496094890510943,63.42172640051569,16.794383601879826,3432.170871972196,24.41377839319682,100.923736572266,41.2,42.07159175036301,77.781,2927519,21.7987870159832,11.2652729879444,106.8437591240876,51.076,15707,75.09491440080564,13.674
35b38fe8-3bbd-11e5-afeb-eb6f07f9fec7,2013-06-23,0,ALB,Berisha,1992-04-09,1997-07-24,1992,1997,5.28952772073922,0,0,0,0,0,0,0,0,0,0,0,0,Albania,8,57.787664,17,1,0.711,0.791,2,1,1,1,2,1,2,1,2,0,7,2,1,1,2.24662015081451,3,3,3.51184,2,25,0,1,16,9,2.924037,1281848113.75308,2556556.31015731,685558467.262528,0.3185,0.793,33.964288,0.753,0.824,0.436,0.524,99.9,46.58644075005341,26.06878501192281,22.521897810218977,27400,12.279,1.647892364042317,7.819,100,44.1980267602681,16.8779557826563,38.9240174570756,12.320705333450574,3.53929996490479,1.40898210141146,9.81628458243044,0.2226756498335619,1.697,28.698558394160585,56.395338812823184,19.565157812322923,3780.6991925409625,23.06131685200507,101.474952697754,51.8,41.85302213463199,78.123,2895092,19.0870740495197,12.6938075118444,105.66029197080292,55.387,10104,75.87371384678971,15.866
35b38fe8-3bbd-11e5-afeb-eb6f07f9fec7,2013-06-23,0,ALB,Berisha,2005-09-11,2013-09-15,2005,2013,8.010951403148528,0,0,0,0,0,0,0,0,0,0,0,0,Albania,8,57.787664,17,1,0.711,0.791,2,1,1,1,2,1,2,1,2,0,7,2,1,1,2.24662015081451,3,3,3.51184,2,25,0,1,16,9,2.924037,1281848113.75308,2556556.31015731,685558467.262528,0.3185,0.793,33.964288,0.753,0.824,0.436,0.524,99.9,46.58644075005341,26.06878501192281,22.521897810218977,27400,12.279,1.647892364042317,7.819,100,44.1980267602681,16.8779557826563,38.9240174570756,12.320705333450574,3.53929996490479,1.40898210141146,9.81628458243044,0.2226756498335619,1.697,28.698558394160585,56.395338812823184,19.565157812322923,3780.6991925409625,23.06131685200507,101.474952697754,51.8,41.85302213463199,78.123,2895092,19.0870740495197,12.6938075118444,105.66029197080292,55.387,10104,75.87371384678971,15.866
821abfda-1e42-11e4-b4cd-db5882bf8def,2005-09-11,0,ALB,Fatos Nano,2002-07-31,2005-09-11,2002,2005,3.1156741957563314,0,0,0,0,0,0,0,0,0,0,0,0,Albania,7,57.983077,9,1,0.711,0.791,2,1,1,1,2,1,2,2,2,1,7,2,1,1,1.95305888357476,3,3,10.46,3,1,0,1,8,9,2.8715568,1289704315.92613,22117348.2320859,168872116.006135,0.317,0.72,26.3,0.72,0.762,0.427,0.52,99.4,54.29936819733599,20.33206363211398,19.635036496350363,27400,13.235,1.377857516901119,6.306,98.713944515892,46.9627184183368,15.1280883694977,37.9092865234277,47.76617094727826,3.28154993057251,1.35000497056322,3.259767691596448,0.050440697497346,1.803,28.30967153284672,66.48668055056278,18.84530872472372,2675.5086370967542,25.081606589708805,107.016143798828,6.04389,42.41814815253481,76.621,3011487,25.4710426645616,9.71988377100567,109.90828467153284,46.731,12718,70.87234677546716,15.966
82037a5c-1e42-11e4-b4cd-db5882bf8def,1973-05-25,0,ARG,Lanusse,1971-03-25,1973-05-25,1971,1973,2.1683778234086244,0,0,0,0,0,0,0,0,0,0,0,0,Argentina,2,60.540454999999994,1,0.01,0.4,0.5175,2,2,1,1,1,1,2,2,2,1,4,1,1,0,4.52716583890383,2,2,3.19,2,25,0,2,0,6,2.1396952,753211439.471146,1007698223.64199,2762982491.01437,0.5525,0.673,18.4,0.405,0.561,0.277,0.451,94.01413851342775,57.594506770074446,0.7235010206634614,8.945477931369647,2736690,24.343,3.6863642053496095,9.183,50.786170911756145,15.051310755712,22.7286545299633,61.3978195994159,14.226956732456252,1.78051996231079,1.84857142857143,1.9635266464697096,0.1139663046075032,3.198,43.46895472470901,93.37349898630508,11.952522488108624,9739.416270641852,43.35223993379024,105.710746765137,4.646745,35.82866154539711,66.323,25020588,29.6526490435127,6.89336131695549,9.142646043212784,80.158,516.5,13.322168511557578,6.48
82046e88-1e42-11e4-b4cd-db5882bf8def,1995-05-14,1,ARG,Menem,1989-07-08,1999-12-10,1989,1999,10.42299794661191,0,0,0,0,0,0,0,0,0,0,0,0,Argentina,3,55.473776,13,0.15,0.803,0.802,2,2,1,1,1,1,2,2,2,1,7,2,2,2,3.43405281678463,3,2,3.58,2,25,1,2,12,7,2.6195345,63600000,3810735752.69954,7265899809.15747,0.4945000000000001,0.747,25.3,0.602,0.849,0.65,0.84,93.8344650268555,62.97481024379222,6.936594495015889,9.904300450544271,2736690,20.974,3.311996671446407,7.535,40.2133850630456,12.9353739664141,23.7391253978291,63.3255006357569,-24.20044554812046,2.39101004600525,1.47307310721151,2.1739275897499706,0.5802189071693696,2.864,12.530100230570508,87.09209566652393,5.351464616272997,9969.331575797223,26.30121033554979,108.6207885742185,0.086277081,40.953546317938375,73.133,34946110,29.2814736747524,9.35935072601786,12.769480649982276,88.164,330,19.771423090375507,18.8
824e4084-1e42-11e4-b4cd-db5882bf8def,1983-03-11,0,AUS,Fraser,1975-11-11,1983-03-11,1975,1983,7.329226557152635,0,0,0,0,0,0,0,0,0,0,0,0,Australia,2,14.71343,83,1,0.347,0.391,2,2,1,1,98,3,2,2,2,2,7,2,2,1,7.54720666335993,1,1,2.67,1,5,1,5,82,10,3.2714405,900273193.4,3487243337.87288,9112545149.20482,0.2483,0.884,28.5,0.034,0.834,0.836,0.876,100,52.226766129381566,1.5433055533819957,2.5056298244015465,7682300,15.8,14.144859587232821,7.3,19.257558098599752,3.43405582302153,23.2501811631813,72.6483618220342,-53.47947454379599,5.36459016799927,2.51981181916526,1.6872800475218288,0.2922247070148281,1.924,29.638114690346885,92.84942864135525,2.15159942379354,30608.22944252985,25.220032578308192,106.835792541504,41.49448266,45.38365101942094,75.14634146341464,15393472,24.3355555156849,9.97297614599317,2.0037582494825767,85.641,25.5,29.175553819187805,5.965
824e715e-1e42-11e4-b4cd-db5882bf8def,1998-10-03,1,AUS,Howard,1996-03-11,2007-12-03,1996,2007,11.728952772073923,0,0,1,1,9,9,23,77,0,0,1,1,Australia,4,11.916034,98,0.79,0.251,0.424,2,2,1,1,98,3,2,2,2,2,7,2,2,1,8.00882083176871,1,1,3.46,1,5,1,5,97,10,3.5127478,501585257.221363,3113346094.05746,3709114127.2933,0.3107,0.891,35.3,0.034,0.926,0.845,0.886,100,49.855351883663005,1.1702282070407752,2.779115629433893,7682300,13.3,18.367107734136788,6.8,8.4340500156395,4.84923055310032,22.3821303347635,72.7686391121361,-108.32674987039816,5.50121021270752,1.87112181310612,1.9009500019357288,1.1676122666983406,1.762,17.21199640732593,93.87865070879003,3.0288167809381576,42966.7934047812,25.360803747199785,101.735740661621,30.81323944,43.1995707577183,78.63170731707318,18607584,21.0604270036659,12.2085563621798,2.422137120393632,84.503,25.5,39.99270246419116,7.684
824e715e-1e42-11e4-b4cd-db5882bf8def,2001-11-10,1,AUS,Howard,1996-03-11,2007-12-03,1996,2007,11.728952772073923,16,25,17,131,0,0,1,1,9,9,23,77,Australia,3,10.599736,101,1,0.251,0.424,2,2,1,1,98,3,2,2,2,2,7,2,2,1,8.41885076977307,1,1,3.44,1,5,1,5,100,10,3.5275118,486744685.823923,6378927379.65871,7836367076.06703,0.3171,0.9,36.8,0.034,0.931,0.845,0.885,100,49.30850691345906,1.2291578270378634,3.150098277859495,7682300,12.7,18.692632378577493,6.6,8.09845495284596,4.75430110832152,21.5283106335394,73.7173882581391,-135.64555102281832,5.22261571884155,1.87009387891872,2.823052146766128,3.524709280802194,1.739,17.128633351990942,98.0530884338196,3.4968801332198667,46190.38120780137,23.633520968275462,101.439407348633,52.6893,44.181018698747714,79.63414634146342,19274701,20.5556432263529,12.4689356388545,2.5089753068742437,84.1,25.5,44.21870449899774,6.747
824e715e-1e42-11e4-b4cd-db5882bf8def,2004-10-09,1,AUS,Howard,1996-03-11,2007-12-03,1996,2007,11.728952772073923,17,16,17,117,2,0,0,8,16,25,17,131,Australia,3,9.479927,104,1,0.251,0.424,2,2,1,1,98,3,2,2,2,2,7,2,2,1,8.80285238156583,1,1,3.17,1,5,1,5,103,10,3.4943507,824729101.175224,11112197911.8414,7631611220.5721,0.3329,0.908,33.9,0.034,0.93,0.84,0.88,100,48.66810302359174,1.1797493320610009,3.350949585410619,7682300,12.3,19.147721018734924,6.5,8.1866501908305,3.73788984710175,21.9709477452854,74.2911519660256,-125.59655312946192,5.19307231903076,1.82741076940486,6.980716853343118,1.5919447907958642,1.768,17.040066126029966,94.06821267120928,3.061605922538072,49901.01529578256,23.93491874100932,103.302062988281,41.49448266,44.556100092558346,80.49024390243903,19932722,19.9476177130945,12.788458411359,2.5946294729443005,84.463,11,37.00961359304424,5.399
824e715e-1e42-11e4-b4cd-db5882bf8def,2007-11-24,0,AUS,Howard,1996-03-11,2007-12-03,1996,2007,11.728952772073923,1,0,1,5,17,16,17,117,2,0,0,8,Australia,5,8.60513,107,1,0.251,0.424,2,2,1,1,98,3,2,2,2,2,7,2,2,1,8.08149723806276,1,1,3.03,1,5,1,5,106,10,3.4615014,1341851616.34835,12462106854.7875,14032855946.2167,0.3414,0.916,28.2,0.034,0.932,0.84,0.88,100,48.24343853579403,1.1690255962543925,3.010166226260365,7682300,14.1,19.224057359980893,6.7,8.64807246716794,3.32081335302302,21.9081050202671,74.7710816267099,-134.1001662314179,4.96966886520386,1.81227323422698,5.197717936876336,1.6866264502348185,1.959,16.95149890006899,94.293103951311,2.2060140143963904,52530.70189301245,25.66594093972304,105.422981262207,69.45,45.15637904918525,81.29268292682927,20827622,19.4336490128957,13.1097405249566,2.71111802454994,84.822,57,42.00802003263476,4.381
824e4086-1e42-11e4-b4cd-db5882bf8def,1996-03-11,0,AUS,Keating,1991-12-19,1996-03-11,1991,1996,4.227241615331964,9,9,23,77,0,0,1,1,0,0,0,0,Australia,4,12.837048,96,0.79,0.347,0.391,2,2,1,1,98,3,2,2,2,2,7,2,2,1,7.89758143981081,1,1,3.19,1,5,1,5,95,10,3.4870493,517894423.709037,3566405038.59482,6080449535.80135,0.3094,0.884,36.6,0.034,0.918,0.85,0.889,100,50.113008329504616,1.2290255979902365,2.498340340783359,7682300,13.9,17.14015877404633,7,9.22972782400226,4.84372039271434,22.968747202609,72.1875324046766,-92.13294241992516,5.50121021270752,1.93044006740518,1.137173234782774,1.2474142000926547,1.796,17.265837054007264,93.64822076296562,3.3788369450761766,40336.299145871846,25.957853862891778,101.932456970215,3.27524987,42.91009520641569,78.07804878048782,18224767,21.3775259624292,12.0059963170674,2.372306080210353,84.767,25.5,38.23305335473346,8.509
824e4082-1e42-11e4-b4cd-db5882bf8def,1972-12-05,0,AUS,McMahon,1971-03-10,1972-12-05,1971,1972,1.7412731006160165,0,0,0,0,0,0,0,0,0,0,0,0,Australia,3,14.71343,72,1,0.347,0.391,2,2,1,1,98,3,2,2,2,2,7,2,2,1,7.43320917642389,1,1,2.77,1,5,1,5,71,10,3.0158162,228958923.3,499181734.339522,1656629584.82058,0.2674,0.884,25.3,0.045,0.747,0.814,0.867,100,58.52020540138021,1.8718114980777256,2.218996914986397,7682300,20.1,12.746626698034452,8.3,19.257558098599752,3.43405582302153,23.2501811631813,72.6483618220342,-17.40751329733965,5.50121021270752,2.68562060485785,2.0253587489294453,0.2474420189947695,2.744,29.638114690346885,91.30558851050576,2.15159942379354,27519.722675650133,25.220032578308192,110.875770568848,41.49448266,45.38365101942094,71.45756097560977,13177000,28.4501220404023,8.46643519584527,1.7152415292295276,84.32,25.5,24.758120636630977,5.965
8255e1cb-1e42-11e4-b4cd-db5882bf8def,2013-09-18,0,AUS,Rudd,2013-06-27,2013-09-18,2013,2013,0.2272416153319644,8,15,12,74,2,1,0,10,14,15,17,103,Australia,5,8.558689,113,1,0.251,0.424,2,2,1,1,98,3,2,2,2,2,7,2,2,1,6.98815610522221,1,1,3.00836,1,5,1,5,112,10,3.4687328,2461137536.76136,8301883828.2947,13623486068.1443,0.3482,0.929,41.0922,0.037,0.931,0.818,0.86,100,49.984637166048046,2.138830763347635,4.063991252619658,7682300,13.3,17.53120626402594,6.4,13.2641083883167,2.61818786659868,20.4516291121862,76.9301917296687,-172.43834034344908,5.5196270942688,1.6391801995446105,3.4535367686306917,-0.0487988797369922,1.855,17.14006742772347,93.70804882449004,2.2852850020651143,55734.5743411489,25.18698229855377,105.802581787109,83.4535,45.74610646516879,82.14878048780488,23128129,18.9256202512991,14.4008825109393,3.010573526157531,85.502,27,41.25019106374537,5.663
82168d8f-1e42-11e4-b4cd-db5882bf8def,1970-03-03,0,AUT,Klaus,1964-04-02,1970-03-03,1964,1970,5.916495550992471,0,0,0,0,0,0,0,0,0,0,0,0,Austria,3,14.71343,25,1,0.652,0.712,2,2,1,2,98,3,2,2,2,2,7,2,2,1,4.63701713700057,1,1,2.29,2,15,1,5,24,10,2.6166139,16576923.37,266392766.383356,224955718.560968,0.3282,0.884,32.4,0.055,0.664,0.713,0.832,100,62.40244981937367,9.877840611579463,19.219583131362093,82520,15,7.05281819440676,13.2,19.257558098599752,3.43405582302153,23.2501811631813,72.6483618220342,55.955582391587775,4.14716005325317,1.38013012131531,0.732777982692639,0.0562674616093326,2.29,29.638114690346885,88.99204257987063,2.15159942379354,18101.99194773224,25.220032578308192,102.011859893799,41.49448266,45.38365101942094,69.91463414634147,7467086,24.3697557787526,14.054812662933,90.48819680077555,65.258,25.5,54.86039078201226,5.965
8216ef37-1e42-11e4-b4cd-db5882bf8def,2000-02-04,0,AUT,Klima,1997-01-28,2000-02-04,1997,2000,3.0171115674195756,2,1,0,10,3,5,9,31,0,1,2,4,Austria,2,20.713776,55,1,0.857,0.929,2,2,1,2,98,3,1,2,2,2,5,2,1,0,5.90026555773448,1,1,3.82,2,12,1,5,54,10,3.1170292,1804517334,344193765.525911,276813759.885002,0.3491,0.87,37.7,0.086,0.928,0.787,0.86,100,48.059013184472846,11.25575227754226,16.95346582646631,82520,9.8,8.332827814187638,9.6,72.5440090857467,6.05078317146185,30.0245893328607,63.9246274956774,65.75385172678044,5.58880996704102,0.98031858008593,4.308900394190173,2.792589613669845,1.36,46.51163354338343,76.53529223461383,1.6473002129897931,38842.89051958305,28.284802034095595,101.86939239502,33.7301,43.948510943667024,78.1268292682927,8011566,17.046335286558,15.413033147977,97.0863548230732,60.213,33,85.3604956179232,4.694
8216ef38-1e42-11e4-b4cd-db5882bf8def,2002-11-24,1,AUT,Schussel,2000-02-05,2007-01-11,2000,2007,6.93223819301848,3,4,10,30,2,1,0,10,3,5,9,31,Austria,2,20.201284,57,1,0.857,0.929,2,2,1,2,98,3,1,2,2,2,7,2,1,1,5.83773895335008,1,1,3.02,2,12,1,5,56,10,3.1495168,1985329834,328925443.291751,223344442.844548,0.3483,0.878,33.9,0.098,0.935,0.787,0.86,100,47.16863663429619,10.510055569634575,16.78380998545807,82520,9.7,9.028258873438698,9.4,69.0129476493263,5.75868767194551,28.8522342298336,65.389078098220807,67.71055328606258,5.52213001251221,0.8835278365730901,0.0645287977951281,2.696162435995293,1.39,46.57237033446437,77.31087416751208,1.5627744114919595,39636.48261145213,27.38807848202851,102.810722351074,36.56,44.68806148693254,78.67804878048783,8081957,16.6177352323161,15.433002037878,97.93937227338829,59.655,72,86.94816799966057,4.86
8216ef38-1e42-11e4-b4cd-db5882bf8def,2006-10-01,0,AUT,Schussel,2000-02-05,2007-01-11,2000,2007,6.93223819301848,9,7,7,57,2,4,1,17,3,4,10,30,Austria,2,18.908767,61,1,0.857,0.929,2,2,1,2,98,3,2,2,2,2,7,2,1,1,6.53752682973786,1,1,3.71,2,12,1,5,60,10,3.2155108,2517171820.75859,516029069.31833,467827136.424652,0.3748,0.893,35.1,0.089,0.934,0.79,0.865,100,47.99108900683985,9.91004216776768,16.689287445467766,82520,9.4,9.39945270329187,9,65.5155251581415,5.24447601663644,28.161403629699,66.5941460732272,70.201671494066,5.22652006149292,0.785813244459197,3.122533350046896,4.784062402208457,1.41,46.69384391662628,74.69833424034242,1.303189458617389,42496.35105168305,27.259370830407757,102.310897827148,63.6,45.84500346360295,79.88048780487806,8268641,15.7715384577704,16.656826238438,100.201660203587,58.532,30,98.08831120534364,5.32
8216ef36-1e42-11e4-b4cd-db5882bf8def,1990-10-07,1,AUT,Vranitzky,1986-06-16,1997-01-28,1986,1997,10.620123203285422,0,0,0,0,0,0,0,0,0,0,0,0,Austria,1,25.031394,45,1,0.614,0.712,2,2,1,2,98,3,1,2,2,2,7,2,2,1,5.2282773886174,1,1,3.17,2,12,1,5,44,10,2.9651499,634832336.4,203853662.481751,361937812.931199,0.3404,0.823,35.6,0.077,0.895,0.783,0.86,100,48.07348352857635,9.58581546257281,17.28065923412506,82520,11.8,8.020800093776252,10.8,66.2021259331386,3.43405582302153,23.2501811631813,72.6483618220342,67.29646302266313,4.95725011825562,1.19566026670559,0.3922784553333752,1.0218463285177202,1.46,45.75460494425593,79.1323454283578,3.0971198738227224,31340.681292716505,29.56086330327697,98.6800689697266,0.130369377,45.38365101942094,75.56829268292685,7677850,17.5231734314364,14.9427919646598,93.04229277750848,62.96,25.5,71.48836947171058,5.965
8216ef36-1e42-11e4-b4cd-db5882bf8def,1994-10-09,1,AUT,Vranitzky,1986-06-16,1997-01-28,1986,1997,10.620123203285422,2,3,4,18,0,0,0,0,0,0,0,0,Austria,1,23.306285,49,1,0.614,0.712,2,2,1,2,98,3,1,2,2,2,7,2,2,1,5.06906098867438,1,1,3.87,2,12,1,5,48,10,3.024993,844941223.1,168261252.127175,203725564.839152,0.3392,0.841,40.8,0.077,0.901,0.784,0.859,100,48.88409875431488,10.720499831744652,17.244304411051868,82520,11.6,7.7024434364509196,10.2,70.8027096006601,7.19650266139306,32.4630457794064,60.3404515592005,67.11193106104338,5.50121021270752,1.09445307622703,1.0198841055909662,0.6097302036159358,1.47,46.05741638390693,77.58570757509024,2.37154589541966,32962.8174189767,28.41340015562168,102.913787841797,1.393422968,43.19609854689983,76.41951219512195,7936118,17.8317758540407,15.001880820857,96.17205525933107,61.87,60,65.98709339706959,3.535
8216ef36-1e42-11e4-b4cd-db5882bf8def,1995-12-17,1,AUT,Vranitzky,1986-06-16,1997-01-28,1986,1997,10.620123203285422,2,3,4,18,0,0,0,0,0,0,0,0,Austria,2,22.942026,50,1,0.614,0.712,2,2,1,2,98,3,1,2,2,2,7,2,1,1,5.3897901489669,1,1,3.59,2,12,1,5,49,10,3.0401413,1012422485,176487434.469027,200732592.06099,0.3379,0.847,37.6,0.077,0.914,0.779,0.856,100,49.10509121299352,10.33783545438133,17.135239941832285,82520,11.2,8.061884599406312,10.2,70.5063612309254,7.33562291546529,32.1010601549952,60.5633169295395,67.25321851118538,5.42834997177124,1.07323205206951,0.7571785804355673,0.4495356779978342,1.42,46.13311924381968,77.98279868095946,2.15859633228818,33790.484985750394,28.851531988081,102.925872802734,1.890210524,43.5549374460342,76.66829268292685,7948278,17.8161363195819,15.1170734748695,96.31941347552107,61.596,49,68.25660110272,4.353
8232f98b-1e42-11e4-b4cd-db5882bf8def,2005-08-26,0,BDI,Ndayizeye,2003-04-30,2005-08-26,2003,2005,2.324435318275154,0,0,0,0,0,0,0,0,0,0,0,0,Burundi,3,68.913749,1,0.23,0.532,0.5295,2,2,1,1,1,1,1,0,1,0,3,0,0,0,0.904111971360451,5,3,2.5024627361402,2,25,1,4,0,6,1.2513356,71562.1616149131,0,0,0.4581,0.342,18.6,0.845,0.663,0.15,0.299,3.2,92.31682609619077,0.6898849204712305,37.22741433021807,25680,46.03,0.0250105767130417,12.841,98.0449657869013,90.5524569517153,2.50135574170143,6.94618730658331,43.314645238693906,3.632159948349,4.43619004108442,0.052340421321761,0.14595174066455335,6.708,7.552180685358256,56.65302916965624,40.84812339229493,294.7387733866606,16.933003598610878,86.9328231811523,0.542143,51.27783032942476,53.023,7388874,45.6149377012697,2.38753547647886,287.728738317757,9.375,438695,35.09999884129365,3.15
820aeace-1e42-11e4-b4cd-db5882bf8def,1995-05-21,1,BEL,Dehaene,1992-03-07,1999-07-12,1992,1999,7.345653661875428,0,0,0,0,0,0,0,0,0,0,0,0,Belgium,4,25.015536,102,0.79,0.532,0.6305,2,2,1,1,98,3,2,2,2,2,8,2,1,2,7.80470763588137,1,1,9.35,2,25,1,5,51,10,2.8896086,4936722168,52758.7814935192,0,0.3247,0.864,42,0.047,0.924,0.816,0.881,100,51.33245809578805,20.28564035218056,17.262481822588462,241930,11.4,12.076431137958476,10.3,0.908645736982426,2.67860225798179,28.250550420291,69.0708209637581,77.64908961267052,2.98866009712219,1.56575215144642,3.71102444734668,4.028461521285425,1.56,29.638114690346885,77.40569753026469,1.306623478365388,31329.89207275097,26.04581424881384,103.540107727051,0.99166299,41.41504598020098,76.84073170731709,10136811,17.9633128542897,15.9570124330399,70.98192366238393,96.777,5,116.3785678213266,9.337
820aeace-1e42-11e4-b4cd-db5882bf8def,1999-06-13,0,BEL,Dehaene,1992-03-07,1999-07-12,1992,1999,7.345653661875428,0,0,1,1,2,2,2,14,0,0,0,0,Belgium,4,23.02444,106,1,0.857,0.929,2,2,1,1,98,3,2,2,2,2,7,2,1,1,8.3789493043767,2,1,10.29,2,25,1,5,55,10,2.9566302,4466878906,46228.5082937979,0,0.3274,0.879,42.8,0.031,0.935,0.82,0.883,100,52.329710449857714,22.361276917588658,17.262481822588462,241930,11.2,12.038720494437008,10.3,1.01960031667586,2.39302003471448,25.7711699481787,71.8358100171068,75.77244366752191,5.50121021270752,1.38583555922092,46.34845714850712,47.35961073754266,1.62,29.638114690346885,75.79014289912543,1.0762353306293322,34479.906448469534,24.7258443400042,101.967742919922,13.77221446,42.89759580599094,77.61951219512196,10226419,17.6501670714164,16.7027549924222,70.98192366238393,97.065,15,125.16999054094876,8.649
82511d04-1e42-11e4-b4cd-db5882bf8def,2014-10-11,0,BEL,Di Rupo,2011-12-06,2014-10-11,2011,2014,2.847364818617385,0,0,0,0,0,1,2,4,0,0,0,0,Belgium,3,16.185852,121,1,0.857,0.912,2,2,1,1,98,3,2,2,2,2,8,2,1,2,7.489392344618,1,1,9.447867,2,25,1,5,70,8,3.117666,12161003266.0421,0,0,0.318,0.922,47.719,0.031,0.947,0.842,0.903,100,53.85912099656389,18.589631022201537,26.981505944517835,30280,11.2,8.695512923165614,9.3,17.0806411009482,1.21816556033436,21.3930693328736,77.3887651067921,76.25886030281166,6.59046983718872,0.970959791148112,-2.840147495087677,-0.078116929933105,1.74,22.76796565389696,72.65250483564859,0.637835968092569,40421.4207919096,19.674826484051124,103.104873657227,85.0012,46.06531609427415,81.28780487804877,11209057,16.9897607733501,18.0157189186848,370.1802179656539,97.833,76,158.78321591907562,8.523
820ab9fc-1e42-11e4-b4cd-db5882bf8def,1974-04-24,0,BEL,Leburton,1973-01-26,1974-04-24,1973,1974,1.2402464065708418,0,0,0,0,0,0,0,0,0,0,0,0,Belgium,2,14.71343,81,1,0.157,0.456,2,2,1,1,98,3,2,2,2,2,7,2,2,1,8.08006426594383,1,1,6.1,2,25,1,5,30,10,2.423074,682357429.334024,6789707.19719248,0,0.3282,0.884,40.9,0.041,0.811,0.771,0.852,100,57.507830730503926,0.131215823303057,17.262481822588462,241930,12.7,14.835364713690645,11.9,19.257558098599752,3.43405582302153,23.2501811631813,72.6483618220342,86.35342362604169,5.50121021270752,2.7614161880379102,2.0291585667567498,0.8548522018262825,1.83,29.638114690346885,99.89391042234143,2.15159942379354,21480.26131705304,25.220032578308192,104.727439880371,41.49448266,45.38365101942094,71.98585365853658,9772419,22.6324125766118,13.878680359536,70.98192366238393,94.358,25.5,105.27107760129554,5.965
820a892b-1e42-11e4-b4cd-db5882bf8def,1965-07-27,0,BEL,Lefevre,1961-04-25,1965-07-27,1961,1965,4.254620123203286,0,0,0,0,0,0,0,0,0,0,0,0,Belgium,2,14.71343,72,1,0.453,0.456,2,2,1,1,98,3,2,2,2,2,7,2,2,1,5.91768422045909,1,1,3.96,2,25,1,5,21,9,2.3147357,682357429.334024,0,0,0.3282,0.884,35.9,0.041,0.724,0.768,0.848,100,57.76764595854552,0.0793242141232911,17.262481822588462,241930,16.4,9.118305739443487,12.2,19.257558098599752,3.43405582302153,23.2501811631813,72.6483618220342,58.107180876027975,5.50121021270752,2.97306360209053,2.030641506788335,1.6866264502348185,2.61,29.638114690346885,99.92680008182006,2.15159942379354,14384.565971331804,25.220032578308192,102.011859893799,41.49448266,45.38365101942094,70.62536585365855,9463667,23.9562211889764,12.6594286336586,70.98192366238393,93.137,25.5,67.46431546018546,5.965
82511d02-1e42-11e4-b4cd-db5882bf8def,2011-12-06,0,BEL,Leterme,2009-11-25,2011-12-06,2009,2011,2.028747433264887,0,0,0,0,2,0,0,8,0,0,0,0,Belgium,4,17.961253,118,1,0.857,0.912,2,2,1,1,98,3,2,2,2,2,8,2,1,2,7.84628893234497,1,1,10.04,2,25,1,5,67,8,3.0989954,11728548904.613,0,0,0.3105,0.914,43.4,0.031,0.944,0.835,0.898,100,52.25903666392126,23.24318162871486,27.24570673712021,30280,11.7,9.44386726028658,9.4,9.41087918754353,1.3005247930685,23.2336846489351,75.4657683096893,71.38626298760387,6.43199014663696,1.05221776971326,31.26598334890303,24.67006824991876,1.81,22.779260237780715,70.25449592628259,0.648034219951815,39929.09514393591,20.777896404958085,101.269889831543,81.61,45.42089247413252,80.58536585365854,11038264,16.9536067500674,17.3688456076802,364.5397622192867,97.698,88,161.49372366463297,7.14
820aeacf-1e42-11e4-b4cd-db5882bf8def,2003-05-18,1,BEL,Verhofstadt,1999-07-12,2008-03-20,1999,2008,8.68993839835729,0,0,0,0,0,2,3,7,0,0,1,1,Belgium,4,21.405951,110,1,0.857,0.929,2,2,1,1,98,3,2,2,2,2,8,2,1,2,8.41694524418121,1,1,8.84,2,25,1,5,59,10,3.0303595,5778136096.27102,0,0,0.3154,0.893,44.2,0.031,0.94,0.824,0.886,100,52.47776125074834,21.453005432336223,27.575957727873185,30280,11,11.889940115455342,10.3,1.42650279436579,1.72110023385995,24.9192754931024,73.3596242730377,76.3854081453545,5.89130210876465,1.21498815616525,10.864874487751838,12.281732943430852,1.67,22.261261558784675,75.23284587397795,1.0294445025288033,36617.38038402271,23.22665488858116,103.77693939209,49.97,43.10862803123193,78.12926829268292,10376133,17.3742679739935,17.0424022454878,342.672820343461,97.296,40,132.71555283388844,7.68
820aeacf-1e42-11e4-b4cd-db5882bf8def,2007-06-10,0,BEL,Verhofstadt,1999-07-12,2008-03-20,1999,2008,8.68993839835729,0,0,0,0,1,0,2,6,0,0,0,0,Belgium,4,19.75638,114,1,0.857,0.929,2,2,1,1,98,3,2,2,2,2,8,2,1,2,8.35211279027495,1,1,9.04,2,25,1,5,63,8,3.0783648,8991846090.58459,0,0,0.3312,0.907,44.9,0.031,0.94,0.832,0.892,100,51.51394164395414,22.39314979094136,27.70805812417437,30280,11.7,10.631506630151426,9.5,3.98272552783109,1.8563215168559,24.4302468637766,73.7134544108604,74.38493063795727,5.51823377609253,1.09801876439276,20.502674006232755,17.722256045095513,1.82,22.559412153236455,72.66654993028439,0.8875239400393867,40290.22775639559,22.281952477002864,102.451301574707,66.7604,44.69517285831379,79.7829268292683,10625700,16.9549601868234,17.0445159574426,350.91479524438574,97.505,53,152.46844687530285,7.459
822c1b9b-1e42-11e4-b4cd-db5882bf8def,1991-04-04,0,BEN,Kerekou,1972-10-27,1991-04-04,1972,1991,18.43394934976044,0,0,0,0,0,0,0,0,0,0,0,0,Benin,2,50.273019500000004,1,0.01,0.452,0.3795,2,2,1,1,98,1,2,2,2,2,8,2,2,2,1.23838962850904,3,2,9.62,2,13,1,4,0,6,1.2603087,117970527.6,0,75182486.7584032,0.4871,0.355,12.7,0.543,0.775,0.368,0.47,28.3,97.23684499807908,0,14.36679673643136,112760,45.135,0.0660111398994076,14.461,0,55.7099609695461,16.8520560169542,27.4379340356431,-6.927512619570209,3.8420401811599696,1.3557285779782702,0.0198255555852335,-6.060445713642685,6.667,42.25922312876907,3.854705080911099,35.04377349815832,779.4233089961311,11.982630421404192,55.5559501647949,0,40.9405063413037,53.624,5293046,45.6363354518679,3.66320297076607,46.94081234480312,35.247,91,51.34471683554863,1.639
822c4c6e-1e42-11e4-b4cd-db5882bf8def,1996-04-04,0,BEN,"Soglo, N",1991-04-04,1996-04-04,1991,1996,5.002053388090349,0,0,0,0,0,0,0,0,0,0,0,0,Benin,2,63.305516,6,0.01,0.452,0.3795,2,2,1,1,98,1,2,1,2,1,8,2,1,2,1.23449382194728,2,2,13.77,2,13,1,4,5,6,1.348729,84917981.8711026,0,18287066.2730868,0.4871,0.385,21.2,0.606,0.85,0.514,0.623,14.5,96.09247530297984,0,17.29336644200071,112760,43.453,0.1731986215033866,12.927,0,54.0633981737958,17.6206405679116,28.3159195736495,10.604862313190464,3.8420401811599696,1.3557285779782702,-0.6209458148435191,-1.1967695671417384,6.261,39.15528556225612,13.33205008213273,35.70530039178936,817.8497351546661,13.26694099319789,69.8507385253906,0.0016931,43.06939942614356,55.558,6203860,45.5981517958174,3.40550882837459,55.01826888967719,37.071,42,56.51779144563671,1.25
365240e8-3bbd-11e5-afeb-eb6f07f9fec7,2001-07-15,0,BGD,Hasina Wazed,1996-06-23,2001-07-15,1996,2001,5.059548254620124,0,0,0,0,0,0,0,0,0,0,0,0,Bangladesh,4,64.989768,11,0.01,0.328,0.481,2,2,1,1,1,3,0,2,1,1,4,1,1,0,0.459293276215999,4,3,2.83,1,1,0,8,10,6,1.6619096,2104551469.14176,1944392049.21997,40324728.3685067,0.4459,0.498,17.3,0.802,0.618,0.267,0.503,35,68.50638825884258,0.344167906878256,63.78581854497965,130170,28.49,0.2436468601421713,6.75,5.70952161913524,58.0577753633735,11.0677936049598,30.8744353191137,18.820144540340795,2.17193007469177,1.28842277551655,0.1454439045699244,0.0381543024058049,3.146,14.727890450948758,60.72303709922142,21.848340581525864,666.300049997793,22.58381187422126,94.2771072387695,0.129808,23.71092175100937,66.135,131670484,36.8215146076322,3.8335542990789,1011.5271107013904,24.096,5544,32.09801707301166,3.614
3651f2c8-3bbd-11e5-afeb-eb6f07f9fec7,1996-03-30,0,BGD,Khaleda Zia,1991-03-20,1996-03-30,1991,1996,5.02943189596167,0,0,0,0,0,0,0,0,0,0,0,0,Bangladesh,1,66.008023,6,0.01,0.328,0.481,2,2,1,1,1,3,1,2,2,1,3,1,1,0,0.406538705057204,4,2,4.61,1,1,0,8,5,6,1.5713873,1344661208.65883,867316888.765762,22858832.8413584,0.4477,0.446,17.8,0.794,0.649,0.268,0.504,21.1443862915039,76.06498377554341,0.3115381977431384,64.20066067450257,130170,29.952,0.1798462068595252,9.478,6.44064842252048,62.9712836130016,9.53049493506682,27.4982214519316,18.95421722753712,2.89752995967865,1.5390735944898,0.0291349551912921,0.0269173299693471,3.504,14.752469078896826,56.07741741060194,23.266208049769023,575.0362964726677,21.68391657286185,94.2771072387695,0.348414425,22.44550619792448,59.492,119876868,39.6795481009731,3.52324061386055,920.9254666973956,22.064,57962,26.07608772338093,2.51
821f53db-1e42-11e4-b4cd-db5882bf8def,2001-07-21,0,BGR,Kostov,1997-05-21,2001-07-21,1997,2001,4.167008898015058,5,6,2,34,1,0,0,4,3,7,5,31,Bulgaria,27,56.83714,12,1,0.857,0.725,2,2,1,1,1,1,1,2,2,1,5,2,1,0,3.46869310330254,3,1,3.91,2,25,1,1,9,9,2.9194586,826200309.55945,755103.70843494,7192282.11091083,0.3622,0.732,27.6,0.384,0.921,0.602,0.698,88.6,47.573074923192976,26.786383087216915,31.338696556087857,110630,8.5,6.269398145269493,14,3.98998483943584,9.69357826709979,32.7673723902879,57.5390493426123,46.58430532006188,3.38423991203308,2.86251954387639,5.731626859211392,0.0681120556990967,1.21,30.834312573443007,73.1454631425634,10.603253242166442,3941.2756908212864,23.980881725726867,105.339256286621,7.6123,47.27297066581665,71.76829268292684,8009142,15.2088825935435,17.0280803257256,72.39575160444726,69.166,2122,79.08136874776677,19.921
821f2306-1e42-11e4-b4cd-db5882bf8def,1991-11-08,0,BGR,Popov,1990-12-07,1991-11-08,1990,1991,0.919917864476386,0,0,0,0,0,0,0,0,0,0,0,0,Bulgaria,13,58.716343,2,1,0.477,0.6105,2,2,1,1,1,1,0,2,2,2,5,1,2,1,4.12080920246242,3,2,4.12,2,25,1,1,0,7,2.7607715,380241218.113463,1575444.12859317,14781641.464364,0.2913,0.698,33.4,0.322,0.866,0.513,0.62,100,52.24585746391942,16.398720943943534,34.92723492723493,110630,11.1,7.4964375356145085,12.8,5.973765356566,15.1983762857565,43.3427376374629,41.4589143802641,61.22515794454845,5.42961978912354,3.04323157297492,0.5108032424465733,-0.0554664701547531,1.66,30.116604899213595,81.87300482864464,15.390567428150332,4097.192110025014,39.75386882829772,97.5340881347656,0,48.80331602950972,71.5609756097561,8632367,19.9376884711346,14.3790852670773,78.02916930308234,66.717,2733,82.68238761974945,11.1
821f53dc-1e42-11e4-b4cd-db5882bf8def,2005-08-16,0,BGR,Saksgoburggotski,2001-07-24,2005-08-16,2001,2005,4.0629705681040384,2,1,9,19,0,1,2,4,5,6,2,34,Bulgaria,27,55.758825,16,1,0.857,0.8195,2,2,1,1,1,1,1,2,2,1,6,2,1,1,3.73300130156011,2,1,5.8,2,25,1,1,13,9,2.9909837,1612912427.00584,0,24124588.0008765,0.3611,0.765,32.3,0.384,0.927,0.609,0.7,90.6,45.71662151572096,25.7649654368697,29.20655375552283,108640,9.3,6.834624803433151,14.8,9.87446556899845,8.93877765118014,34.2419147935972,56.8193075552227,46.48048214187172,4.10879993438721,2.2353502672636703,13.720479005991152,0.3124910361830909,1.37,32.7319587628866,72.96125477667375,7.283685728894337,5236.086372343693,24.23239858400876,110.920433044434,19.97,46.6806362017486,72.5609756097561,7658972,13.7393674638652,17.6342858612517,70.49863770250369,70.584,4250,99.71421121273814,10.083
825272da-1e42-11e4-b4cd-db5882bf8def,2009-07-27,0,BGR,Stanishev,2005-08-16,2009-07-27,2005,2009,3.9452429842573578,1,1,3,9,0,1,0,2,2,1,9,19,Bulgaria,28,54.389668,20,1,0.857,0.8195,2,2,1,1,1,1,1,2,2,1,6,2,1,1,3.48374565191821,2,2,4.4,3,1,0,1,17,9,3.0642612,1591794627.63678,1534394.78917974,24841526.225958,0.3546,0.784,33.4,0.501,0.922,0.596,0.697,92.9,46.63834269925742,24.218377824522893,28.97936624907885,108560,10.9,6.24041315112494,14.5,8.77279913168637,7.08889427635879,35.2371424450452,57.6739325904762,43.787234898149634,4.27429008483887,1.73951150062383,7.490157326134797,0.6943877831878925,1.66,34.08990420044215,73.0238178824845,4.235785659661227,6294.433391634013,26.567340514432168,102.061912536621,45,46.70055986535783,73.41219512195123,7444443,13.6080811181998,18.1969303324261,68.57445652173914,71.963,2743,92.69264560363747,6.817
81deda9d-1e42-11e4-b4cd-db5882bf8def,2007-05-04,0,BHS,Christie,2005-06-22,2007-05-04,2005,2007,1.864476386036961,0,0,0,0,1,0,1,5,0,0,0,0,Bahamas (the),2,25.911441,35,0.22,0.391,0.603,2,2,1,1,3,3,2,2,2,2,6,2,2,1,1.84338547209479,1,1,2.13,1,1,1,10,20,9,2.6292323,0,0,0,0.5641,0.8,22.9,0.159,0.8494999999999999,0.642,0.7585,100,49.76007637359417,0.3865161415518239,0.6993006993006993,10010,15.392,3.407089295599805,6.024,0,2.30291799691902,17.9572905271148,79.7397914759662,-29.80889606388346,4.33057999610901,0.7291365225325854,6.718093411964582,4.324877617405357,1.852,50.935064935064936,0,1.0933912457126067,33162.16157660349,9.25945110064285,95.1187591552734,27,47.74357418671493,72.678,357666,27.3597052002354,5.86691792493846,35.73086913086913,82.302,14,88.01281556250788,7.88
3500baa8-3bbd-11e5-afeb-eb6f07f9fec7,2012-05-08,0,BHS,Ingraham,2007-05-04,2012-05-08,2007,2012,5.0130047912388775,1,0,0,4,0,0,0,0,0,1,1,3,Bahamas (the),2,24.289626,40,0.24,0.391,0.603,2,2,1,1,3,3,2,2,2,1,6,2,2,1,2.37804219603477,1,1,2.418103,1,1,1,10,20,9,2.6292323,0,0,0,0.5332,0.803,25.37618,0.159,0.8494999999999999,0.642,0.7585,100,46.25520137503876,0.3865161415518239,0.7992007992007992,10010,14.114,2.616859611423307,6.491,0,3.64324917672887,12.6706915477497,83.6860592755214,-29.80889606388346,2.38704514503479,0.7291365225325854,4.908082645399002,1.477580150179563,1.744,50.935064935064936,90.17412252962863,1.0727111608600344,30575.16132096805,13.033907000606316,86.7748336791992,71.7482,47.599654565446166,72.753,382061,25.1573701581685,6.46899317124752,38.16793206793207,82.532,195,84.2507345739471,14.02
81dea9cc-1e42-11e4-b4cd-db5882bf8def,1992-08-21,0,BHS,Pindling,1967-01-16,1992-08-21,1967,1992,25.596167008898014,0,0,0,0,0,0,0,0,0,0,0,0,Bahamas (the),2,33.230287,20,0.28,0.399,0.5545,2,2,1,1,3,3,2,2,2,2,6,2,2,1,4.1171866606604,2,1,1.99,1,1,1,10,20,9,2.6292323,43025001.85860335,0,0,0.5525,0.762,19.1,0.159,0.8494999999999999,0.642,0.7585,100,56.42485063324846,0.3865161415518239,0.6993006993006993,10010,26.442,2.863394722189713,5.799,0,5.25085281637407,15.2999417588818,79.4483734087695,-29.80889606388346,4.33057999610901,0.7291365225325854,0.0096494049533612,0.0096494049533612,2.793,50.935064935064936,90.17412252962863,2.663010614345449,27968.693828029744,15.417272434866517,96.2285919189453,0,46.34543959626889,70.668,281973,31.4587415439449,4.61286118327142,28.169130869130868,80.293,35,101.46156320360244,14.81
81e4f53d-1e42-11e4-b4cd-db5882bf8def,1989-11-07,0,BLZ,Esquivel,1984-12-17,1989-11-07,1984,1989,4.889801505817933,0,0,0,0,0,0,0,0,0,0,0,0,Belize,1,52.881085,9,0.23,0.471,0.5355,2,2,1,1,3,3,2,2,2,2,8,2,2,2,3.459625288275435,2,1,2.07,1,1,0,10,20,9,2.5686946,21950000.76,0,0,0.5525,0.727,15.800000000000002,0.159,0.8494999999999999,0.642,0.7585,96.5,94.15350181446792,0.3865161415518239,2.2797018851380977,22810,36.731,0.5422647527910686,5.59,0.3540954733318835,6.89187302428319,21.6366728682845,66.3990797855364,-29.80889606388346,4.33057999610901,1.1993322318601098,5.052367303468346,0.2844496337073331,4.762,50.73138288304493,90.17412252962863,17.291266668767957,3838.2842692612894,20.4656833718971,108.950843811035,21.54935,40.74407197113463,70.724,178695,44.3519526342445,4.14226515085803,7.834064007014467,47.655,35,104.32560004066984,10.085
81e4f53d-1e42-11e4-b4cd-db5882bf8def,1998-08-28,0,BLZ,Esquivel,1993-07-03,1998-08-28,1993,1998,5.152635181382615,0,0,0,0,0,0,0,0,0,0,0,0,Belize,1,51.631378,18,0.79,0.471,0.5355,2,2,1,1,3,3,2,2,2,1,7,2,1,1,10.7792164864091,1,1,1.98,1,1,0,10,20,9,2.876304,23400000,0,0,0.5525,0.642,13.8,0.159,0.8494999999999999,0.642,0.7585,77.5814056396484,81.58015840337151,0.3865161415518239,2.8057869355545813,22810,31.322,0.7740977381762241,5.863,41.5094339622642,25.015357415759,17.9839084248535,57.0007341593875,-29.80889606388346,4.33057999610901,0.7291365225325854,1.9049145321989336,0.4856722603340057,3.785,65.21025865848313,90.17412252962863,10.67023595183486,4923.842543515435,20.57995426317871,100.3448944091797,2.091516391,33.17370036077908,68.599,224907,41.00339251335,3.92451102011053,9.860017536168348,45.793,35,85.51353359036223,14.31
81e4f53e-1e42-11e4-b4cd-db5882bf8def,2008-02-08,0,BLZ,Musa,1998-08-28,2008-02-08,1998,2008,9.44832306639288,0,0,0,0,0,0,0,0,0,0,0,0,Belize,2,49.161959,28,0.6,0.471,0.5355,2,2,1,1,3,3,2,2,2,2,6,2,1,1,8.96740114898628,2,1,2.03,1,1,0,10,20,9,3.2010343,76489003.3131694,0,137041654.958641,0.56,0.709,18.9,0.159,0.8494999999999999,0.642,0.7585,86.1,68.29175636317589,0.3865161415518239,3.0688294607628235,22810,24.033,0.4910508357024383,4.935,94.7475859538063,18.9218136379864,16.7815523759829,64.2966339860306,-29.80889606388346,4.3199200630188,1.08251738711146,9.796543504613856,0.1592306157055154,2.799,61.59456378781236,90.17412252962863,8.365059703646487,6147.6909273834945,20.26772657084273,114.764373779297,26.3,35.8661847524586,71.151,305671,36.6653417148802,3.91416929612345,13.400745287154756,45.262,18,105.85962869410648,8.18
81e4f53c-1e42-11e4-b4cd-db5882bf8def,1984-12-17,0,BLZ,Price,1961-04-07,1984-12-17,1961,1984,23.696098562628336,0,0,0,0,0,0,0,0,0,0,0,0,Belize,1,52.881085,4,0.23,0.471,0.5355,2,2,1,1,3,3,2,2,2,2,7,2,1,1,3.459625288275435,1,2,2.06,1,1,0,10,20,9,2.3849752,17750000,0,0,0.5525,0.727,14.8,0.159,0.8494999999999999,0.642,0.7585,96.5,97.12314565694962,0.3865161415518239,2.016659359929855,22810,38.955,0.4557947921688444,6.531,0.3540954733318835,6.89187302428319,21.6366728682845,66.3990797855364,-29.80889606388346,4.33057999610901,1.54391891891892,-1.7258915766526692,3.2185545618657887,5.187,50.73138288304493,90.17412252962863,17.728733289855597,2959.9091434430807,20.69134767529412,113.597450256348,21.54935,40.74407197113463,68.64,159721,45.0496645723963,4.22047125778308,7.00223586146427,48.61,35,109.3832702815468,10.085
81e4f53c-1e42-11e4-b4cd-db5882bf8def,1993-07-03,0,BLZ,Price,1989-11-07,1993-07-03,1989,1993,3.652292950034223,0,0,0,0,0,0,0,0,0,0,0,0,Belize,1,52.881085,13,0.79,0.471,0.5355,2,2,1,1,3,3,2,2,2,1,6,2,1,1,8.38528140486402,1,1,2.03,1,1,0,10,20,9,2.6969512,16500000,0,0,0.5525,0.63,15.3,0.159,0.8494999999999999,0.642,0.7585,73.1233291625977,90.40880965689014,0.3865161415518239,2.63042525208242,22810,33.519,0.5788533142442205,5.599,0,27.9113286310638,18.1535195048222,53.935151864114,-29.80889606388346,4.33057999610901,0.816419365598945,1.226635975698572,0.2733264945850079,4.198,68.29508987286277,90.17412252962863,11.223914651702756,5171.997425905045,23.58169038849845,117.351371765137,0,30.29820944465187,69.988,194177,43.4941921396255,3.98709421582941,8.512801402893468,46.848,35,75.96509534027807,9.78
81fcfe14-1e42-11e4-b4cd-db5882bf8def,1998-10-04,1,BRA,Cardoso,1995-01-01,2003-01-01,1995,2003,8,0,0,0,0,3,3,9,27,0,0,0,0,Brazil,4,52.737245,14,0.17,0.243,0.265,2,1,1,1,96,1,2,2,2,1,2,1,2,0,2.91670666417323,4,3,8.14,2,14,0,2,13,8,1.9694039,1236000000,1279359256.22282,6741382610.91993,0.5859,0.66,27.4,0.501,0.796,0.715,0.851,94.193812,56.90753462514936,13.158315719448147,5.299504435197305,8358140,21.06,1.8604511497218508,6.429,92.9233437348484,15.051310755712,23.5508696448721,61.3978195994159,26.893560765723716,4.75665998458862,1.6622919197582402,3.340888093285034,0.3304361986247582,2.409,66.83909099392928,57.34050813575468,4.7500447835131006,6613.983180829272,22.11879037913787,108.6207885742185,1.477874959,38.79551963977725,69.189,171039804,30.9750765119419,5.29312114182825,20.4638596625565,79.781,134,16.438584931205906,10.15
81fcfe15-1e42-11e4-b4cd-db5882bf8def,2006-10-29,1,BRA,Lula da Silva,2003-01-01,2011-01-01,2003,2011,8,0,0,0,0,5,2,3,27,0,0,0,0,Brazil,4,50.965588,22,0.18,0.243,0.265,2,1,1,1,96,1,2,2,2,1,2,1,2,0,2.57908185216099,2,2,10.62,2,14,0,2,21,8,2.2988086,3287162000,5024120686.61748,48106061313.2634,0.6023000000000001,0.701,28.1,0.488,0.812,0.773,0.869,97.6,49.11031364959268,13.7210227010359,5.852258995422426,8358140,16.852,1.9605929608918584,6.123,86.7476516501048,14.4959502569643,22.7286545299633,62.7753952130725,7.401827270685117,4.87060022354126,1.48108489489303,1.753125703189449,2.600007092703126,1.927,63.09823238184572,53.42289187732524,4.370043777802573,7534.54250017952,23.5440216663883,108.6207885742185,28.1784,42.718896849095074,72.037,188820682,26.6507789120262,6.28477869813011,22.591232259809,83.143,703,26.04169988530512,9.692
81e39f6f-1e42-11e4-b4cd-db5882bf8def,1999-01-20,1,BRB,Arthur,1994-09-07,2008-01-16,1994,2008,13.357973990417522,0,0,0,0,0,0,0,0,0,0,0,0,Barbados,2,26.916145,34,0.78,0.413,0.5355,2,2,1,1,2,3,2,2,2,2,6,2,2,1,4.46674076068343,1,1,1.84,1,1,0,10,20,9,2.6823518,98700000,3720035.25564209,18581226.8962535,0.5503,0.753,16.8,0.093,0.851,0.656,0.767,100,49.779728189688896,0.3865161415518239,34.88372093023256,430,14.077,2.410190407692017,9.509,0,4.31320397994008,21.405796869242,74.2809991508179,-29.80889606388346,4.34123992919922,0.7291365225325854,1.6105138394451066,0.044040592892033,1.762,14.651162790697676,90.17412252962863,2.334512379989894,16012.119711999432,15.29391948795688,102.901260375977,2.376247035,47.862390971197776,74.039,264170,22.0693531993663,11.1657477490778,614.3488372093024,34.152,35,88.19100555836282,10.61
81e39f6f-1e42-11e4-b4cd-db5882bf8def,2003-05-21,1,BRB,Arthur,1994-09-07,2008-01-16,1994,2008,13.357973990417522,0,0,0,0,0,0,1,1,0,0,0,0,Barbados,2,24.937326,38,0.78,0.413,0.5355,2,2,1,1,2,3,2,2,2,2,7,2,2,1,4.79995036082968,1,1,1.98,1,1,0,10,20,9,2.737424,130500000,8478633.39742856,13540510.3485651,0.5445,0.769,18.3,0.093,0.851,0.652,0.764,100,48.38770517720543,0.3865161415518239,32.55813953488372,430,13.68,2.252344868578948,9.329,0,4.55564716851733,17.6061276228491,77.8382252086335,-29.80889606388346,6.24569988250732,0.7291365225325854,5.7548306152048605,0.7799501479981306,1.797,14.651162790697676,90.17412252962863,1.9785013241938,16605.934662987296,15.704938463935193,103.013526916504,39.6896,48.76999993141901,74.472,267499,21.285873965884,11.3228460667143,622.0906976744186,33.234,8,90.0919146284468,11
81e39f6f-1e42-11e4-b4cd-db5882bf8def,2008-01-15,0,BRB,Arthur,1994-09-07,2008-01-16,1994,2008,13.357973990417522,0,0,0,0,0,0,0,0,0,0,0,0,Barbados,2,22.783144,43,0.77,0.413,0.5355,2,2,1,1,2,3,2,2,2,2,6,1,1,1,4.84485828876378,1,1,2,1,1,0,10,20,9,2.7901819,101160650.815,10135566.7432515,42939453.1098156,0.5378000000000001,0.792,24.6,0.093,0.848,0.665,0.78,100,46.34977722905148,0.3865161415518239,30.23255813953488,430,12.681,2.728923285711665,9.026,0,2.82082019861179,17.659725613817,79.5194541875712,-29.80889606388346,4.92074012756348,0.7291365225325854,12.840713702316611,1.532900959592105,1.735,14.651162790697676,90.17412252962863,1.295864963887019,18716.00723245207,15.124515218988336,101.043647766113,61.4,49.00734294261626,75.447,272635,20.2193037957273,11.4513700526894,634.0348837209302,32.256,33,94.43554147260537,8.12
81e36e92-1e42-11e4-b4cd-db5882bf8def,1976-09-08,0,BRB,Barrow,1966-11-18,1976-09-08,1966,1976,9.806981519507186,0,0,0,0,0,0,0,0,0,0,0,0,Barbados,1,52.881085,11,0.23,0.386,0.5355,2,2,1,1,2,3,2,2,2,2,6,2,2,1,3.4668142591404,1,1,2.03,1,1,1,10,20,9,2.3010607,9649999.619,701259.456187317,7805127.5882496,0.5525,0.727,21.4,0.092,0.788,0.622,0.734,96.5,67.48873782741227,0.3865161415518239,37.2093023255814,430,18.396,1.2341006365785012,8.499,0.3540954733318835,6.89187302428319,21.6366728682845,66.3990797855364,-29.80889606388346,5.94479990005493,0.7291365225325854,1.5823174340768351,0.1650565268312117,2.288,50.73138288304493,90.17412252962863,8.79219763726432,11762.0688989892,17.613016454889014,104.822929382324,21.54935,40.74407197113463,70.208,248359,31.3054262067688,8.98898572432301,577.5790697674419,39.118,35,111.30181721598343,10.085
81e39f6e-1e42-11e4-b4cd-db5882bf8def,1991-01-22,1,BRB,Sandiford,1987-06-01,1994-09-07,1987,1994,7.268993839835729,0,0,0,0,0,0,0,0,0,0,0,0,Barbados,1,52.881085,26,0.23,0.386,0.5355,2,2,1,1,2,3,2,2,2,2,6,2,2,1,4.62783702808358,1,1,2.29,1,1,0,10,20,9,2.5954826,45150001.53,4107407.90668934,15291353.2389973,0.558,0.729,23.3,0.092,0.822,0.644,0.759,99.9934387207031,53.619248968086175,0.3865161415518239,37.2093023255814,430,15.429,2.077470489818891,9.762,0,5.52260355491386,20.1178467601896,74.3585741322459,-29.80889606388346,6.63870000839233,0.7291365225325854,0.3674641759381151,0.0643378444881889,1.733,14.651162790697676,90.17412252962863,3.4571850393700787,14543.848731296306,17.39419291338583,100.3448944091797,0,47.04259720969709,72.843,259402,23.8003176536804,11.103422487105,603.2604651162791,37.006,35,81.97588582677166,22.308
81e39f6e-1e42-11e4-b4cd-db5882bf8def,1994-09-06,0,BRB,Sandiford,1987-06-01,1994-09-07,1987,1994,7.268993839835729,0,0,0,0,0,0,0,0,0,0,0,0,Barbados,1,52.881085,29,0.79,0.386,0.5355,2,2,1,1,2,3,2,2,2,2,6,2,2,1,3.21004916606939,1,1,2.48,1,1,0,10,20,9,2.662982,57200000.76,2803705.19628711,11112303.536681,0.555,0.738,24.5,0.093,0.851,0.645,0.759,100,51.711824516248704,0.3865161415518239,37.2093023255814,430,14.903,1.81459008375619,9.729,0,5.30837445947365,18.8623411830964,75.8292843574299,-29.80889606388346,4.33057999610901,0.7291365225325854,0.6019490409059395,0.0511308065634388,1.725,14.651162790697676,90.17412252962863,2.4404899468453896,13978.221330657409,14.356366997920036,100.3448944091797,0,47.61901260890343,73.211,261712,23.0284110556854,11.0570227139426,608.6325581395349,35.924,5,83.42038363762421,22.98
81e36e94-1e42-11e4-b4cd-db5882bf8def,1986-05-29,0,BRB,St. John,1985-03-11,1986-05-29,1985,1986,1.215605749486653,0,0,0,0,0,0,0,0,0,0,0,0,Barbados,1,52.881085,21,0.23,0.386,0.5355,2,2,1,1,2,3,2,2,2,2,6,2,2,1,4.28594406904862,1,1,1.93,1,1,1,10,20,9,2.433327,10800000.19,5848515.08187429,17820449.712,0.5592,0.727,21.5,0.092,0.82,0.627,0.743,96.5,57.77838844615432,0.3865161415518239,37.2093023255814,430,16.732,2.0726090490382005,9.109,0.3540954733318835,6.89187302428319,21.6366728682845,66.3990797855364,-29.80889606388346,4.33057999610901,0.7291365225325854,0.5007251847092836,0.1776766784452296,1.805,50.73138288304493,90.17412252962863,4.702858978477353,14284.419388154183,14.449084484420174,100.3448944091797,21.54935,40.74407197113463,72.568,258370,25.6434570577079,10.9765065603592,600.8604651162791,38.464,35,92.34179248313524,10.085
823a9ad5-1e42-11e4-b4cd-db5882bf8def,1989-10-07,1,BWA,Masire,1980-07-13,1998-03-31,1980,1998,17.713894592744694,0,0,0,0,0,0,0,0,0,0,0,0,Botswana,2,40.283602,24,0.01,0.357,0.544,2,2,1,1,3,3,2,2,2,2,7,2,2,1,2.5823656148255,2,1,2.02066220050477,1,1,1,4,23,7,1.9282067,49382450.1,0,0,0.63,0.493,7.1,0.142,0.581,0.566,0.669,28.3,95.58294542427583,0.0364684310602475,0.730506590439892,566730,35.304,1.8324138741663605,7.652,24.66065451840835,40.3616962032733,17.57114795181165,36.6165913060631,25.3994989407193,3.8420401811599696,3.56901008012406,1.367978161131757,0,4.651,21.596218330436038,56.65302916965624,4.696992862373362,3794.932194939965,61.42301904708258,106.813179016113,0,44.0030499497677,61.427,1301671,45.8138039489241,3.05699366429766,2.2968097683200117,38.648,5,105.36086456212632,7.112
823a9ad5-1e42-11e4-b4cd-db5882bf8def,1994-10-15,1,BWA,Masire,1980-07-13,1998-03-31,1980,1998,17.713894592744694,0,0,0,0,0,0,0,0,0,0,0,0,Botswana,2,38.398935,29,0.05,0.357,0.544,2,2,1,1,3,3,2,2,2,2,7,2,1,1,2.50022140086055,3,2,2.28090015268346,1,1,1,4,28,7,2.1937947,69878875.73,0,0,0.6552,0.576,8.9,0.142,0.633,0.582,0.683,13.8845663070679,86.58940212434057,0.0591555614365177,0.6969809256612497,566730,32.248,2.136552039714169,10.025,0,15.6745514671093,25.8062965390036,58.5191519938871,27.84514545828932,3.8420401811599696,4.00812039559554,-0.3323246368278333,0.22213278356386781,4.009,32.344326222363385,61.954907328850425,3.756143634232942,4097.306515862255,43.25959631294492,104.695510864258,0,42.52919855014096,56.154,1503544,43.2294155577038,3.17699276609372,2.653016427575741,48.133,22,88.18060972836828,21.2
823acba4-1e42-11e4-b4cd-db5882bf8def,2004-10-30,1,BWA,Mogae,1998-03-31,2008-04-01,1998,2008,10.004106776180699,0,0,0,0,0,0,0,0,0,0,0,0,Botswana,2,34.760108,39,0.58,0.516,0.579,2,2,1,1,3,3,2,2,2,2,7,2,1,1,3.00608259619754,2,2,2.7444895589737,1,1,0,4,38,8,2.5860503,78656415.9593629,0,0,0.6891,0.591,12.1,0.15,0.721,0.615,0.713,35.3,66.9006820260942,0.0079067818071032,0.3987789599985884,566730,28.141,2.180104728939236,13.073,0,23.9314359420754,19.9634290230405,56.1051350348841,46.34491041007999,3.8420401811599696,3.5058740413487404,4.363836573701255,-0.4326331395157972,3.073,30.25691246272476,65.69059380484293,2.2595853495910205,5219.414504467586,38.821955020889206,104.962112426758,3.30489,45.71207254203464,51.617,1859085,36.8402197855397,3.24390762122227,3.280371605526441,55.488,5,90.9978228872631,21.754
82311138-1e42-11e4-b4cd-db5882bf8def,1993-10-22,0,CAF,Kolingba,1981-09-01,1993-10-22,1981,1993,12.139630390143736,0,0,0,0,0,0,0,0,0,0,0,0,Central African Republic (the),1,50.273019500000004,1,0,0.501,0.5095,2,2,1,1,2,3,1,1,2,1,6,2,0,1,1.94507216920994,4,3,2.233464,1,4,1,4,0,5,1.2951225,158919.3046,0,0,0.6431,0.311,12.5,0.721,0.509,0.213,0.349,28.3,93.78657635012172,0.6898849204712305,3.001701499245561,622980,44.926,0.0613438147630445,16.273,80.4123711340206,76.7486205336952,7.18480325644505,16.0665762098598,43.314645238693906,3.8420401811599696,1.49708784517113,-0.7804409228892759,0.4159037614547944,5.94,37.10070949308164,56.65302916965624,12.560795650514113,451.1999351734444,22.77523996626228,101.223518371582,0,44.3757440533174,48.353,3089146,45.9771082363864,2.41971405689469,4.958659989084722,37.068,309,39.98862202191089,5.735
81dea9ca-1e42-11e4-b4cd-db5882bf8def,1997-06-02,1,CAN,Chretien,1993-11-04,2003-12-12,1993,2003,10.102669404517453,3,11,8,42,3,6,4,28,0,0,0,0,Canada,4,19.371297,131,1,0.451,0.604,2,2,1,1,98,3,2,2,2,2,8,2,1,2,8.35517070689781,1,1,4.08,1,1,1,5,109,10,3.4386392,492323809.928894,20072291388.9222,24977179971.5713,0.3464,0.88,26.7,0.033,0.912,0.766,0.842,100,47.43437813112482,18.9909790101634,4.577166700685622,8965590,11.7,16.904677290283527,7.2,62.3509414225941,3.00731239250706,23.0570689511101,73.9356257498703,-52.38390111820341,5.50121021270752,1.24624320151167,2.3179697345197257,4.080796973431984,1.57,38.80874075214236,74.73610579933592,2.1394979573158968,33867.00791317428,27.71643905854592,102.011859893799,15.07235736,45.38365101942094,78.41243902439025,29905948,19.9959779474126,12.1772352158195,3.335636360797226,78.34,12,74.33661008165224,9.101
81dea9ca-1e42-11e4-b4cd-db5882bf8def,2000-11-27,1,CAN,Chretien,1993-11-04,2003-12-12,1993,2003,10.102669404517453,3,3,8,26,6,5,4,38,3,11,8,42,Canada,4,18.202571,134,1,0.451,0.604,2,2,1,1,98,3,2,2,2,2,7,2,1,1,9.46265102763442,1,1,3.77,1,1,1,5,112,10,3.5041068,554559608.300993,33449001623.8183,36468202806.4266,0.3648,0.89,24.9,0.033,0.916,0.765,0.84,100,46.34462617050858,17.189100712955966,4.569805221965314,8965590,10.7,17.691246061279948,7.1,60.6003011908929,2.51550830718723,23.2941717724786,74.1903133385593,-47.804356415708845,5.42331981658936,1.11434980213748,9.171024286715111,6.26369186447201,1.51,38.7929818338782,76.10257181165409,2.09165300710719,37906.86011532932,29.500037520466737,99.4177627563477,51.3,45.9672506531701,79.16682926829269,30685730,19.1803802148155,12.4877618738198,3.4226113395772058,79.478,25,82.76535785032137,6.829
81dea9c9-1e42-11e4-b4cd-db5882bf8def,1993-11-04,0,CAN,Kim Campbell,1993-06-25,1993-11-04,1993,1993,0.3613963039014374,0,0,0,0,0,0,0,0,0,0,0,0,Canada,3,21.428368,127,1,0.451,0.604,2,2,1,1,98,3,2,2,2,2,8,2,1,2,8.06535651674612,1,1,3.92,1,1,1,5,105,10,3.353248,682357429.334024,19133903078.0644,20788553293.9827,0.3251,0.867,27.2,0.031,0.906,0.755,0.832,100,47.77504131398619,21.20605130212777,4.596908848162809,8965590,13.6,15.56767557857544,7.1,61.7223279842591,3.48252931053293,22.5100367929061,74.0074338965609,-42.89238621740908,7.67834997177124,1.82175350392748,0.7216016950393173,0.8878306490019685,1.69,38.82975264316124,72.57768591582352,2.15159942379354,31032.754601313907,25.220032578308192,102.099632263184,1.184557509,44.9407894944767,77.7048780487805,28684764,20.655386175464,11.6741874650407,3.199428481561169,77.152,5,58.25079614530472,11.377
81dea9cb-1e42-11e4-b4cd-db5882bf8def,2006-02-06,0,CAN,Paul Martin,2003-12-12,2006-02-06,2003,2006,2.1546885694729636,7,10,7,55,3,6,3,27,7,3,7,41,Canada,4,15.28862,140,1,0.472,0.604,2,2,1,1,98,3,2,2,2,2,6,2,1,1,8.9050782483468,1,1,3.75,1,1,1,5,118,10,3.5939064,1085691997.21255,62533990468.2362,70519885823.8194,0.3838,0.907,29.1,0.033,0.913,0.765,0.836,100,43.96369560409233,18.812429106295603,4.381529826815636,8965590,11,17.475755340002436,7,59.5442882203545,2.11200086047843,22.1061931059389,75.7818119695542,-53.80949229648226,5.50121021270752,1.12252472932052,4.874101289551048,3.816692472463554,1.63,38.76087507905224,74.56307191429713,1.7010184594948197,41663.51230543771,28.8475544811015,99.7602920532227,72.4,46.89968255953755,80.54365853658538,32571193,17.379028692082102,13.1590157429329,3.632911275220036,80.213,94,68.0521644769988,6.484
81de78f7-1e42-11e4-b4cd-db5882bf8def,1979-06-04,0,CAN,Trudeau,1968-04-20,1979-06-04,1968,1979,11.121149897330595,0,0,0,0,0,0,0,0,0,0,0,0,Canada,3,14.71343,113,1,0.451,0.604,2,2,2,2,98,3,2,2,2,2,7,2,2,1,10.5646670045027,1,1,3.09,1,1,1,5,91,10,3.0593817,682357429.334024,22625480731.2114,55380915365.4744,0.2913,0.884,29.3,0.041,0.81,0.748,0.828,100,48.25621694503261,16.171147666860133,4.463286855633595,8965590,15.4,18.394747872284515,7,19.257558098599752,3.43405582302153,23.2501811631813,72.6483618220342,-10.435063763229133,6.69220018386841,1.71124591794032,2.1762731409162326,1.569781050497307,1.754,29.638114690346885,81.42941614957023,2.15159942379354,27384.677926986995,25.220032578308192,99.1048278808594,41.49448266,45.38365101942094,74.86634146341464,24201544,23.3475207443506,9.20168087004303,2.6993810780997123,75.623,25.5,52.23804738287474,5.965
81de78f9-1e42-11e4-b4cd-db5882bf8def,1984-09-17,0,CAN,Turner,1984-06-30,1984-09-17,1984,1984,0.216290212183436,0,0,0,0,0,0,0,0,0,0,0,0,Canada,3,26.219255,118,1,0.451,0.604,2,2,1,1,98,3,2,2,2,2,7,2,2,1,8.31364085331701,1,1,2.75,1,1,1,5,96,10,3.166012,682357429.334024,28633324512.807,33983095485.8564,0.2907,0.884,25,0.038,0.879,0.762,0.838,100,46.12071336570081,20.70796405398314,4.592893496133551,8965590,15,16.665935748248735,7,19.257558098599752,3.43405582302153,23.2501811631813,72.6483618220342,-21.21227816204151,6.61841011047363,2.11718885542571,1.5909640340633289,1.2851547851470673,1.65,29.638114690346885,76.8489240654414,2.15159942379354,28762.97219681643,25.220032578308192,104.22794342041,41.49448266,45.38365101942094,76.3319512195122,25607053,21.5470089524578,10.0164242543539,2.8561481174133547,76.195,25.5,52.4766984280909,5.965
81f4fb26-1e42-11e4-b4cd-db5882bf8def,2006-05-28,1,COL,Alvaro Uribe Velez,2002-08-08,2010-08-07,2002,2010,7.997262149212868,0,0,0,0,0,0,2,2,0,0,0,0,Colombia,4,53.759798,49,0.01,0.693,0.757,2,1,1,1,1,1,0,1,1,0,0,0,1,0,2.03170203967666,3,3,8.58,2,25,0,2,49,7,2.294145,3899159914.34258,4161708101.22407,14828864637.4821,0.6233000000000001,0.703,9.9,0.424,0.703,0.448,0.568,95.7,53.333416262295366,9.771520642577144,1.7166291122127082,1109500,18.688,1.3908990526948015,5.016,80.6007625778852,19.5045218702092,20.2113696104528,60.2841200756522,-193.685628623242,2.39101004600525,3.2958249913522897,4.172385100595273,0.7835672894736132,2.198,55.50146372239747,75.27958214105776,7.1867695307177,4685.054585345139,30.91346002662454,124.619491577148,15.3417,39.95977074472209,73.468,42772910,29.574369964241,5.20827324126735,38.55151870211808,76.423,72793,39.64135596062945,11.091
82290e46-1e42-11e4-b4cd-db5882bf8def,1991-04-04,0,CPV,Pires,1975-07-08,1991-04-04,1975,1991,15.739904175222451,0,0,0,0,0,0,0,0,0,0,0,0,Cabo Verde,1,50.273019500000004,1,0.01,0.452,0.5575,2,2,1,96,96,3,2,2,2,2,6,2,1,1,1.51134308939804,3,2,1.81,2,25,1,4,0,8,1.9292974,62366531.37,0,0,0.6083000000000001,0.493,10.8,0.223,0.632,0.579,0.665,28.3,108.03922772509335,0.6898849204712305,10.173697270471465,4030,37.744,0.1867348499279622,8.137,0,37.2159832854531,13.5012526237389,49.282764090808,43.314645238693906,3.8420401811599696,1.3557285779782702,0.5453992028397253,0.1703277857294899,5.259,4.420347394540943,56.65302916965624,13.39300680588347,852.9975306861204,30.326377233775048,105.881370544434,0,36.91859737529305,65.176,372721,47.1094369388404,4.8227698160691,92.48660049627792,45.044,91,80.95396930966211,13.539
82293f1a-1e42-11e4-b4cd-db5882bf8def,2001-02-01,0,CPV,do Rosario,2000-07-29,2001-02-01,2000,2001,0.5119780971937029,0,0,0,0,0,0,0,0,0,0,0,0,Cabo Verde,2,50.273019500000004,11,1,0.452,0.5575,2,1,1,1,98,2,2,2,2,2,7,2,1,1,1.40485810325377,2,1,2.41,2,25,1,4,10,10,1.9292974,80954171.1337339,0,0,0.6083000000000001,0.598,14.4,0.203,0.724,0.675,0.762,60.3,85.54272039118715,0.6898849204712305,11.41439205955335,4030,28.101,0.7054283862494044,5.446,3.88919131434101,28.5888984158666,18.3587984763083,53.0523031078251,43.314645238693906,3.8420401811599696,0.753615197231365,1.600131126286322,0.0746850929105627,3.399,9.930521091811414,56.65302916965624,11.415766019347398,2026.2791551289151,19.16407137620813,115.657981872559,2.68533,39.13244875694059,69.929,465958,41.2357980762215,4.86814262229643,115.62233250620348,54.291,5,92.16372249741522,13.313
821e9081-1e42-11e4-b4cd-db5882bf8def,2003-02-28,0,CYP,Clerides,1993-02-28,2003-02-28,1993,2003,9.998631074606434,0,0,0,0,0,0,0,0,0,0,0,0,Cyprus,1,34.567303,28,0.58,0.517,0.8125,2,2,1,1,2,1,1,2,1,2,7,2,1,1,5.4438416015864,1,1,3.76,2,13,1,3,28,10,2.6029832,31813793.7384458,0,0,0.3616,0.825,34.8,0.183,0.808,0.669,0.804,100,45.0655104156848,1.549517882499969,12.12121212121212,9240,11.949,7.84045584045584,6.952,0,5.18666221238569,22.87509917735,71.9382386102643,97.9373785485482,6.6702299118042,1.98516312435716,6.242711400367875,4.0535351239178885,1.509,18.612445887445887,97.8101748386258,3.352910421315583,23930.66015625,18.01295541213245,97.3882293701172,30.09,42.267104549539006,77.788,1000350,20.9398710451342,10.1257559854051,108.262987012987,68.553,5,114.00466848232598,4.153
821e9082-1e42-11e4-b4cd-db5882bf8def,1988-02-28,0,CYP,Kyprianou,1977-08-03,1988-02-28,1977,1988,10.570841889117043,0,0,0,0,0,0,0,0,0,0,0,0,Cyprus,1,40.16903,13,0.585,0.463,0.562,2,2,1,1,2,1,2,1,1,2,8,2,2,2,4.53608742107258,2,1,3.62,2,13,0,3,13,10,2.267923,71362930.3,0,0,0.3717,0.814,31.9,0.236,0.632,0.573,0.713,100,52.90564050180355,0,11.190476190476192,9240,20.073,5.368130979160035,8.866,0.0841514726507714,4.23117546694592,23.4357026747694,69.3008079953989,99.50242010030972,3.37546992301941,5.70025602914459,1.4524633795437103,0.015025483236659,2.477,17.77705627705628,99.50242010030972,7.174707202459259,15322.615234375,27.501376239858477,100.26572418212905,11.38,42.267104549539006,73.129,766412,25.0602808933054,9.53984279995616,82.94502164502164,65.945,11,101.5832425199278,8.455
821ec15d-1e42-11e4-b4cd-db5882bf8def,2008-02-28,0,CYP,Tassos Nikolaou Papadopoulos,2003-02-28,2008-02-28,2003,2008,4.999315537303217,0,0,0,0,0,0,0,0,0,0,0,0,Cyprus,2,33.13429,33,0.56,0.857,0.8955,2,2,1,1,2,1,2,2,2,2,7,2,2,1,5.55140684018618,1,1,4.29,2,13,1,3,33,10,2.687711,948622574.642726,0,0,0.3386,0.853,38.6,0.137,0.84,0.735,0.842,100,40.53809963064026,2.226072555266102,8.917748917748918,9240,12.167,7.775245104770275,6.599,0.295333727111636,4.23117546694592,23.0456880286712,72.7231365043828,96.86139637146252,6.72276020050049,1.6297049444974498,44.16386872113924,51.605273676737774,1.48,18.67900432900433,96.10584460074088,2.093313391103515,27449.03125,17.896585384124297,101.213508605957,42.31,43.37676193388752,78.981,1092390,18.0286344620511,10.8162835617316,118.22402597402598,67.839,10,112.9257170175705,3.756
821ec15c-1e42-11e4-b4cd-db5882bf8def,1993-02-28,0,CYP,Vassiliou,1988-02-28,1993-02-28,1988,1993,5.002053388090349,0,0,0,0,0,0,0,0,0,0,0,0,Cyprus,1,38.173502,18,0.6,0.463,0.562,2,2,1,1,2,1,2,0,1,2,6,1,2,1,5.0286742912958,1,1,3.67,2,13,1,3,18,10,2.376748,79412124.63,0,0,0.3643,0.752,31.7,0.186,0.732,0.635,0.773,100,52.494881371515504,0,11.764069264069263,9240,17.812,6.95520263055306,8.508,0,11.8732718126395,27.1390656405814,60.9876625467791,99.67518853793862,4.09555006027222,4.07495260499477,1.2659985544285208,0.1860865345063607,2.247,17.77705627705628,99.67524792931948,5.6127271207451885,17623.201171875,24.68012381636255,100.26572418212905,0.056367481999999997,36.4537355685336,74.65,825986,24.6107831190741,9.81318679323063,89.39242424242424,67.792,417,95.41637535074751,2.7
8251af80-1e42-11e4-b4cd-db5882bf8def,2006-09-04,0,CZE,Paroubek,2005-04-25,2006-09-04,2005,2006,1.3607118412046544,1,2,1,9,1,3,5,15,1,2,0,8,Czechia,14,42.771473,14,1,0.832,0.795,2,2,1,1,1,1,1,2,2,1,7,2,1,1,6.35628555240805,1,1,3.91,2,25,1,1,13,9,3.6198323,1603247263.59946,55035539.988921,213984011.902851,0.3046,0.856,33.9,0.261,0.898,0.829,0.901,100,40.24909752929725,15.314302725479164,34.14161812297735,77250,10.3,12.67143312688222,10.2,4.2078083534559,3.54449838954833,40.5001490281018,55.9553525823499,26.950883299277145,4.1955099105835,1.5678353362801,4.564069805908539,1.976997237141528,1.34,34.295715210355986,82.97817307815457,2.1649554318029973,15948.745289720424,34.3332159877379,104.372779846191,47.93,43.92790737277511,76.52439024390245,10238905,14.4461448361761,14.2521481462792,132.54245954692556,73.533,2136,127.02838186843452,7.141
8227e946-1e42-11e4-b4cd-db5882bf8def,1971-10-06,0,DNK,Baunsgaard,1968-02-18,1971-10-06,1968,1971,3.6303901437371664,0,0,0,0,0,0,0,0,0,0,0,0,Denmark,1,14.71343,27,1,0.503,0.606,2,2,1,1,98,3,2,2,2,2,7,2,2,1,8.96721813290216,1,1,4.52,2,27,1,5,26,10,2.7752223,682357429.334024,0,0,0.3282,0.884,36.4,0.002,0.928,0.877,0.905,100,55.51051933178861,0.0111536192737999,66.175,40000,15.2,11.618262361261834,9.8,19.257558098599752,3.43405582302153,23.2501811631813,72.6483618220342,98.2209328792052,6.39355993270874,2.36222218936224,0.6549395375354833,0.272454847614761,2.04,29.638114690346885,99.13182259433616,4.557883189978217,27545.06691776122,26.22296313142387,96.2832489013672,41.49448266,45.38365101942094,73.41463414634147,4963126,23.1751616408527,12.5205127793441,124.07815,80.239,25.5,55.67437646877443,5.965
82281a1a-1e42-11e4-b4cd-db5882bf8def,2005-02-08,1,DNK,Fogh Rasmussen,2001-11-27,2009-04-05,2001,2009,7.353867214236824,2,1,5,15,0,0,0,0,2,3,1,15,Denmark,3,-3.000245,61,1,0.503,0.606,2,2,1,1,98,3,2,2,2,2,8,2,2,2,9.30992009061139,1,1,5.19,2,27,1,5,60,10,3.369442,666091577.137752,4707014113.38128,9098481492.60571,0.3048,0.911,43.5,0.002,0.957,0.893,0.919,100,50.95437133994706,5.080613649532744,58.3,40000,11.9,9.357050701992383,10.1,27.0705733046405,3.18252188999823,23.8922125770096,72.9252655329921,-65.69405592851673,8.08557033538818,1.3114884999135898,4.857700582033001,6.416067743210601,1.8,14.476125,82.18730305258181,1.1456435911336995,51835.83270624447,22.23953193681624,98.2105865478516,82.74,46.82298280699887,77.84390243902439,5419432,18.6826640300755,15.0721559880894,135.4858,85.856,10,89.39974085617764,4.83
8227e947-1e42-11e4-b4cd-db5882bf8def,1973-12-19,0,DNK,Jorgensen,1972-10-05,1973-12-19,1972,1973,1.2046543463381245,0,0,0,0,0,0,0,0,0,0,0,0,Denmark,1,14.71343,29,1,0.503,0.606,2,2,1,1,98,3,2,2,2,2,7,2,2,1,9.35756001438646,1,1,7.11,2,27,1,5,28,10,2.8116584,682357429.334024,0,8738735.32041754,0.3282,0.884,42.8,0.002,0.937,0.881,0.909,100,55.98002083518401,0.0108680433662311,66.325,40000,14.3,11.70120001330184,10.1,19.257558098599752,3.43405582302153,23.2501811631813,72.6483618220342,97.75604391426694,6.26610994338989,1.97580758328422,0.6898655283615239,0.3189001027331573,1.92,29.638114690346885,98.22457031868906,5.276244266921684,29450.597079046507,25.25308285806262,96.3511123657227,41.49448266,45.38365101942094,73.68219512195122,5021861,22.9481264254287,12.9411004833505,125.546525,81.211,25.5,57.83991974478396,5.965
8227e945-1e42-11e4-b4cd-db5882bf8def,1968-02-18,0,DNK,Krag,1962-09-03,1968-02-18,1962,1968,5.45927446954141,0,0,0,0,0,0,0,0,0,0,0,0,Denmark,1,14.71343,24,1,0.453,0.606,2,2,1,1,98,3,2,2,2,2,7,2,2,1,8.39977329631707,1,1,4.56,2,27,1,5,23,10,2.7190864,682357429.334024,0,0,0.3282,0.884,38.7,0.007,0.897,0.875,0.903,100,55.24450240945901,0.011587411169597,67.35,40000,15.3,9.118305739443487,9.7,19.257558098599752,3.43405582302153,23.2501811631813,72.6483618220342,97.89166861287268,5.50121021270752,2.67593414991841,2.030641506788335,1.6866264502348185,2.12,29.638114690346885,81.13919862946564,5.404248699134631,25211.629553316896,27.62310857845912,102.011859893799,41.49448266,45.38365101942094,73.12146341463415,4864883,23.6991996686754,11.886280145957,121.622075,78.698,25.5,55.327767683948046,5.965
82530554-1e42-11e4-b4cd-db5882bf8def,2011-10-03,0,DNK,Lars Løkke Rasmussen,2009-04-05,2011-10-03,2009,2011,2.4941820670773445,0,0,0,0,2,2,3,15,0,0,0,0,Denmark,3,-3.150779,67,1,0.503,0.606,2,2,1,1,98,3,2,2,2,2,8,2,1,2,7.98044106252933,1,1,5.72,2,25,1,5,66,10,3.456555,1149885932.9698,1061588261.2412,9452235007.42045,0.3151,0.927,45.311,0.002,0.958,0.894,0.919,100,53.58596043127582,6.633674500854313,62.475,40000,10.6,7.810221284277448,9.4,40.2537682023333,2.39449719235703,20.0348690235585,77.5706713018632,-14.541945799140214,8.48486042022705,1.31353128527572,3.941503187586579,3.81478736864609,1.75,14.8532,74.82227821003619,1.312133989907082,51644.46350977751,20.254698605611683,101.197456359863,89.81,47.17189735134892,79.80000000000001,5570572,17.7981734629169,17.0917102820365,139.2643,86.957,6,101.245795489044,7.769
82281a19-1e42-11e4-b4cd-db5882bf8def,1994-09-21,1,DNK,Nyrup Rasmussen,1993-01-25,2001-11-27,1993,2001,8.837782340862423,0,0,0,0,0,0,0,0,0,0,0,0,Denmark,3,3.630704,50,1,0.503,0.606,2,2,1,1,98,3,2,2,2,2,8,2,2,2,8.91390756625791,1,1,4.76,2,27,1,5,49,10,3.1816247,438739166.3,554673595.358627,1689070137.57552,0.2675,0.854,41.8,0.002,0.959,0.88,0.908,100,48.30841386131507,1.3810835926943796,59.12500000000001,40000,13.4,12.236553480671049,11.7,4.29543102173592,5.04538139583838,26.5139098272428,68.4406696499664,22.87290656638118,7.47105979919434,1.77010988336089,3.205751696713782,2.6650340478917367,1.81,13.6876,94.63847162579766,2.6009489304665125,42257.09833052212,21.62335438701437,99.9268798828125,1.34430775,46.23228622668657,75.37512195121953,5206180,17.2020519776413,15.3708825972307,130.1545,84.952,11,67.78045574861883,8.036
82281a19-1e42-11e4-b4cd-db5882bf8def,1998-03-11,1,DNK,Nyrup Rasmussen,1993-01-25,2001-11-27,1993,2001,8.837782340862423,0,1,0,2,4,1,1,19,0,0,0,0,Denmark,3,1.204291,54,1,0.503,0.606,2,2,1,1,98,3,2,2,2,2,8,2,2,2,8.95803207545802,1,1,4.74,2,27,1,5,53,10,3.2608356,765494251.293436,722019925.870286,1543208067.55998,0.2813,0.878,44.4,0.002,0.958,0.879,0.907,100,49.314712181368186,2.2807258350730875,59.150000000000006,40000,12.5,11.364576010153426,11,9.54685865784545,3.70656936805774,26.451793943102,69.84159947242,-1.892043816856373,8.10674953460693,1.60802638812534,3.771167013499119,2.3812374839453367,1.72,14.089200000000002,92.6766256004631,2.1446025152989,46412.03897145603,22.32601844883772,99.7726211547852,22.66874615,46.58690829081327,76.13902439024392,5304219,18.0749093412483,14.9524475598378,132.605475,85.06,28,71.29911872144615,5.039
82281a19-1e42-11e4-b4cd-db5882bf8def,2001-11-20,0,DNK,Nyrup Rasmussen,1993-01-25,2001-11-27,1993,2001,8.837782340862423,2,3,1,15,0,1,0,2,4,1,1,19,Denmark,3,-0.762784,57,1,0.503,0.606,2,2,1,1,98,3,2,2,2,2,8,2,2,2,9.56222708147872,1,1,4.69,2,27,1,5,56,10,3.3147187,698623281.530296,2218117143.52764,4129332957.96072,0.2808,0.897,44.2,0.002,0.957,0.879,0.907,100,50.22265193664435,3.4767406773874403,57.3,40000,12.2,10.224224418118816,10.9,15.4947122902807,3.54828763352054,25.3913298829057,71.0604191902507,-41.31370049039239,8.21545028686523,1.53238072045298,5.635246990161271,7.981929987482421,1.74,14.327225000000002,88.27070130072721,2.339509415050788,49469.688808827494,22.890714802216053,99.7206420898438,42.9575,46.67811833650243,76.79268292682929,5358783,18.6105354504133,14.8216149293331,133.969575,85.15,5,83.9685758745007,4.164
81e1b71c-1e42-11e4-b4cd-db5882bf8def,1978-07-01,0,DOM,Balaguer,1966-07-01,1978-07-01,1966,1978,12,0,0,0,0,0,0,0,0,0,0,0,0,Dominican Republic (the),2,60.540454999999994,13,0.01,0.371,0.5725,2,2,1,1,98,2,2,2,2,1,4,1,1,0,1.53988308851387,2,2,2.23,2,25,0,2,0,5,1.6553345,131600006.1,0,0,0.5525,0.673,15.199999999999998,0.875,0.531,0.163,0.36,94.01413851342775,89.63984109499792,1.9153044149826235,21.010142827571933,48310,35.414,1.158414344394073,9.117,50.786170911756145,15.051310755712,22.7286545299633,61.3978195994159,59.409010767301176,2.39101004600525,2.17556606961811,1.343359242987496,0,4.644,43.46895472470901,59.40904070141618,18.720429199053733,2548.74500221006,28.12325258744508,102.600250244141,4.646745,35.82866154539711,60.822,5495443,44.0608336761932,3.20763039485625,113.75373628648312,49.061,50,48.11278028894897,6.48
81e1b71c-1e42-11e4-b4cd-db5882bf8def,1996-08-16,0,DOM,Balaguer,1986-08-16,1996-08-16,1986,1996,10.001368925393566,0,0,0,0,0,0,0,0,0,0,0,0,Dominican Republic (the),2,61.199194,31,0.01,0.371,0.5725,2,2,1,1,98,1,2,2,2,0,4,1,2,1,1.74334398201003,3,3,2.71,2,25,1,2,0,8,2.067143,962700000,0,0,0.5469,0.621,17.8,0.825,0.7,0.287,0.537,85.5548782348633,69.0532294184941,0.9923024072299976,19.354170979093357,48310,27.026,1.610658294220621,5.784,13.6507936507937,19.9025305594115,26.0004656393316,54.0970038012569,85.56770280734254,1.22724997997284,0.633651609977827,0.7356801712670239,0.2066702120474426,3.04,37.703125646864,85.56770280734254,9.19340246436474,3454.408698345023,33.54386723503977,102.050827026367,0.074987053,32.48732267664558,69.097,8012314,36.7975803742577,4.04944838965675,165.85208031463466,58.441,29,72.64249086983324,6.48
81e2dc14-1e42-11e4-b4cd-db5882bf8def,1986-08-16,0,DOM,Blanco,1982-08-16,1986-08-16,1982,1986,4,0,0,0,0,0,0,0,0,0,0,0,0,Dominican Republic (the),2,62.863628,21,0.01,0.371,0.5725,2,2,1,1,98,2,2,2,2,2,6,2,2,1,1.3802743963568,3,1,3.19,2,25,0,2,8,5,1.8231457,225399993.9,0,0,0.5469,0.673,18.3,0.821,0.64,0.285,0.52,94.01413851342775,76.78881230997628,3.3908334049263176,22.252121713930865,48310,31.624,1.169212695433931,6.941,50.786170911756145,15.051310755712,22.7286545299633,61.3978195994159,68.75879384691012,2.39101004600525,1.34415405467726,0.8167094096407902,0,3.603,43.46895472470901,68.75879384691011,17.36714527549534,2745.5686980108376,22.78097941700833,120.389549255371,4.646745,35.82866154539711,64.727,6554325,40.2952172801928,3.14012503194456,135.67222107224177,54.14,516.5,49.42608277514384,6.48
81e2dc15-1e42-11e4-b4cd-db5882bf8def,2008-05-16,1,DOM,Fernandez Reyna,1996-08-16,2000-08-16,1996,2000,4,1,1,0,6,0,0,0,0,1,0,0,4,Dominican Republic (the),2,59.492135,43,0.01,0.611,0.835,2,2,1,1,98,1,0,1,1,0,4,2,1,0,1.81105292188607,2,2,2.65,2,25,0,2,12,8,2.34943,3605500000,0,0,0.5469,0.697,19.9,0.79,0.789,0.351,0.633,97.6,58.58203605258964,1.8093852103818011,16.55971848478576,48310,21.947,2.168813690886478,5.831,11.6078535420536,12.6806857164572,21.4511189095107,65.8681953740321,86.5832296088198,2.39101004600525,0.699861657175699,5.669685165047132,-0.2942484310843988,2.533,42.49617056510039,87.1128957327589,6.335822167755158,5373.096253391455,29.59218881234075,109.525123596191,20.82,35.82866154539711,71.658,9522948,31.482862842623,5.45828904338704,197.12167253156696,71.3,313,61.392053091284325,4.764
81e2dc15-1e42-11e4-b4cd-db5882bf8def,2008-05-16,1,DOM,Fernandez Reyna,2004-08-16,2012-08-16,2004,2012,8,1,1,0,6,0,0,0,0,1,0,0,4,Dominican Republic (the),2,59.492135,43,0.01,0.611,0.835,2,2,1,1,98,1,0,1,1,0,4,2,1,0,1.81105292188607,2,2,2.65,2,25,0,2,12,8,2.34943,3605500000,0,0,0.5469,0.697,19.9,0.79,0.789,0.351,0.633,97.6,58.58203605258964,1.8093852103818011,16.55971848478576,48310,21.947,2.168813690886478,5.831,11.6078535420536,12.6806857164572,21.4511189095107,65.8681953740321,86.5832296088198,2.39101004600525,0.699861657175699,5.669685165047132,-0.2942484310843988,2.533,42.49617056510039,87.1128957327589,6.335822167755158,5373.096253391455,29.59218881234075,109.525123596191,20.82,35.82866154539711,71.658,9522948,31.482862842623,5.45828904338704,197.12167253156696,71.3,313,61.392053091284325,4.764
81e30ce8-1e42-11e4-b4cd-db5882bf8def,2004-08-16,0,DOM,Hipolito Mejia,2000-08-17,2004-08-16,2000,2004,3.997262149212868,1,0,0,4,0,0,0,0,0,0,0,0,Dominican Republic (the),2,59.881716,39,0.01,0.611,0.835,2,2,1,1,98,1,1,1,1,1,4,2,1,0,2.02407954520309,2,2,3.11,2,25,0,2,8,8,2.2249436,2501200000,0,0,0.5469,0.663,17.9,0.79,0.779,0.354,0.647,90.3,62.87350022216263,2.36061155708051,16.9737114469054,48310,22.972,1.9267229134347004,6.089,16.5155013192612,14.2360097149195,23.1615998264703,62.6023904586101,84.29269728361584,2.39101004600525,0.687618052138186,4.18629057899448,0.1139663046075032,2.664,41.66280273235355,86.6264888057654,7.020472992553918,4272.075232341411,31.8129445090859,107.716453552246,8.86555,33.80480141104599,70.331,9043127,33.3904245732698,5.2122401908101,187.1895466777065,66.003,93,81.35142293819109,6.303
81e2ab41-1e42-11e4-b4cd-db5882bf8def,1982-08-16,0,DOM,Majluta Azar,1982-07-04,1982-08-16,1982,1982,0.11772758384668036,0,0,0,0,0,0,0,0,0,0,0,0,Dominican Republic (the),2,60.540454999999994,17,0.01,0.371,0.5725,2,2,1,1,98,2,2,2,1,1,6,2,2,1,1.31174696891491,3,2,2.76,2,25,0,2,4,5,1.7417855,190000000,0,0,0.5469,0.673,17,0.821,0.634,0.31,0.505,94.01413851342775,82.35945766744614,1.9860829785181813,22.252121713930865,48310,33.183,1.063844113171467,8.084,50.786170911756145,15.051310755712,22.7286545299633,61.3978195994159,52.28415526435452,1.53891003131866,1.58204007834865,-0.0169339816629169,0,4.014,43.46895472470901,52.28412770589613,17.067035585552894,2787.120073173523,26.52346769117256,118.755500793457,4.646745,35.82866154539711,62.648,6014979,41.9889447651392,3.17430062301968,124.5079486648727,53.05,516.5,41.07497713307691,6.48
82122a72-1e42-11e4-b4cd-db5882bf8def,2000-03-12,1,ESP,Aznar,1996-05-05,2004-04-17,1996,2004,7.950718685831622,3,3,5,23,0,0,0,0,5,6,6,38,Spain,17,27.384527,24,0.58,0.857,0.8955,2,2,1,1,98,1,2,2,2,2,4,1,2,1,5.9741649600146,2,1,2.99,2,25,1,5,22,10,2.6354225,648649651.96857,32809550.8629075,57430240.6400419,0.3546,0.828,31.7,0.039,0.938,0.816,0.891,100,45.780754540112966,15.380378167888797,26.853707414829657,499000,9.8,7.70695494344982,8.9,15.6137261736096,6.68826614631384,30.8266248885092,62.4851152967358,74.10016864550875,4.16604995727539,1.72551798839458,6.770092730421776,9.875132318152726,1.22,34.25637274549098,80.63494268797741,3.745305633548455,23937.968551867485,27.969239840642366,104.224510192871,13.625,39.56135815864429,78.96585365853659,40567864,14.6869070832831,16.7169327929674,81.29832464929859,76.262,75,60.08233374649418,13.785
82122a70-1e42-11e4-b4cd-db5882bf8def,1982-12-02,0,ESP,Calvo-Sotelo,1981-02-25,1982-12-02,1981,1982,1.7659137577002053,0,0,0,0,0,0,0,0,0,0,0,0,Spain,4,14.71343,6,1,0.304,0.377,2,2,1,1,96,1,2,2,2,2,4,2,2,0,3.87509401598529,1,1,3.18,2,25,1,5,4,10,2.2492194,1581557617,1094896.73019763,907684886.911934,0.3627,0.884,28.1,0.041,0.803,0.798,0.882,100,57.27694429865667,6.804550737206196,31.16365674928923,499460,13.6,5.637067139345926,7.5,19.257558098599752,3.43405582302153,23.2501811631813,72.6483618220342,70.61883364778157,5.50121021270752,2.66030674579303,0.9095482576987834,0.2607670768861733,1.94,29.638114690346885,93.07060361320076,2.15159942379354,14697.113641138169,25.220032578308192,109.810966491699,41.49448266,45.38365101942094,76.13414634146342,37986012,24.9498810612322,11.4680083004256,76.05416249549513,73.515,50,36.52842848505969,5.965
82122a71-1e42-11e4-b4cd-db5882bf8def,1986-06-22,1,ESP,Gonzalez Marquez,1982-12-02,1996-05-05,1982,1996,13.423682409308693,0,0,0,0,0,0,0,0,0,0,0,0,Spain,4,33.118879,10,1,0.304,0.377,2,2,1,1,96,1,2,2,2,2,5,2,2,1,4.10151598385874,2,1,3.59,2,25,1,5,8,10,2.3381083,1433077271,88131660.6355201,425177652.744,0.3755,0.884,31.7,0.039,0.844,0.807,0.887,100,53.77805495428023,16.63567120880462,31.16490469325645,499440,11.4,5.27303570458533,8,19.257558098599752,3.43405582302153,23.2501811631813,72.6483618220342,60.87364276508812,5.50121021270752,2.6250366796807,1.3729840104072784,0.1502383805612998,1.56,29.638114690346885,82.8923545525935,2.15159942379354,15834.882867098748,25.220032578308192,109.299301147461,41.49448266,45.38365101942094,76.51048780487805,38584624,22.6937697533279,12.2774445701868,77.2557744674035,74.444,25.5,35.34734208537725,5.965
82122a71-1e42-11e4-b4cd-db5882bf8def,1989-10-29,1,ESP,Gonzalez Marquez,1982-12-02,1996-05-05,1982,1996,13.423682409308693,0,0,0,0,0,0,0,0,0,0,0,0,Spain,5,31.982393,13,1,0.304,0.377,2,2,1,1,96,1,2,2,2,2,5,2,2,1,4.7864422624079,1,1,4.08,2,25,1,5,11,10,2.4070728,1861106934,214867462.326683,264751246.767466,0.3863,0.884,31.5,0.039,0.876,0.813,0.891,100,51.396635432245134,18.492953416926905,31.05878584014096,499440,10.5,5.848737516793396,8.4,19.257558098599752,3.43405582302153,23.2501811631813,72.6483618220342,60.78804650777292,3.55177998542786,2.3596751422500497,2.0321244468199207,0.3552416122378873,1.4,29.638114690346885,77.60440170780001,2.15159942379354,18297.244397175687,25.220032578308192,109.526321411133,41.49448266,45.38365101942094,76.81365853658538,38827764,20.6420749561141,13.3062583625464,77.74259971167707,75.126,25.5,37.3841834429039,5.965
82122a71-1e42-11e4-b4cd-db5882bf8def,1993-06-06,1,ESP,Gonzalez Marquez,1982-12-02,1996-05-05,1982,1996,13.423682409308693,0,0,0,0,0,0,0,0,0,0,0,0,Spain,13,30.334376,17,0.6,0.304,0.377,2,2,1,1,98,1,2,2,2,2,5,2,2,1,4.57967094595659,2,1,3.5,2,25,1,5,15,10,2.500804,2321499512,75638550.3450571,183428411.417495,0.3576,0.784,37,0.039,0.904,0.819,0.891,100,47.88295950000331,17.977760719529464,29.997597308986062,499440,9.8,5.915430252210918,8.6,16.1632537522758,9.7828357258955,31.0371201301254,59.1800441439791,63.93179844667445,4.2448902130127,2.0118717370405,2.0584015770247257,0.8217231392829143,1.26,29.756208954028512,77.69169530341983,2.15159942379354,19187.182310353663,25.220032578308192,109.244438171387,0.127689668,36.238263710448834,77.54658536585367,39361262,17.7958914850633,14.5830655742701,78.8107920871376,75.692,25.5,36.94989398136975,22.156
82122a71-1e42-11e4-b4cd-db5882bf8def,1996-03-03,0,ESP,Gonzalez Marquez,1982-12-02,1996-05-05,1982,1996,13.423682409308693,5,6,6,38,0,0,0,0,0,0,0,0,Spain,16,28.92853,20,0.59,0.832,0.7575,2,2,1,1,98,1,2,2,2,2,4,2,2,0,4.94444607247366,2,1,3.27,2,25,1,5,18,10,2.568827,2925151760.08551,38586930.7417957,137152997.048151,0.3648,0.805,39.2,0.039,0.92,0.821,0.891,100,46.207252866950135,17.817894994574033,28.932404292807945,499440,9.1,6.190058062887775,8.8,23.7908459031523,8.35953775184794,29.4687273029534,62.1717273263432,67.07232260699686,4.45745992660522,1.81443901615473,1.525295224057332,1.1268346051008329,1.14,31.671916546532117,77.85351034423455,4.388975537762442,20448.60148715736,28.07914097010852,107.210586547852,1.331847404,38.105084634467175,78.12048780487805,39889852,16.0532331945023,15.5507076280289,79.86915745635112,75.938,217,46.24521926480418,22.142
82125b42-1e42-11e4-b4cd-db5882bf8def,2008-03-09,1,ESP,Rodriguez Zapatero,2004-04-17,2011-12-20,2004,2011,7.67419575633128,5,11,3,45,0,0,0,0,3,11,6,40,Spain,18,25.525521,32,0.56,0.857,0.8955,2,2,1,1,98,1,2,2,2,2,4,2,1,0,5.49379443090957,1,1,2.79,2,25,1,5,30,10,2.768695,1840374492.65947,5907756.16502762,104095774.022138,0.3505,0.858,34.6,0.039,0.945,0.816,0.885,100,45.40477483701408,14.255353880585428,25.03608660785886,498800,11.3,7.45778842917758,8.4,19.9830856202046,4.04578701838922,27.8299221146951,68.1242908669157,78.17691952659342,4.52805995941162,1.3676204845066602,4.54012423037454,4.643773593424511,1.45,36.59795108259824,81.80831581898948,2.368456866397907,27025.294943287056,26.290420993906487,102.449981689453,59.6,43.01462319056748,81.17560975609757,45954106,14.7035045362781,16.5229628561542,92.12932237369688,77.976,26,55.98333004368473,11.255
82216cff-1e42-11e4-b4cd-db5882bf8def,2003-04-10,0,EST,Kallas,2002-01-28,2003-04-10,2002,2003,1.1964407939767283,1,1,1,7,1,0,2,6,0,0,0,0,Estonia,8,28.294038,13,1,0.844,0.82,2,2,1,1,3,1,2,2,2,2,7,2,2,1,8.82785635493884,2,1,5.42,2,12,1,1,3,9,3.3472013,51207275.0953853,0,0,0.4284,0.826,28.2,0.056,0.911,0.808,0.868,100,47.33728319474422,0.0341961761005999,12.856805850436425,42390,9.5,13.827258666977938,13.2,0.482330938084457,6.23546655607958,30.699502525986,63.0648630225534,24.96882951690601,5.27309989929199,1.7430492952597898,10.514920872001737,2.783758768741412,1.37,53.50386883698985,28.30689004536456,3.460192813113176,12362.248284302395,26.112634494248105,105.654472351074,45.32,48.471656693166686,71.3170731707317,1370720,16.117412006839,16.0110764117008,32.33592828497287,68.989,1021,122.776875234578,11.288
82216cfe-1e42-11e4-b4cd-db5882bf8def,1999-03-25,0,EST,Siimann,1997-03-17,1999-03-25,1997,1999,2.020533880903491,0,0,0,0,0,0,0,0,0,0,0,0,Estonia,7,30.933503,9,1,0.866,0.7795,2,2,1,1,3,1,2,2,2,2,7,2,2,1,6.05739665148407,2,1,6.87,2,12,1,1,8,7,3.2463295,2314638.97708072,0,0,0.4178,0.781,24,0.099,0.902,0.807,0.872,100,49.62396061810801,0.0408917488265178,20.26421325784383,42390,9,12.222602651045428,13.4,0.19351717464925,8.58809636754509,31.6286330436655,59.7832705887894,37.84704111326521,6.65249013900757,1.28711336447566,5.660895534509596,1.7999484596429185,1.3,52.73864118895965,32.207305595178816,3.6281471869606414,9091.333194287745,23.843217138422588,100.15892791748,14.50089724,48.126759611702965,70.06341463414634,1390244,18.3886552069703,14.7771444002256,32.79650861052135,69.543,634,144.11645359293288,11.573
82213c2d-1e42-11e4-b4cd-db5882bf8def,1995-04-17,0,EST,Tarand,1994-11-08,1995-04-17,1994,1995,0.4380561259411362,0,0,0,0,0,0,0,0,0,0,0,0,Estonia,6,49.7055225,5,1,0.866,0.7795,2,2,1,1,3,1,2,2,2,2,7,2,2,1,4.62351541828519,2,2,5.93,2,12,1,1,4,6,3.0315707,1283825.09832797,0,0,0.4207,0.733,24.2,0.167,0.884,0.803,0.873,100,52.00336883803656,0.0284744461329895,20.61807029959896,42390,9.4,13.201483467605527,14.5,0.0920280685609111,10.1831266225746,34.2279147304526,55.5889586469728,34.53181411647171,5.89866018295288,0.958098327008493,4.592689682118997,0.1735736587442642,1.38,52.42734135409295,28.00473057228363,4.130641262102334,7137.53077576403,27.381450763513765,90.944091796875,2.778968489,47.51207839174298,67.54390243902438,1436634,20.7006246665864,13.5113833869663,33.89087048832272,70.3,350,139.08747367766296,9.659
8224ab29-1e42-11e4-b4cd-db5882bf8def,1988-01-27,1,FIN,Koivisto,1981-09-11,1994-03-01,1981,1994,12.46817248459959,0,0,0,0,0,0,0,0,0,0,0,0,Finland,3,5.11551,72,1,0.256,0.5535,96,2,1,1,98,3,2,2,2,2,8,2,2,2,6.77786867590512,2,1,6.15,2,25,1,5,44,10,2.909101,105305137.6,0,0,0.2904,0.884,38.7,0.017,0.925,0.802,0.846,100,47.88526104621787,22.58322681078804,7.375160051216389,304590,12.8,10.88970118352825,9.9,19.257558098599752,3.43405582302153,23.2501811631813,72.6483618220342,59.46845599470119,5.06695985794067,1.60769117311844,0.4875722498598405,2.4060852346788413,1.69,29.638114690346885,57.80546029962477,5.195313009136765,29806.343329290557,30.087457476897413,100.127250671387,41.49448266,45.38365101942094,74.57707317073171,4946481,19.3362500395477,13.0437577699175,16.239801044026397,78,25.5,48.15765806863652,5.965
820d967d-1e42-11e4-b4cd-db5882bf8def,2002-05-05,1,FRA,Chirac,1995-05-17,2007-05-16,1995,2007,11.997262149212867,4,5,2,28,13,14,11,91,2,1,5,15,France,31,14.83552,57,1,0.857,0.912,2,2,1,2,98,3,2,2,2,2,7,2,2,1,6.05381001458374,1,1,5.22,1,2,1,5,37,10,2.9239173,10599319442.2809,474142527.298216,323556402.626225,0.3361,0.85,31.1,0.06,0.916,0.803,0.878,100,53.694788551492,45.36568894660182,33.55114533929181,547567,12.9,6.451965352661245,8.8,11.5972761591677,4.13128978526024,25.3971232331946,70.4715830229605,48.65845485499833,5.78097534179688,2.04625799037992,3.433472871458252,3.5301782973357643,1.88,28.33297112499475,52.81353407472164,2.0108588519292696,34146.30626832431,20.649452806316045,100.249298095703,30.18,45.920943770756224,79.26097560975612,61816234,18.5802717763657,16.3557138787457,112.8925483091567,76.38,92,53.07202475833355,8.702
820d967b-1e42-11e4-b4cd-db5882bf8def,1981-05-21,0,FRA,Giscard D'Estaing,1974-05-27,1981-05-21,1974,1981,6.98425735797399,0,0,0,0,0,0,0,0,0,0,0,0,France,12,14.71343,36,1,0.257,0.482,2,2,1,2,98,3,2,2,2,2,8,2,2,2,5.73558470052462,2,1,4.14,1,2,1,5,16,9,2.6072204,1278299805,3302516803.4783,1149570546.87303,0.2854,0.884,34.2,0.06,0.831,0.792,0.867,100,55.91467221480036,18.00517180992916,32.00710051391065,547566,14.1,8.222306590426577,10.1,19.257558098599752,3.43405582302153,23.2501811631813,72.6483618220342,65.84710600988838,4.73072004318237,3.24613261046416,0.4012058788611946,0.7389513379349683,1.85,29.638114690346885,77.75584647501749,3.531672500171574,23733.59356554341,27.06765885271135,108.82657623291,41.49448266,45.38365101942094,74.30000000000001,55371044,22.1641726346767,13.698181836156,101.12213687482422,73.352,25.5,45.41094345912134,5.965
820d967c-1e42-11e4-b4cd-db5882bf8def,1988-05-08,1,FRA,Mitterand,1981-05-21,1995-05-17,1981,1995,13.987679671457906,0,0,0,0,0,0,0,0,0,0,0,0,France,12,22.019914,43,1,0.257,0.482,2,2,1,2,98,3,2,2,2,2,5,1,2,1,5.98254505557604,2,1,4.38,1,2,1,5,23,10,2.7568324,3418352783,427196269.266899,734440628.475759,0.3078,0.884,35.2,0.06,0.834,0.804,0.878,100,51.715481891690494,37.19756410036399,32.531238243426365,547566,13.8,6.5198836921582055,9.5,19.257558098599752,3.43405582302153,23.2501811631813,72.6483618220342,50.5488708429962,4.54472017288208,2.96318060884889,0.8332856575786945,1.4227961456601983,1.81,29.638114690346885,59.39941238744083,2.849391762995628,26912.18120640541,24.981220581162216,108.323593139648,41.49448266,45.38365101942094,76.10000000000001,57472651,20.4267000379895,13.6604489899154,104.96022579926438,73.875,25.5,41.39221694416973,5.965
820d65a1-1e42-11e4-b4cd-db5882bf8def,1969-06-20,0,FRA,Poher,1969-04-27,1969-06-20,1969,1969,0.14784394250513347,0,0,0,0,0,0,0,0,0,0,0,0,France,10,14.71343,24,1,0.453,0.395,2,2,1,2,98,3,2,2,2,2,7,2,2,1,5.38219426023094,1,1,4.32,1,2,1,5,4,9,2.2907226,682357429.334024,909434352.156531,211784383.656051,0.3478,0.884,27.7,0.06,0.793,0.721,0.81,100,59.9451460841678,4.498414764749059,32.07832480468108,547566,17.3,9.118305739443487,10.9,19.257558098599752,3.43405582302153,23.2501811631813,72.6483618220342,68.35267327832118,5.50121021270752,3.67975172675766,2.030641506788335,1.6866264502348185,2.62,29.638114690346885,95.53945897880668,6.679956570492854,16738.1676713016,28.793407258423365,102.011859893799,41.49448266,45.38365101942094,71.45853658536586,51272683,24.6807493090679,12.7978162578514,93.637448271076,70.648,25.5,28.99275581581617,5.965
82511d05-1e42-11e4-b4cd-db5882bf8def,2012-05-15,0,FRA,Sarkozy,2007-05-16,2012-05-15,2007,2012,4.999315537303217,11,11,13,79,2,3,6,20,7,16,20,80,France,30,15.711229,67,1,0.857,0.912,2,2,1,2,98,3,2,1,2,2,7,2,2,1,5.3964484080949,1,1,5.228457,1,2,1,5,47,10,3.094209,22666366758.9422,52309442.2608494,683065616.973771,0.3292,0.885,24.95294,0.06,0.939,0.822,0.893,100,56.31722887527806,46.45041143204749,33.3877568910634,547557,12.6,5.562527260720926,8.7,14.8273540719154,2.93520140574329,21.7779944966183,75.2868040976384,46.79923106658178,5.48835611343384,1.87108059984757,1.2275966210614946,1.9381944059288287,2.01,30.290545093935428,49.01202707006454,1.6317950367770264,36182.151127581645,17.868550615567568,102.523162841797,81.44,47.82058996352359,81.96829268292684,65662240,18.3159073066943,17.7116185064849,119.91854729279326,78.878,94,59.7020591687875,9.841
8207aca8-1e42-11e4-b4cd-db5882bf8def,2001-06-07,1,GBR,Blair,1997-05-02,2007-06-27,1997,2007,10.151950718685832,11,10,7,71,0,0,1,1,1,8,6,26,United Kingdom of Great Britain and Northern Ireland (the),8,13.845163,117,0.61,0.701,0.438,2,2,2,96,98,3,1,2,2,2,7,2,2,1,6.32380979344622,2,1,3.33,1,1,1,5,121,10,3.5284812,4955597475.92235,21790405266.1613,754242816.746858,0.3719,0.869,26.6,0.042,0.872,0.797,0.861,100,52.91583819552519,10.826296437622622,23.3579961145786,241930,11.3,9.49290433321578,10.2,2.49733241275421,1.39233330341523,24.6406484898304,73.9670182067544,-17.241907530709764,4.10014009475708,2.41112210130721,3.3998059098334013,4.6921241438955725,1.63,12.253544413673376,87.82897536435264,0.7596836323818748,39768.66634639711,21.714719470219475,100.935943603516,33.4811,45.53889854386753,77.99268292682927,59119673,18.8694806080063,15.7350698612144,244.36685404869175,78.751,104,52.82161350975234,4.696
8207aca8-1e42-11e4-b4cd-db5882bf8def,2005-05-05,1,GBR,Blair,1997-05-02,2007-06-27,1997,2007,10.151950718685832,9,9,12,66,1,0,1,5,11,10,7,71,United Kingdom of Great Britain and Northern Ireland (the),8,12.198743,121,0.61,0.701,0.438,2,2,2,96,98,3,1,2,2,2,5,1,2,1,5.89469179635691,1,1,3.59,1,1,1,5,125,10,3.6050627,6045166080.36334,42319334107.2731,824720994.185042,0.3878,0.895,29.5,0.042,0.902,0.801,0.863,100,51.31580747141453,10.06672703732781,23.68040342247757,241930,12,9.214605748103772,9.6,4.28348161223592,1.37603253648279,22.2144068656745,76.4095640060319,7.861983331544661,4.92976999282837,2.42271607573388,9.934546400495089,6.287814588345654,1.76,12.427148348695903,88.1574477501595,0.5449154923435156,43007.36292458918,20.266752648259263,105.804710388184,70,45.91954203535055,79.04878048780489,60401206,18.0757571969932,15.8372945472417,249.6639771834828,79.915,134,52.68071684054824,4.751
8250ec2e-1e42-11e4-b4cd-db5882bf8def,2010-05-11,0,GBR,Brown,2007-06-27,2010-05-11,2007,2010,2.8720054757015743,1,0,0,4,19,13,19,121,0,1,0,2,United Kingdom of Great Britain and Northern Ireland (the),8,11.00954,126,0.6,0.701,0.4495,2,2,2,96,98,3,2,2,2,2,7,2,2,1,5.15195382166637,1,1,3.71,1,1,1,5,130,10,3.7031314,4951404772.71065,10679761690.3373,614535515.578007,0.3486,0.913,30.9,0.042,0.902,0.803,0.867,100,51.44819841003236,8.832406679293467,24.676559335344937,241930,12.9,7.928053504452584,8.9,6.81281342640788,1.21592447666869,19.2102555434201,79.5738199799112,26.57049678681227,5.69867992401123,2.56799960467203,2.684973590100001,2.189009625753392,1.92,12.644153267474062,88.16810567578524,0.586676348245908,42310.749912752006,18.588072634224677,105.673240661621,85,46.19546039982955,80.40243902439025,62766365,17.6278811556178,16.3429416952955,259.4401893109577,81.302,152,59.27277497228876,7.787
82077bd2-1e42-11e4-b4cd-db5882bf8def,1964-10-16,0,GBR,Douglas-Home,1963-10-18,1964-10-16,1963,1964,0.9965776865160849,0,0,0,0,0,0,0,0,0,0,0,0,United Kingdom of Great Britain and Northern Ireland (the),10,14.71343,80,1,0.453,0.1795,2,2,2,96,98,3,2,2,2,2,7,2,2,1,5.92419114739271,1,1,2.52,1,1,1,5,84,10,2.627012,682357429.334024,830079.15811902506,12974372.6337792,0.3282,0.884,28.6,0.018,0.618,0.718,0.813,100,54.53326775017763,1.4039629929676043,30.397222337039643,241930,18.8,9.118305739443487,11.3,19.257558098599752,3.43405582302153,23.2501811631813,72.6483618220342,32.802203147940205,5.50121021270752,6.59605601313516,2.030641506788335,1.6866264502348185,2.93,29.638114690346885,98.6064971913892,2.15159942379354,16884.774617848583,25.220032578308192,102.011859893799,41.49448266,45.38365101942094,71.62439024390244,54000000,23.2723559499828,12.0166584666227,223.2050593146778,77.96,25.5,67.46431546018546,5.965
8207aca7-1e42-11e4-b4cd-db5882bf8def,1997-05-02,0,GBR,Major,1990-11-28,1997-05-02,1990,1997,6.425735797399041,1,8,6,26,0,0,2,2,0,0,0,0,United Kingdom of Great Britain and Northern Ireland (the),8,15.470304,113,0.63,0.265,0.1465,2,2,2,96,98,3,1,2,2,2,6,2,2,1,5.26509170220062,2,1,3.21,1,1,1,5,117,10,3.4127865,1648877894.95081,11188846886.4522,26422140796.3729,0.3634,0.843,31.2,0.031,0.856,0.747,0.813,100,54.21753164645836,11.935729450777924,26.3216632910346,241930,12.5,9.30187128772192,10.8,1.98923191477175,1.85422907917066,26.8627095756582,71.283053938624,-22.32726935973646,5.50121021270752,2.56014877225605,3.287298646770024,4.785577710488584,1.72,11.991898483032282,86.71951891287573,0.9364331003088928,35347.76354337459,23.62815382759688,102.011859893799,7.385398957,44.862406671525015,77.21097560975612,58316954,19.3599274920913,15.7966022346963,241.04887364113583,78.472,75,50.97340584536477,7.072
82077bd3-1e42-11e4-b4cd-db5882bf8def,1970-06-19,0,GBR,Wilson,1964-10-16,1970-06-19,1964,1970,5.672826830937714,0,0,0,0,0,0,0,0,0,0,0,0,United Kingdom of Great Britain and Northern Ireland (the),10,14.71343,86,1,0.433,0.1795,2,2,2,96,98,3,2,2,2,2,7,2,2,1,6.95002804609188,1,1,2.46,1,1,1,5,90,10,2.7415075,682357429.334024,1721756486.37178,6753495.48217344,0.2997,0.884,27.4,0.02,0.761,0.731,0.824,100,59.0655436369096,3.4930245273776803,29.355598726904475,241930,16.2,12.02801668964712,11.8,19.257558098599752,3.43405582302153,23.2501811631813,72.6483618220342,50.59548181280695,5.50121021270752,5.19741323809566,1.1387285905287057,1.2838246528702657,2.44,29.638114690346885,96.48387395833304,2.15159942379354,19284.486919743817,25.220032578308192,102.011859893799,41.49448266,45.38365101942094,71.97317073170733,55663250,24.1060352282331,13.0267986354865,230.0799818129211,77.117,25.5,42.98926741473986,5.965
82238626-1e42-11e4-b4cd-db5882bf8def,2013-11-17,0,GEO,Saakashvili,2008-01-20,2013-11-17,2008,2013,5.8261464750171115,1,2,3,11,0,0,0,0,3,2,2,18,Georgia,9,29.314782,10,1,0.799,0.847,2,96,1,1,98,1,1,1,2,1,5,1,1,1,2.08220709221464,3,3,2.147407,3,3,0,1,9,7,3.018702,1945284852.34,0,40307478.8109824,0.4945000000000001,0.784,17.347,0.091,0.815,0.458,0.621,100,48.01106798049169,16.81110483339594,5.982155705856957,69490,15.102,2.410059209160151,12.783,82.2248732478378,47.3259702109656,10.8157128021693,41.8583169868651,63.36345097121556,3.47322177886963,2.57055243515557,5.974326402988376,0.7266503674914666,2.017,40.61591595913081,68.93449554880915,9.21478687624408,3806.5060064905138,18.033720914270027,110.558212280273,43.3,45.32725421104155,72.628,3717668,18.7752846159789,13.6621876917002,65.0419538822212,56.685,6787,93.81391378955315,19.416
82301d14-1e42-11e4-b4cd-db5882bf8def,2004-12-07,1,GHA,John Agyekum Kufuor,2001-01-08,2009-01-07,2001,2009,7.997262149212868,0,0,0,0,0,0,0,0,0,0,0,0,Ghana,4,61.142256,8,0.58,0.573,0.673,96,1,1,1,2,3,1,1,2,1,6,2,2,1,1.57698259205603,2,2,2.44,1,1,0,4,3,8,2.1674016,82371200,2682640.16432038,122536486.17535,0.4923,0.517,19.1,0.63,0.816,0.64,0.736,50.8,78.00208924366162,5.817895165363888,17.305949283642438,227540,34.535,0.3104383349483832,9.476,87.4482530220235,54.5363192972876,14.4763055420737,30.9873751606387,36.77232908086484,7.53558015823364,0.277570912276859,1.5681054699015158,-0.0110191864663877,4.531,37.29602707216314,36.92010970193083,37.95242609300957,1105.6856414138235,24.71675626512197,81.049690246582,1.7168,49.12007311194239,59.191,21906444,40.5597092800639,3.26117511358758,96.27513404236618,46.63,14759,99.67033434721225,6.757
821e2ed9-1e42-11e4-b4cd-db5882bf8def,1989-07-02,0,GRC,A. Papandreou,1981-10-21,1989-07-02,1981,1989,7.696098562628337,0,0,0,0,0,0,0,0,0,0,0,0,Greece,2,39.961989,16,1,0.555,0.586,2,2,1,1,3,1,2,1,1,2,5,0,1,2,5.00119874401279,2,1,2.73,2,15,0,5,14,10,2.5042777,1387000000,21396358.086904,217055212.908587,0.3329,0.884,35.7,0.269,0.879,0.78,0.871,100,50.42869839304635,1.0187242231007894,22.443754848719937,128900,10.1,7.5738455966788445,9.2,19.257558098599752,3.43405582302153,23.2501811631813,72.6483618220342,58.056337690703295,2.01546001434326,3.7658694645888,0.949866222184129,-0.0165701463172631,1.4,29.638114690346885,96.63051869327862,2.15159942379354,15690.878686370726,25.220032578308192,96.6405029296875,41.49448266,45.38365101942094,76.6878048780488,10089498,19.820511773477,13.7028141166369,78.27384018619084,71.279,6,40.78385684965369,5.965
0edd12c1-df39-11e5-ba44-bb6d7c1a9a58,1981-10-21,0,GRC,Georgios Rallis,1980-05-09,1981-10-21,1980,1981,1.4510609171800137,0,0,0,0,0,0,0,0,0,0,0,0,Greece,2,14.71343,8,1,0.555,0.586,2,2,1,1,3,1,2,2,2,2,7,1,2,2,3.70983336804735,2,1,2.68,2,15,0,5,6,8,2.3082342,1169000000,0,134436651.066297,0.3875,0.884,30.3,0.265,0.809,0.742,0.837,100,58.011456189899256,2.000643205814253,22.69200930954228,128900,14.5,5.44819540873748,8.9,19.257558098599752,3.43405582302153,23.2501811631813,72.6483618220342,69.84218924863046,1.69280004501343,5.7357013089349,0.9933805178897078,1.6866264502348185,2.09,29.638114690346885,94.74596442976254,2.15159942379354,14959.927561412,25.220032578308192,102.055976867676,41.49448266,45.38365101942094,74.95743902439024,9729350,23.5721458151476,13.1413025637345,75.47982932505819,69.746,320,47.1403301540426,5.965
821e907e-1e42-11e4-b4cd-db5882bf8def,2007-09-16,1,GRC,Konstantinos Karamanlis,2004-03-10,2009-10-06,2004,2009,5.574264202600959,0,0,0,0,6,6,4,40,0,0,0,0,Greece,13,34.856358,34,1,0.857,0.8955,2,2,1,1,3,1,1,2,2,1,5,1,1,1,6.52204808981861,2,1,3.02,3,13,1,5,32,10,2.8763766,2483241140.54473,5951651.24105624,37610018.0393876,0.3576,0.866,38.9,0.253,0.912,0.808,0.898,100,49.27500418162889,1.7291662888174686,19.91466252909232,128900,10.1,9.59253826297987,9.9,7.32566854299884,10.6127923950427,22.6659063689421,66.7213012360152,66.34261878155647,3.59139657020569,2.67930592141264,0.6137055751281968,1.6495803533798266,1.41,29.568122575640025,93.02602135451424,3.037347756507604,24072.79181886909,17.998358045216804,98.7613906860352,35.88,40.37640210910887,79.43902439024392,11048473,14.3548174422874,18.6547346986891,85.71352211016291,75.199,92,57.52437401929662,8.351
821e5fac-1e42-11e4-b4cd-db5882bf8def,1993-10-13,0,GRC,Mitsotakis,1990-04-11,1993-10-13,1990,1993,3.5071868583162216,0,0,0,0,0,0,0,0,0,0,0,0,Greece,8,38.573727,20,1,0.555,0.586,2,2,1,1,3,1,1,2,1,2,5,1,1,1,4.54341821206939,3,1,2.63,2,15,1,5,18,10,2.5951333,2655000000,8517850.77892512,109445618.812439,0.3488,0.776,35.3,0.269,0.874,0.798,0.885,100,48.17184305569779,1.1077511716605604,22.024825446082232,128900,9.7,7.608034671664557,9.3,6.10955240317802,19.3471156769989,24.8480439515886,55.8048403714125,58.950349063352846,5.50121021270752,3.60012469561704,0.897903177897498,-0.0206159304878164,1.32,26.292122575640036,94.1611940096502,2.15159942379354,15461.482899050625,25.220032578308192,95.7746276855469,0.191062242,35.580511268591394,77.39024390243904,10460415,17.7469688971126,14.7638215030416,81.15139643134212,71.878,25.5,37.02589932470011,10.177
821e5fae-1e42-11e4-b4cd-db5882bf8def,2000-04-09,1,GRC,Simitis,1996-01-22,2004-03-10,1996,2004,8.131416837782341,4,6,3,31,0,0,0,0,4,4,0,24,Greece,13,36.120054,27,1,0.857,0.789,2,2,1,1,3,1,2,2,1,2,7,2,2,1,6.6304128260302,3,1,2.64,2,15,0,5,25,10,2.7292109,2193819905.93717,9499661.04137147,73510708.0192537,0.4163,0.818,36.1,0.253,0.897,0.8,0.885,100,46.39168400182349,1.4380196018130218,21.26454615981381,128900,9.6,8.886508070474692,9.7,7.75666822648573,16.754004887632,22.9083685018147,60.3376036358799,63.13240619694037,3.23019003868103,3.4653553200888103,-0.0062820866311514,0.7730236867217907,1.25,27.93040806826998,94.59119325030728,5.435248181352538,18642.721266698947,18.74760260863367,102.308349609375,9.13884,38.75026503268512,77.8878048780488,10805808,14.7900378588398,16.9000731918846,83.83093871217999,72.716,124,58.41567734021292,11.345
821e5fab-1e42-11e4-b4cd-db5882bf8def,1990-04-10,0,GRC,Zolotas,1989-11-28,1990-04-10,1989,1990,0.36413415468856947,0,0,0,0,0,0,0,0,0,0,0,0,Greece,2,39.583064,17,1,0.555,0.586,2,2,1,1,3,1,2,1,1,2,6,1,1,1,4.70659720030296,2,1,2.63,2,15,0,5,15,10,2.529926,1817000000,12274803.9928419,243496892.424558,0.3412,0.762,34.4,0.269,0.87,0.795,0.885,100,49.72398802829734,0.8589186144191056,22.490302560124128,128900,10,7.639873403321357,9.2,5.09273903666427,3.43405582302153,23.2501811631813,72.6483618220342,57.09855527608016,2.04608011245728,3.79826032707078,1.0266511277294663,0.0109366437546981,1.39,25.590000000000003,94.5633807165641,2.15159942379354,15525.77409879304,25.220032578308192,95.9240570068359,0,45.38365101942094,76.93902439024392,10196792,19.2807399933316,13.9296930623441,79.10622187742436,71.467,16,40.12830690642399,5.965
81e61a3e-1e42-11e4-b4cd-db5882bf8def,1991-01-14,0,GTM,Cerezo,1986-01-14,1991-01-14,1986,1991,4.999315537303217,0,0,0,0,0,0,0,0,0,0,0,0,Guatemala,2,63.018265,6,0.01,0.684,0.467,2,1,1,1,1,1,2,2,2,2,2,1,1,1,1.40549029706409,5,3,7.01,2,25,0,2,5,3,1.519857,178899993.9,1316292.99866026,51480889.2379574,0.5525,0.494,5.4,0.855,0.38,0.214,0.385,94.01413851342775,95.54297435258886,2.978135647404057,12.131392310563644,107160,38.65,0.4450449368998885,8.435,89.588801399825,30.9424423390745,26.3836408162527,42.6739168446729,24.447839708271868,2.39101004600525,1.26843726414995,0.9642642660043969,0.1139663046075032,5.377,44.083613288540505,28.59310408688348,25.73998175721803,2758.6734202724,19.5754638267262,79.8863525390625,0,32.012387946085354,62.725,9296814,45.345102953179,3.51524212324562,86.75638297872341,42.323,52584,39.52025622317773,2.675
81e61a3d-1e42-11e4-b4cd-db5882bf8def,1986-01-14,0,GTM,Mejia Victores,1983-08-08,1986-01-14,1983,1986,2.43668720054757,0,0,0,0,0,0,0,0,0,0,0,0,Guatemala,2,63.768217,1,0.01,0.684,0.467,2,1,1,1,1,1,2,2,2,1,0,0,1,0,1.41254482527349,3,3,2.83,2,25,0,2,0,3,1.4520941,699999.9881,2747891.81376,55060620.264,0.5525,0.673,6.6,0.822,0.269,0.168,0.348,94.01413851342775,96.34496871168602,3.29072328777266,12.131392310563644,107160,40.096,0.3936497345254815,9.445,50.786170911756145,15.051310755712,22.7286545299633,61.3978195994159,16.45159962415414,2.39101004600525,1.66749799534035,0.9513322329124116,0,5.663,43.46895472470901,23.58023842065174,25.610503058400663,2647.9525093387183,20.09047152361111,76.9441375732422,4.646745,35.82866154539711,60.772,8104921,45.9135595280692,3.15567189774951,75.633827920866,40.674,52800,30.64401925341572,6.48
81f681c7-1e42-11e4-b4cd-db5882bf8def,2006-08-28,1,GUY,Bharrat Jagdeo,1999-08-11,2011-12-03,1999,2011,12.31211498973306,0,0,0,0,0,0,0,0,0,0,0,0,Guyana,1,56.699873,15,1,0.609,0.5355,2,2,1,1,2,3,2,2,2,1,5,1,1,1,2.5927458103106,3,2,2.36772738327862,2,13,0,10,14,6,2.538472,218076000,0,0,0.5529000000000001,0.624,18.7,0.582,0.855,0.376,0.585,73.4,64.19383683393487,0.3865161415518239,2.1336042672085345,196850,22.608,1.7598339590198413,7.297,0,21.9904231075923,24.2478334608363,53.7617434315714,-29.80889606388346,3.11891007423401,0.805815134799291,4.302850066707542,0.22550158651511876,2.797,94.17106426212852,0,34.00026710589654,4079.9998822581015,22.07167914282989,100.3448944091797,8.9,32.74403776503843,65.667,758367,34.9848193652813,4.11159497209466,3.85251206502413,27.582,535,90.9613941465855,10.7
81f650f4-1e42-11e4-b4cd-db5882bf8def,1992-10-09,0,GUY,Hoyte,1985-08-06,1992-10-09,1985,1992,7.175906913073238,0,0,0,0,0,0,0,0,0,0,0,0,Guyana,1,59.889775,1,0.28,0.444,0.5355,2,2,1,1,2,3,1,2,1,2,7,2,1,1,2.10336874369603,3,3,2.15721805160066,2,13,0,10,0,6,2.2835767,1019999.981,0,0,0.5525,0.509,17.6,0.537,0.75,0.264,0.361,96.5,67.09198606740667,0.3865161415518239,2.010329184658369,196850,28.731,1.453024034963852,8.218,2.14592274678112,34.4542392027918,21.867548867327,43.6782119298812,-29.80889606388346,4.33057999610901,0.969692301108401,39.24532674284247,-0.5353703941455898,3.066,94.46057404114808,90.17412252962863,43.79466769375615,2734.6750006458,16.506183934608636,96.2950134277344,0,32.9771844332363,62.787,744998,36.2015736954999,3.95115154671556,3.784597409194818,29.404,35,274.97311593272565,11.9
821b5262-1e42-11e4-b4cd-db5882bf8def,2005-01-16,1,HRV,Mesic,2000-02-18,2010-02-18,2000,2010,10.001368925393566,1,2,2,10,3,1,0,14,1,0,1,5,Croatia,10,46.170589,6,1,0.894,0.862,2,1,1,1,1,1,1,2,2,1,7,2,1,1,4.15529199466414,2,2,5.93,2,25,1,1,5,9,3.050947,1874468831.81768,681214325.548245,450105224.363993,0.3259,0.806,24.5,0.462,0.918,0.635,0.777,99.9,49.75635009841545,6.898387547021885,15.599313844614397,55964,9.563,5.271237974592502,11.656,54.0706134640423,17.3000432580099,28.6283120575815,54.0716446844086,51.18285297409351,5.36704969406128,1.74564360143634,4.030430544759525,0.5352005307238555,1.5,33.99506825816596,77.03280172412465,3.865423877240175,11523.877156741535,23.766821312829457,100.140830993652,33.14,45.09965903555772,75.24463414634147,4310145,16.0060040434058,17.2188677673553,77.01638553355728,54.315,119154,81.46960257054201,12.598
821781bd-1e42-11e4-b4cd-db5882bf8def,1998-07-06,0,HUN,Horn,1994-07-15,1998-07-06,1994,1998,3.975359342915811,0,0,0,0,7,4,10,46,0,0,0,0,Hungary,25,39.173287,9,1,0.625,0.454,2,96,1,1,98,1,2,1,2,2,8,2,2,2,3.75307595299175,2,1,6.66,3,2,1,1,8,10,2.9297185,191846209.84359,412759787.623426,170565102.203998,0.3006,0.755,25.4,0.24,0.871,0.758,0.847,100,47.23683808590117,14.629090173156635,53.663697104677055,89800,9.5,5.98460829663656,13.7,0.578112395805324,7.34182582455089,34.7788689118035,57.8793052636456,51.48222863645461,4.40864992141724,1.2721641748015,6.696509727248189,0.4795883742552065,1.32,21.15496659242762,82.16912861676916,6.036502790721815,8282.398859656507,28.09543362720676,101.99210357666,3.894643278,44.3661175803652,70.5578048780488,10266570,17.3575559378349,14.7246558109317,114.32706013363028,64.829,1243,107.42990062644012,8.925
821781be-1e42-11e4-b4cd-db5882bf8def,2002-05-27,0,HUN,Orban,1998-07-06,2002-05-27,1998,2002,3.890485968514716,0,0,0,0,8,6,3,47,0,0,0,0,Hungary,24,37.267412,13,1,0.912,0.627,2,96,1,1,98,1,2,1,1,2,7,2,2,1,3.86849757149899,2,1,2.94,3,2,1,1,12,10,3.0221515,443556552.581679,546401173.388488,289372988.743574,0.3466,0.791,30.4,0.275,0.873,0.761,0.849,100,45.889202360684365,14.693252428661562,51.39477795135014,89620,9.5,5.835100635835146,13.1,0.655474735182676,6.11781150006951,34.1392164689708,59.7429720309597,56.2574642377688,5.17923021316528,1.59377380209258,5.388975930438962,1.7348482286745155,1.3,21.71629100647177,80.79182567751305,4.260795042566308,9825.943198584033,26.807025340746417,101.256103515625,16.67,44.881813253443816,72.34878048780489,10158608,16.2284474062245,15.2263831895102,113.35201963847356,65.081,3515,118.32010916229162,5.608
824d1b8c-1e42-11e4-b4cd-db5882bf8def,2009-07-08,1,IDN,Bambang Yudhoyono,2004-10-20,2014-10-20,2004,2014,9.998631074606434,1,1,4,10,0,0,0,0,1,1,2,8,Indonesia,6,62.817954,11,0.01,0.896,0.8085,2,2,1,1,1,3,1,2,2,0,3,0,1,0,1.38634845023829,3,2,9.59,2,13,0,7,10,8,2.3926005,6792907280.44703,13289393269.0858,23502261666.3605,0.4788,0.66,27.8,0.754,0.73,0.533,0.695,93.6,51.38336213850405,0.7646615776185792,12.436625142009214,1877519,20.383,1.7009556413753086,7.386,13.2330616046028,40.4536715345448,18.295618546858,41.2507099185972,-74.39975664619436,3.52513003349304,0.571133891996423,0.9039194196472096,0.4168281513207234,2.459,53.16658846062276,65.52072458112153,15.29014814605604,2569.874212612784,47.652122580800864,112.17903137207,6.92,38.06067689007384,68.494,240981299,28.0756308812162,5.86691168927594,128.35092427826297,49.134,18207,45.51212136836037,6.106
824d1b8b-1e42-11e4-b4cd-db5882bf8def,2004-10-20,0,IDN,Megawati Sukarnoputri,2001-07-24,2004-10-20,2001,2004,3.241615331964408,1,1,2,8,0,0,0,0,1,3,2,12,Indonesia,5,65.971078,6,0.01,0.896,0.8085,2,2,1,1,1,3,1,1,0,0,1,1,0,0,1.39653329969048,4,3,8.55,2,13,0,7,5,8,2.2753305,1866314989.57746,25574747340.0213,19179399262.7256,0.4121,0.621,28.7,0.759,0.716,0.534,0.698,89,53.08369036539645,0.6622892872726072,12.35673247514406,1877519,20.701,1.5875871052486628,7.995,13.6065178133036,43.3299517500336,18.0046423956657,38.6654048270675,-50.17429110757024,2.74847006797791,0.945714621727218,0.7382439798875625,1.3269122652577097,2.418,53.59822190880625,64.31644718231843,14.335780295564184,2083.8825089786965,44.62761597546016,111.60619354248,2.60029,35.98745371231271,65.75,225938595,29.22273755226,5.45351692891052,120.33891268210868,45.149,27919,59.76129483669104,7.303
82479367-1e42-11e4-b4cd-db5882bf8def,1977-03-22,0,IND,"Gandhi, I.",1966-01-24,1977-03-22,1966,1977,11.156741957563312,0,0,0,0,0,0,0,0,0,0,0,0,India,4,62.425258,28,0.234,0.295,0.4995,2,1,1,1,1,3,1,2,1,1,1,0,1,0,0.595661492123714,2,2,3.35,1,1,0,8,10,8,1.2495432,934415893.6,569698025.763252,4062827118.58606,0.351,0.504,17.7,0.358,0.511,0.342,0.496,64.4,78.41968483483997,2.099392877654408,54.506775550839336,2973190,36.89,0.4235677267383285,14.662,16.01056687594525,54.4443254272337,17.994375700714,27.5612988720523,8.777171118613785,2.89752995967865,3.1627719371291803,-0.0296822758224168,0,5.007,22.615910856689275,38.22397865902752,35.77714426432627,388.8385692394469,24.40026254227923,85.6396636962891,0.348414425,24.80129212875532,51.909,651685628,40.0392064500155,3.91316616545056,219.18734692367457,22.026,11883,12.648101137552864,7.992
8247936a-1e42-11e4-b4cd-db5882bf8def,1989-12-02,0,IND,"Gandhi, R.",1984-10-31,1989-12-02,1984,1989,5.086926762491444,0,0,0,0,0,0,0,0,0,0,0,0,India,4,63.692227,40,0.234,0.295,0.4995,2,1,1,1,1,3,2,2,2,1,1,0,1,0,0.687443578591033,3,2,4.74,1,1,0,8,22,8,1.4644034,2613844482,1258876886.62948,8927065160.75271,0.3634,0.504,21.1,0.444,0.542,0.514,0.664,64.4,73.15103192161489,2.234266042555465,54.98336803231546,2973190,32.549,0.6691375821824189,10.956,16.01056687594525,54.4443254272337,17.994375700714,27.5612988720523,7.615272912872091,2.89752995967865,3.53417972767288,0.0851568205910009,0.0033778984777778,4.132,22.615910856689275,52.81420226034341,27.839605799688755,517.4203321307461,27.550993481425103,94.2683029174805,0.348414425,24.80129212875532,58.233,852012673,38.1851367720208,4.06181440683805,286.56516166138056,25.305,13,15.168132090669529,7.992
8247c43f-1e42-11e4-b4cd-db5882bf8def,2009-04-16,1,IND,Manmohan Singh,2004-05-22,2014-05-26,2004,2014,10.009582477754963,1,0,2,6,0,0,0,0,0,1,0,2,India,7,56.094589,60,0.77,0.295,0.4995,2,1,1,1,3,3,1,1,2,1,0,0,1,0,0.907436548201092,3,2,7.74,1,1,1,8,42,9,1.9437454,49203912008.5506,6398426270.87953,16902990488.2784,0.5183,0.562,24,0.55,0.688,0.541,0.684,75,57.28110817505637,2.020894335248908,53.116013440109775,2973190,21.934,1.3431516500733354,7.479,15.6600552489802,51.6067057038206,21.3716414500999,27.0216526083686,27.45267630128473,3.27824997901917,3.12938472737472,2.651590332354796,1.199472947304633,2.673,23.31014835916978,71.14349792019247,16.744270156316084,1156.880665926642,31.12137211167441,113.051681518555,5.12,25.804964395871533,66.513,1223640160,31.4138867963495,5.00568627340806,411.5580100834457,30.587,19496,46.27286964288373,8.406
8247c43f-1e42-11e4-b4cd-db5882bf8def,2014-05-16,0,IND,Manmohan Singh,2004-05-22,2014-05-26,2004,2014,10.009582477754963,0,0,0,0,0,2,4,8,0,0,0,0,India,7,51.645833,65,0.234,0.295,0.5055,2,1,1,1,3,3,0,1,1,0,0,0,1,0,1.03956514947018,3,2,6.485409,1,1,1,8,47,9,2.054732,70388642796.5471,5228449819.33907,27723937829.3449,0.5713,0.611,30.9051,0.575,0.671,0.494,0.621,85.1,52.89442861752701,2.667720546657545,52.6246220389548,2973190,19.049,1.7161730282348762,6.79,16.2538398153488,45.2375993481647,24.8832687203732,29.8791319314622,34.305523751201925,3.89878034591675,2.54398176462257,1.695659589907442,0.5731121170060062,2.306,23.73262388209297,73.5769790878008,16.791934514497704,1490.0285076296348,27.656401202634097,111.584541320801,13.5,24.80129212875532,69.074,1307246509,29.1379758046843,5.45741728961083,439.6780928901281,32.384,10431,48.92218574704886,7.992
8247c43b-1e42-11e4-b4cd-db5882bf8def,1996-05-16,0,IND,Rao,1991-06-21,1996-05-16,1991,1996,4.903490759753593,0,0,1,1,0,0,0,0,0,0,0,0,India,7,62.693622,47,0.79,0.295,0.4995,2,1,1,1,3,3,2,2,1,2,0,0,1,0,0.735414078992476,4,2,5.38,1,1,1,8,29,8,1.6403033,8765693606.59436,3051171188.1452,8343473987.09583,0.3894,0.465,24.6,0.54,0.663,0.588,0.743,53.0035209655762,68.74888942686597,1.76282009840488,54.15900093838605,2973190,28.786,0.8476619757828019,9.419,15.7672939365417,61.8953691525444,15.2798631136913,22.8247727358402,14.256988899669976,2.89752995967865,2.4727682254674,0.6174793516037048,0.0609128570671868,3.582,22.24203633134781,60.82515579894384,25.199306058679028,651.9583565837722,27.912270369841213,94.2771072387695,0.046333977,25.402031796509167,60.984,983281218,36.4554962120997,4.28485450043695,330.71590379356854,26.817,7546,21.92948787138665,7.147
8247c43c-1e42-11e4-b4cd-db5882bf8def,2004-05-22,0,IND,Vajpayee,1998-03-19,2004-05-22,1998,2004,6.176591375770021,0,1,0,2,0,0,0,0,0,0,1,1,India,7,62.2457,55,0.78,0.295,0.4995,2,1,1,1,3,3,1,2,1,1,0,0,1,0,0.775596862036262,3,2,7.59,1,1,1,8,37,9,1.8416452,18750377106.6241,9577116923.48351,11957970702.1757,0.4538,0.523,25.6,0.535,0.68,0.577,0.73,64.4,61.96232144656523,2.020142462706657,53.70696121001348,2973190,24.728,1.0268672608974558,8.04,14.4825005007376,54.4443254272337,17.994375700714,27.5612988720523,21.380638358336224,3.35254001617432,2.82875224798105,0.765596855110284,0.2590503919345757,3.046,22.989785382030743,65.58374371212534,17.81469064879936,892.3821034885001,29.219106305293003,94.2771072387695,1.97614,26.57873020729522,64.524,1136264583,33.5195711631188,4.7376734085885,382.1701885853242,28.903,13335,37.50381405944698,8.551
8208a0d4-1e42-11e4-b4cd-db5882bf8def,2002-05-17,1,IRL,Ahern,1997-06-26,2008-05-07,1997,2008,10.863791923340179,0,0,0,0,0,1,0,2,0,0,0,0,Ireland,2,17.107311,81,0.01,0.857,0.8955,2,1,1,1,98,3,2,2,2,2,8,2,1,2,6.78516834564798,1,1,4.13,2,28,1,5,81,10,2.8906188,316105773.9,146616766.743876,0,0.3645,0.868,34.1,0.052,0.884,0.816,0.89,100,47.459975825544895,0.7544433033194696,7.522136739730004,68890,15.4,11.404172029785752,7.5,5.5629352332649,7.03106041893429,27.6242023175204,65.3447372635453,89.2733634919119,4.10487985610962,0.6340137203860811,22.80303312947077,8.573641858610594,1.97,9.411583684134127,91.45913917807742,1.7353084894094022,45245.80851289727,35.105250232771986,102.821228027344,25.85,41.61295439142911,77.63414634146342,3931947,21.0835698461132,11.1014102174805,57.075729423718975,59.649,5,163.71935436000206,4.216
8208a0d4-1e42-11e4-b4cd-db5882bf8def,2007-05-24,1,IRL,Ahern,1997-06-26,2008-05-07,1997,2008,10.863791923340179,0,0,0,0,0,0,0,0,0,0,0,0,Ireland,2,14.59134,86,0.01,0.857,0.912,2,1,1,1,98,3,2,2,2,2,7,2,1,1,6.42854340456338,1,1,3.77,2,28,1,5,86,10,2.978105,589415066.856384,129518434.391409,0,0.3689,0.904,29.4,0.052,0.882,0.822,0.896,100,44.85246685455916,1.5220500312705425,6.756423283495428,68890,16.2,10.62973778694968,6.4,10.0333967752361,5.44098362518608,25.7689798979557,68.7900364768582,90.67819743790513,4.71541023254395,0.5087547941612209,22.19154150302474,20.706463473038596,2.01,10.064944113804616,90.93178230378784,1.0432228655128166,52012.045412525535,28.52657243644264,103.308532714844,61.1583,43.016682533594505,79.64146341463415,4398942,20.2854053617638,10.6788354785985,63.854579764842505,60.94,9,153.39686381339496,4.98
8250ec30-1e42-11e4-b4cd-db5882bf8def,2011-03-09,0,IRL,B. Cowen,2008-05-07,2011-03-09,2008,2011,2.836413415468857,0,0,0,0,0,1,2,4,0,0,0,0,Ireland,2,13.55503,90,0.01,0.857,0.8955,2,1,1,1,98,3,2,2,2,2,6,2,1,0,5.21961899604455,1,1,4.43,2,28,1,5,90,10,3.0485628,756001122.977538,51520458.3151663,0,0.3436,0.906,30.68478,0.036,0.894,0.825,0.899,100,49.51612181880088,3.3943671340998938,6.664827986645376,68890,16.2,8.065288758896125,6.2,19.9639228390517,5.72373862696443,17.4520131273513,76.8242482456842,87.18399147432761,5.82428979873657,0.544777356237159,9.908972338867168,-0.6368078878982119,2.03,10.556510378864855,88.32246225270899,1.2070880102083352,46635.34458522722,24.091176323361243,103.378677368164,74.89,45.09816928458896,80.74634146341464,4580084,21.3799710903353,11.7376033144233,66.48401799970968,61.742,7,187.71111480779837,15.354
82087002-1e42-11e4-b4cd-db5882bf8def,1997-06-26,0,IRL,Bruton,1994-12-15,1997-06-26,1994,1997,2.529774127310062,3,0,1,13,0,0,0,0,0,0,0,0,Ireland,2,19.614463,76,0.01,0.363,0.5515,2,1,1,1,98,3,2,2,2,2,8,2,1,2,6.70369321871697,1,1,3.95,2,28,1,5,76,10,2.817542,314160644.5,274992577.473931,0,0.3406,0.803,29.6,0.064,0.879,0.807,0.882,100,52.17815032215203,0.5297725707446491,6.166352155610393,68890,14.4,10.13534753826101,8.6,4.10889329066992,10.9127961431284,28.5496356343897,60.5374999060649,76.15101187517232,5.50121021270752,0.92406612738302,2.4485636945283384,0.9170137959790018,1.93,8.415502975758454,89.30314854842192,3.906744264890935,33012.33362841725,29.695471930849603,79.9895706176758,4.08825507,39.14328195626749,75.98536585365855,3674171,22.9354422207876,11.3521146106616,53.333880098708086,58.419,25.5,142.26949690975147,10.192
82083f2d-1e42-11e4-b4cd-db5882bf8def,1977-07-05,0,IRL,"Cosgrave, L.",1973-03-14,1977-07-05,1973,1977,4.309377138945927,0,0,0,0,0,0,0,0,0,0,0,0,Ireland,1,14.71343,56,1,0.363,0.5515,2,1,1,1,98,3,2,2,2,2,7,2,2,1,6.43127868170301,1,1,2.73,2,28,1,5,56,10,2.538857,682357429.334024,0,0,0.3282,0.884,24.2,0.131,0.697,0.733,0.831,100,71.74712961247806,0.8905100144704076,7.298591958194223,68890,21,7.570471025531655,10.2,19.257558098599752,3.43405582302153,23.2501811631813,72.6483618220342,81.5872047698843,5.08531999588013,1.52517744005848,1.2112008952000612,1.6866264502348185,3.24,29.638114690346885,81.13919862946564,2.15159942379354,15205.336345343814,25.220032578308192,103.13752746582,41.49448266,45.38365101942094,71.99739024390244,3282200,30.8550520538004,10.9197991864899,47.64407025693134,54.315,25.5,97.99985759069098,5.965
82087000-1e42-11e4-b4cd-db5882bf8def,1987-03-10,0,IRL,Fitzgerald,1982-12-14,1987-03-10,1982,1987,4.2354551676933605,0,0,0,0,0,0,0,0,0,0,0,0,Ireland,1,24.374801,66,1,0.363,0.5515,2,1,1,1,98,3,2,2,2,2,7,2,1,1,6.51587035848023,1,1,3.46,2,28,1,5,66,10,2.6858249,682357429.334024,250196727.13348,0,0.3165,0.884,30.8,0.144,0.789,0.753,0.846,100,65.81288457782331,0.6341520882212687,6.357961968355349,68890,16.5,8.782287968809543,8.9,19.257558098599752,3.43405582302153,23.2501811631813,72.6483618220342,67.41831688850333,5.5288200378418,1.28230024699033,0.950683051826617,0.318999082587417,2.32,29.638114690346885,84.6818909656012,2.15159942379354,18975.62259536467,25.220032578308192,101.52424621582,41.49448266,45.38365101942094,74.43239024390245,3540057,28.5339101232319,11.1571420439992,51.38709536942952,56.553,25.5,100.74421813413166,5.965
82083f2c-1e42-11e4-b4cd-db5882bf8def,1973-03-14,0,IRL,Lynch,1966-11-10,1973-03-14,1966,1973,6.3408624229979464,0,0,0,0,0,0,0,0,0,0,0,0,Ireland,3,14.71343,52,1,0.363,0.5515,2,1,1,1,98,3,2,2,2,2,7,2,2,1,6.3053951900148,2,1,2.8,2,28,1,5,52,10,2.4580731,682357429.334024,0,0,0.3282,0.884,23.6,0.131,0.659,0.713,0.821,100,72.58031322212554,0.8017589361146481,6.999564523152853,68890,22.3,7.232424374989873,11.1,19.257558098599752,3.43405582302153,23.2501811631813,72.6483618220342,83.7813623184881,4.60856008529663,1.31269490105501,0.6950781587686061,1.6866264502348185,3.71,29.638114690346885,84.37851232778195,2.15159942379354,13380.377069683253,25.220032578308192,106.722991943359,41.49448266,45.38365101942094,71.2399756097561,3085950,31.0633902918741,10.9925710865939,44.79532588184062,52.952,25.5,75.23564200777203,5.965
82287bcd-1e42-11e4-b4cd-db5882bf8def,1980-02-08,0,ISL,Groendal,1979-10-15,1980-02-08,1979,1980,0.31759069130732376,0,0,0,0,0,0,0,0,0,0,0,0,Iceland,2,14.71343,63,1,0.344,0.38,2,2,1,1,1,3,2,2,2,2,7,2,2,1,51.4146754329416,1,1,3.89,2,25,1,5,60,10,2.4270477,1500000,0,0,0.2951,0.884,35.1,0.021,0.752,0.745,0.852,100,59.69787758302066,60.40200078433311,1.3266832917705735,100250,19.8,10.662844418729014,6.8,19.257558098599752,3.43405582302153,23.2501811631813,72.6483618220342,39.59799921566689,5.50121021270752,1.6762002292062002,0.6594863973604389,0,2.48,29.638114690346885,39.59806602427958,2.15159942379354,30189.68900903049,25.220032578308192,99.5064926147461,41.49448266,45.38365101942094,76.84658536585367,228138,27.5272383172043,9.85442231110605,2.2756907730673315,88.26,25.5,70.03453248248425,5.965
82287bca-1e42-11e4-b4cd-db5882bf8def,1971-07-14,0,ISL,Hafstein,1970-07-10,1971-07-14,1970,1971,1.0102669404517455,0,0,0,0,0,0,0,0,0,0,0,0,Iceland,1,14.71343,54,1,0.344,0.38,2,2,1,1,1,3,2,2,2,2,7,2,2,1,34.2147237147946,1,1,4.1,2,25,1,5,60,10,2.222362,682357429.334024,0,0,0.3282,0.884,31.9,0.021,0.733,0.723,0.832,100,69.4438963430676,46.8714849156823,1.216957605985037,100250,20.8,9.865694960649789,7.3,19.257558098599752,3.43405582302153,23.2501811631813,72.6483618220342,53.1285150843177,5.50121021270752,1.6762002292062002,2.95411658791396,1.6866264502348185,2.92,29.638114690346885,53.1285150843177,2.15159942379354,20433.433342723943,25.220032578308192,98.918212890625,41.49448266,45.38365101942094,73.57048780487806,206098,32.0918072861848,8.89140567781114,2.0558403990024936,85.269,25.5,80.23027325239353,5.965
82287bcc-1e42-11e4-b4cd-db5882bf8def,1978-08-31,0,ISL,Hallgrimsson,1974-08-29,1978-08-31,1974,1978,4.005475701574264,0,0,0,0,0,0,0,0,0,0,0,0,Iceland,2,14.71343,61,1,0.344,0.38,2,2,1,1,1,3,2,2,2,2,7,2,2,1,44.8343920586258,1,1,4.2,2,25,1,5,60,10,2.376798,1799999.952,0,0,0.3282,0.884,36.7,0.021,0.738,0.721,0.829,100,61.29418640729062,55.55475478925702,1.2967581047381544,100250,18.6,11.36635098440079,6.4,19.257558098599752,3.43405582302153,23.2501811631813,72.6483618220342,44.44524521074298,5.50121021270752,1.6762002292062002,0.3224745411473914,0,2.35,29.638114690346885,44.445323546576525,2.15159942379354,27785.78999734313,25.220032578308192,99.6314086914062,41.49448266,45.38365101942094,76.64926829268293,223537,28.3834359531571,9.61831685603266,2.229795511221945,87.644,25.5,69.14315696233612,5.965
8228ac9e-1e42-11e4-b4cd-db5882bf8def,1987-07-08,0,ISL,Hermannsson,1983-05-26,1987-07-08,1983,1987,4.117727583846681,0,0,0,0,0,0,0,0,0,0,0,0,Iceland,2,14.233112,70,1,0.344,0.4135,2,2,1,1,1,3,2,2,2,2,8,2,2,2,44.4333232887065,1,1,5.77,2,13,1,5,60,10,2.5875626,14699999.81,0,0,0.2951,0.884,44.1,0.016,0.878,0.769,0.861,100,56.23983223182512,68.12658075830846,1.346633416458853,100250,16.6,8.867684323128298,7,19.257558098599752,3.43405582302153,23.2501811631813,72.6483618220342,31.873419241691543,5.50121021270752,1.6762002292062002,0.043475753101163,0.0126804279878392,2.06,29.638114690346885,31.873471006187927,2.15159942379354,36223.55642970171,25.220032578308192,99.2724304199219,41.49448266,45.38365101942094,77.33902439024392,245859,25.5628829524555,10.4327680286141,2.4524588528678306,90.057,25.5,68.67966922407301,5.965
8228ac9e-1e42-11e4-b4cd-db5882bf8def,1991-04-30,0,ISL,Hermannsson,1988-09-28,1991-04-30,1988,1991,2.5845311430527036,0,0,0,0,0,0,0,0,0,0,0,0,Iceland,2,11.980462,74,1,0.344,0.4135,2,2,1,1,1,3,2,2,2,2,8,2,2,2,37.4721204875043,1,1,4.22,2,13,1,5,60,10,2.6579702,65318412.78,0,0,0.2949,0.845,37.4,0.013,0.895,0.775,0.866,100,55.17260059590093,34.675259067544665,1.3566084788029924,100250,17.6,8.896534870460089,7,99.8442367601246,10.2041683786962,26.5022173734397,63.2943226738832,27.838617908301384,5.50121021270752,1.6762002292062002,-0.2668135847326242,-0.1192651869565086,2.18,0.183002493765586,27.838666068833923,2.15159942379354,34930.72760577153,25.220032578308192,99.2576293945312,0.505129002,45.556921971507926,77.9919512195122,257797,24.8413704354028,10.7143272439736,2.5715411471321694,90.932,25.5,62.99798963332924,2.548
82287bcb-1e42-11e4-b4cd-db5882bf8def,1974-08-28,0,ISL,Johannesson,1971-07-14,1974-08-28,1971,1974,3.1238877481177276,0,0,0,0,0,0,0,0,0,0,0,0,Iceland,1,14.71343,57,1,0.344,0.38,2,2,1,1,1,3,2,2,2,2,7,2,2,1,37.5038255070756,1,1,3.47,2,25,1,5,60,10,2.282843,682357429.334024,0,0,0.3282,0.884,30,0.021,0.733,0.722,0.831,100,65.91550381620537,48.06087850103441,1.2468827930174564,100250,19.9,11.74950861720467,7,19.257558098599752,3.43405582302153,23.2501811631813,72.6483618220342,51.93912149896558,5.50121021270752,1.6762002292062002,0.8711775232083561,1.6866264502348185,2.66,29.638114690346885,51.93912149896559,2.15159942379354,23457.57107690439,25.220032578308192,98.9753265380859,41.49448266,45.38365101942094,74.51170731707319,215209,30.6761860080546,9.05212257468146,2.1467231920199503,86.33,25.5,71.57748147326424,5.965
8228dd72-1e42-11e4-b4cd-db5882bf8def,1995-04-08,1,ISL,Oddsson,1991-04-30,2004-09-15,1991,2004,13.379876796714578,0,0,0,0,0,0,0,0,0,0,0,0,Iceland,2,9.737367,78,0.79,0.344,0.4135,2,2,1,1,1,3,2,2,2,2,8,2,2,2,31.7226519711993,1,1,4.29,2,13,1,5,60,10,2.727112,36237520.6608452,0,0,0.2977,0.857,38.6,0.013,0.897,0.78,0.869,100,55.41339097390486,35.71393032370025,1.346633416458853,100250,16,9.136420057726532,7.2,99.8193133908854,9.5740933905905,24.9393787507281,65.4872051910755,29.289125667865555,4.78062009811401,1.6762002292062002,-0.1306777410783626,0.3493950996771017,2.08,0.2339152119700748,29.28917095456204,8.787497801080425,34188.35058766652,21.91606450027523,99.5354232788086,11.2158757,46.681832494714456,77.98439024390244,267468,24.4287043159582,11.2267960744319,2.6680099750623443,91.63,25.5,66.54822352252808,5.196
8228dd72-1e42-11e4-b4cd-db5882bf8def,1999-05-08,1,ISL,Oddsson,1991-04-30,2004-09-15,1991,2004,13.379876796714578,0,0,0,0,0,0,0,0,0,0,0,0,Iceland,2,7.469842,82,0.78,0.344,0.4465,2,2,1,1,1,3,2,2,2,2,8,2,2,2,38.2581557712533,1,1,3.55,2,13,1,5,60,10,2.8048425,31124489.1614076,0,0,0.3025,0.886,35,0.013,0.911,0.782,0.871,100,53.76398328104038,35.17771222692415,1.286783042394015,100250,14.8,9.891088430714431,6.9,99.9304396215915,8.9167898810929,23.1427754929612,67.9404346259459,24.467962464225263,6.43401002883911,1.6762002292062002,0.7419167202603829,1.3840519339772344,1.99,0.2848279301745636,24.467962464225263,7.60072106052439,40725.886035874966,22.71174626237365,98.776481628418,41.29456671,46.99102233467958,79.35121951219514,277381,23.4010863535836,11.5642987328276,2.766892768079801,92.267,5,69.43004155794358,2.178
8228dd72-1e42-11e4-b4cd-db5882bf8def,2003-05-10,1,ISL,Oddsson,1991-04-30,2004-09-15,1991,2004,13.379876796714578,0,0,0,0,0,0,1,1,0,0,0,0,Iceland,2,5.312551,86,0.78,0.828,0.658,2,2,1,1,1,3,2,2,2,2,8,2,2,2,43.6709443178852,1,1,3.94,2,25,1,5,60,10,2.8937418,48980941.9668496,0,0,0.3228,0.916,40.4,0.013,0.919,0.783,0.872,100,52.66121803321909,36.25981840682728,1.286783042394015,100250,14.3,10.719775076764726,6.3,99.9294117647059,6.98453608247423,21.6554783025653,71.3599856149604,22.873755409252503,7.24507999420166,1.6762002292062002,2.934162508830219,3.3536401241450284,1.99,0.3419650872817955,22.87378759521008,6.4235147709351805,43763.77561211323,21.24982806048112,99.0588302612305,83.14,46.79710178316362,80.96341463414636,289521,22.7768365188526,11.7185585971063,2.887990024937656,92.789,11,68.19921174881046,3.997
82530557-1e42-11e4-b4cd-db5882bf8def,2013-05-23,0,ISL,Sigurdardottir,2009-02-01,2013-05-23,2009,2013,4.303901437371663,0,0,0,0,0,0,0,0,0,1,0,2,Iceland,2,7.414604,96,0.777,0.828,0.676,2,2,1,1,1,3,2,2,2,2,8,2,1,2,25.8613482188435,1,1,5.822688,2,25,1,5,60,10,3.1249852,207340817.940198,0,0,0.2948,0.942,42.147,0.012,0.922,0.782,0.865,100,50.71619099047096,34.833617305932094,1.2089775561097258,100250,13.4,11.539887078242176,6.7,99.9724000883197,4.44514967635327,18.6358139865726,76.919583499762,10.438919724940943,7.44868993759155,1.6762002292062002,2.9308885093865413,3.268927421223712,1.93,0.4664738154613466,10.40420686553414,5.843717220460938,50946.81626253389,21.08294923209297,98.7876205444336,96.5468,47.64115504386079,82.06097560975611,323764,20.5754503131708,13.0747829253652,3.22956608478803,93.633,25.5,98.78952360237211,5.376
82287bce-1e42-11e4-b4cd-db5882bf8def,1983-05-26,0,ISL,Thoroddsen,1980-02-08,1983-05-26,1980,1983,3.293634496919918,0,0,0,0,0,0,0,0,0,0,0,0,Iceland,2,14.71343,66,1,0.344,0.38,2,2,1,1,1,3,2,2,2,2,8,2,2,2,35.7607131399233,1,1,4.26,2,25,1,5,60,10,2.499485,2299999.952,0,0,0.2951,0.884,33.7,0.021,0.814,0.744,0.851,100,57.89414069266954,71.54236027128165,1.3366583541147132,100250,18.4,8.528253796781966,7,19.257558098599752,3.43405582302153,23.2501811631813,72.6483618220342,28.457639728718355,5.50121021270752,1.6762002292062002,-0.8460021750168318,0,2.24,29.638114690346885,28.45769789872485,2.15159942379354,30290.197654915595,25.220032578308192,99.5662002563477,41.49448266,45.38365101942094,76.84560975609757,236977,26.6782354938083,9.98833980302069,2.363860349127182,89.062,25.5,76.189049295098755,5.965
824147f4-1e42-11e4-b4cd-db5882bf8def,2001-03-07,0,ISR,Barak,1999-07-06,2001-03-07,1999,2001,1.6700889801505818,0,0,0,0,0,0,0,0,0,0,0,0,Israel,6,30.029227,54,0.58,0.463,0.573,2,2,1,1,2,1,1,2,1,2,2,0,2,0,5.91380744742154,3,1,9.74,2,25,1,3,20,6,3.3258748,195600000,1887759.27108735,954199.948379547,0.5118,0.838,37.8,0.124,0.86,0.691,0.763,100,61.07389937421577,3.275442854469801,15.804066543438076,21640,21.2,9.20423978878708,5.8,0.0455052217241929,2.02718758247911,23.4357026747694,74.5371097427515,96.48646934701642,6.19316005706787,6.5080631231006105,1.3156231175259228,0.5104882112999304,2.92,7.074861367837339,97.15410337817345,1.7649880740846309,28733.941260550106,21.704800578008665,97.6406097412109,17.3786,45.000519835226285,79.40731707317074,6439000,27.9050981551406,10.0115950959782,297.550831792976,91.267,361,63.1227642159304,11.812
82411722-1e42-11e4-b4cd-db5882bf8def,1999-07-06,0,ISR,Netanyahu,1996-06-18,1999-07-06,1996,1999,3.047227926078029,0,0,0,0,0,0,0,0,0,0,0,0,Israel,6,30.629064,52,0.58,0.463,0.573,2,2,1,1,2,1,1,2,1,1,3,0,1,0,5.40406788746076,2,1,9.74,2,25,1,3,18,6,3.296786,174200000,1781238.89071657,748692.067178527,0.5092,0.835,37.8,0.12,0.854,0.698,0.772,100,61.86001869912641,3.225167531505394,15.388170055452866,21640,21.5,8.97265306122449,6.1,0.0841514726507714,2.36866012848065,24.8704359666569,72.7609039048625,96.41869521058868,6.2209300994873,6.53012330164809,3.431937801756636,0.6857259819799041,2.965,6.973197781885397,97.1662216791979,1.7441298703417782,27704.02159742164,22.948242859144287,101.027770996094,13.43612191,44.40801654981325,78.65853658536587,6125000,28.2480087045769,9.97020731093704,283.0406654343808,91.139,473,65.69298073050912,11.183
8240e643-1e42-11e4-b4cd-db5882bf8def,1977-06-21,0,ISR,Peres,1977-04-08,1977-06-21,1977,1977,0.2026009582477755,0,0,0,0,0,0,0,0,0,0,0,0,Israel,4,33.882509,30,0.585,0.39,0.573,2,2,1,1,2,1,1,2,1,2,5,1,2,1,4.13714248349212,2,2,5.01,2,25,0,3,29,9,2.8182817,106000000,11108740.4888664,11551175.141078,0.5054000000000001,0.814,32.2,0.156,0.831,0.684,0.762,100,70.4821866640746,0,15.0184842883549,21640,26.3,5.249072792693053,6.9,0.0841514726507714,4.23117546694592,23.4357026747694,69.3008079953989,98.79262477186742,5.58701992034912,23.087213342599,0.4461979788551881,0.0330517021374213,3.41,17.77705627705628,97.1545734911898,4.482818771030386,17392.22770449143,24.289378046785167,98.8644714355469,11.38,42.267104549539006,72.95853658536586,3613000,32.8707727565629,8.47207891626245,166.95933456561923,87.45,417,71.19336640400557,8.455
8240e643-1e42-11e4-b4cd-db5882bf8def,1996-06-18,0,ISR,Peres,1995-11-04,1996-06-18,1995,1996,0.621492128678987,0,0,0,0,0,0,0,0,0,0,0,0,Israel,6,31.782428,49,0.59,0.463,0.573,2,2,1,1,2,1,1,1,1,2,5,1,2,1,5.19816231416115,3,1,5.85,2,25,1,3,15,6,3.243878,157600000,1957301.85443409,914353.313654338,0.5054000000000001,0.814,37.5,0.12,0.838,0.698,0.772,100,63.51688860569965,3.0517307308523995,15.526802218114602,21640,21.3,9.00838018271258,6.1,0.0737757830991977,2.53990415607315,28.1592878485279,69.3008079953989,96.50705404090368,5.58701992034912,7.72965418733875,1.2201122195104628,0.7118412927657134,2.9,6.682070240295748,97.252904736047185,1.9133856283852928,26698.23157404486,23.987036240149887,99.5036773681641,2.1683676,43.1794000349032,78.1048780487805,5692000,28.8771597014483,9.96707435526218,263.0314232902033,90.943,1121,58.85461667712758,8.455
82411721-1e42-11e4-b4cd-db5882bf8def,1992-07-12,0,ISR,Shamir,1986-10-20,1992-07-12,1986,1992,5.727583846680356,0,0,0,0,0,0,0,0,0,0,0,0,Israel,5,33.197715,45,0.6,0.463,0.573,2,2,1,1,2,1,1,2,1,2,3,1,1,0,4.3615474980136,2,2,4.87,2,25,1,3,11,6,3.1775723,1160199951,2431231.83823587,2150696.09203907,0.5008,0.791,33.4,0.12,0.845,0.692,0.768,100,66.06255725317037,3.0262389404692343,16.035120147874306,21640,21.5,7.497638102674215,6.4,0.115335666560611,3.52568634171326,28.7178367149562,67.7565319573949,96.53607320841007,5.33985996246338,10.925077527679,0.7449138793006149,0.7335218233724832,2.7,6.293900184842884,97.1545734911898,4.482818771030386,23485.75087170106,24.289378046785167,95.2474899291992,0.310579197,41.63193917205154,76.5048780487805,5123000,29.987349855204,9.79438765119069,236.73752310536045,90.565,37,55.49898964642256,14.08
82196a11-1e42-11e4-b4cd-db5882bf8def,1979-08-05,0,ITA,Andreotti,1976-07-30,1979-08-05,1976,1979,3.0143737166324436,0,0,0,0,0,0,0,0,0,0,0,0,Italy,3,14.71343,34,1,0.25,0.352,2,1,1,1,3,2,2,2,2,2,7,2,2,1,4.80042157880697,2,2,3.91,2,21,1,5,31,10,2.2675955,3698666504,2698373794.90172,1236815258.57137,0.3282,0.884,40,0.187,0.772,0.673,0.77,100,56.18311860346744,5.148893015110115,32.2192377001802,294110,11.9,6.9681904367307,9.6,19.257558098599752,3.43405582302153,23.2501811631813,72.6483618220342,84.39997526290749,4.16373014450073,1.87395946663968,0.1055112192355983,0.1368028087573853,1.73,29.638114690346885,93.84406981323497,2.15159942379354,21115.91946237784,25.220032578308192,102.578262329102,41.49448266,45.38365101942094,74.00268292682927,56317749,22.8104750222567,13.1621192452854,191.48532521845567,66.442,25.5,43.71041918908461,5.965
8219cbb6-1e42-11e4-b4cd-db5882bf8def,2006-05-17,0,ITA,Berlusconi,2001-06-11,2006-05-17,2001,2006,4.930869267624915,5,0,6,26,10,11,11,73,4,4,5,29,Italy,13,33.101159,61,1,0.857,0.8955,2,1,1,1,3,2,2,2,2,1,6,1,2,1,5.84451070315214,1,1,5.69,2,13,1,5,58,10,2.904554,4075828470.64871,3114614439.8477,3081233668.47623,0.352,0.874,35.1,0.233,0.911,0.779,0.856,100,51.73969503139223,2.4366849408617943,24.94268187935804,295718,9.6,8.376239610295675,9.6,16.456444939891,4.27257924756058,30.0505512774362,65.6768694750032,83.71512533565478,4.52545022964478,1.52134332564687,2.9235174702035582,3.024335614524857,1.37,29.638114690346885,89.19087872196356,1.94583994660095,33751.7000191328,23.40095246510758,103.77815246582,37.99,40.5143948440316,81.28292682926829,58143979,14.114409021011,19.9832575453702,196.61968158854043,67.856,106,53.16817918462371,6.777
82199ae7-1e42-11e4-b4cd-db5882bf8def,1994-05-11,0,ITA,Ciampi,1993-04-29,1994-05-11,1993,1994,1.0321697467488022,7,5,8,46,0,0,0,0,0,0,0,0,Italy,10,37.066455,49,0.79,0.695,0.4105,2,1,1,1,3,2,1,2,2,2,6,2,2,0,5.20414420735586,2,1,7.57,3,1,1,5,46,10,2.6400697,2419368408,2496933119.39336,906578763.534228,0.3275,0.809,36.2,0.28,0.904,0.75,0.838,100,45.39754769631574,3.014184591011075,28.31933630274387,294110,9.4,7.202588163269614,9.7,21.0894465331818,6.8978775031049,33.7577583657354,59.3443641311597,79.87048441757781,4.43331003189087,1.71374275955101,0.2009208781328889,0.4773235412579125,1.21,26.865968515181397,92.08793744899538,2.991601112405979,28444.410254774102,26.374981123849768,103.81974029541,0.192304619,36.53681237899359,77.92195121951221,56843400,14.8455414461049,16.377506963997,193.27258508721224,66.862,145,40.45502883418452,11.086
8219393a-1e42-11e4-b4cd-db5882bf8def,1963-05-16,0,ITA,Fanfani,1960-07-26,1963-05-16,1960,1963,2.8035592060232717,0,0,0,0,0,0,0,0,0,0,0,0,Italy,2,14.71343,18,1,0.453,0.352,2,1,1,1,3,2,2,2,2,2,7,2,2,1,2.74604703474805,1,1,4.15,2,21,1,5,15,10,1.9567288,682357429.334024,1140992090.71238,181936074.780518,0.3282,0.884,37.5,0.187,0.578,0.623,0.731,100,52.50224095157685,10.64415464041191,43.09272041073068,294110,18.7,9.118305739443487,10.1,19.257558098599752,3.43405582302153,23.2501811631813,72.6483618220342,74.4074707397282,5.50121021270752,2.75343795360876,2.030641506788335,1.6866264502348185,2.51,29.638114690346885,89.16118114620792,2.15159942379354,11511.604712162109,25.220032578308192,102.011859893799,41.49448266,45.38365101942094,69.24804878048782,51252000,24.5427011875037,9.88449282533713,174.26133079460067,60.853,25.5,67.46431546018546,5.965
35aed4f8-3bbd-11e5-afeb-eb6f07f9fec7,2008-05-08,0,ITA,Prodi,2006-05-17,2008-05-08,2006,2008,1.9767282683093772,8,9,10,60,5,0,6,26,10,11,11,73,Italy,14,35.811941,63,1,0.857,0.8955,2,1,1,1,3,2,2,2,2,1,7,2,1,1,5.47673319313897,2,1,3.82,2,13,1,5,60,10,2.9502625,7354812945.4454,3216225222.42848,3882148929.20246,0.3379,0.878,34.8,0.271,0.92,0.771,0.858,100,52.2080658871152,2.773108863964593,25.35523708397865,295718,9.8,7.899682543978178,9.9,18.5511933581478,3.69907769030736,29.8006119095811,66.5003018184109,81.88238606319652,4.38794994354248,1.5356747965255702,-0.3944764955899788,2.810849825096672,1.45,30.08366754813708,86.84215310440152,1.874623633616768,33530.36014495967,23.601376418651675,102.942947387695,44.53,41.023400285525895,81.48536585365855,58826731,14.0814050452341,20.2190544364795,198.9284757775989,68.092,57,54.492875798818766,6.723
825028d3-1e42-11e4-b4cd-db5882bf8def,2012-01-05,0,JAM,Holness,2011-10-23,2012-01-05,2011,2012,0.2026009582477755,4,5,4,30,0,0,0,0,5,4,2,30,Jamaica,1,49.182204,51,0.24,0.383,0.481,2,2,1,1,98,3,2,2,2,1,5,2,2,1,1.81381820041611,3,2,2,1,1,0,10,53,9,2.5632749,2168136683.48151,0,0,0.5332,0.716,14.3585,0.171,0.883,0.669,0.79,93.1,45.3349138675553,0.6259032775325116,11.080332409972298,10830,15.037,2.528935795380636,5.813,10.924158714214,18.1092550475344,15.4897655085876,66.400979443878,81.95419982935874,6.11246013641357,0.929536056664277,2.791456958947211,0.607050152931269,1.696,52.26722068328717,80.82174271443803,5.77144048591992,5033.358616029319,17.99386055827219,100.956787109375,33.79,44.38834129527726,73.433,2759817,25.1484246962752,6.04496602492122,254.83074792243767,54.132,1404,82.0400783486515,8.695
81e30cec-1e42-11e4-b4cd-db5882bf8def,1980-11-01,0,JAM,Manley,1972-03-02,1980-11-01,1972,1980,8.668035592060233,0,0,0,0,0,0,0,0,0,0,0,0,Jamaica,1,52.881085,19,0.23,0.383,0.5355,2,2,2,1,98,3,2,2,2,2,6,2,2,1,1.67075658792843,3,2,1.94,1,1,0,10,21,10,2.137587,95500000,0,0,0.5525,0.727,16.4,0.195,0.84,0.391,0.507,96.5,91.5573080835353,0.4529389019655003,12.465373961218836,10830,29.544,3.220394222367488,7.984,0.3540954733318835,6.89187302428319,21.6366728682845,66.3990797855364,90.17407864020018,4.33057999610901,0.7291365225325854,1.0338214996543127,0,3.733,50.73138288304493,90.17412252962863,3.4571850393700787,3875.3291534817854,21.31539962422315,103.92960357666,21.54935,40.74407197113463,69.435,2135546,40.6245990486742,7.17170222509841,197.18799630655587,46.739,35,102.10764073662818,10.085
81e33dbc-1e42-11e4-b4cd-db5882bf8def,1989-02-10,0,JAM,Seaga,1980-11-01,1989-02-10,1980,1989,8.276522929500342,0,0,0,0,0,0,0,0,0,0,0,0,Jamaica,1,55.739928,28,0.23,0.383,0.5355,2,2,2,1,98,3,2,2,2,2,7,2,2,1,1.66830036627223,2,2,1.97,1,1,0,10,30,10,2.3367848,208500000,0,0,0.5525,0.727,15.4,0.195,0.845,0.434,0.564,96.5,77.53851125471924,0.4747108466777848,11.080332409972298,10830,26.599,2.726129356420104,6.877,0.3540954733318835,6.89187302428319,21.6366728682845,66.3990797855364,86.54202138502389,5.18397998809814,0.929262991503655,1.2962725445944208,0,3.003,50.73138288304493,86.54206484875276,3.4571850393700787,4355.948187991244,21.31539962422315,99.7330017089844,21.54935,40.74407197113463,72.157,2373365,36.6119202061208,7.06227234327632,219.14727608494923,49.24,35,96.01028042476226,10.085
81e30ceb-1e42-11e4-b4cd-db5882bf8def,1972-03-02,0,JAM,Shearer,1967-04-11,1972-03-02,1967,1972,4.892539356605065,0,0,0,0,0,0,0,0,0,0,0,0,Jamaica,1,52.881085,11,0.23,0.383,0.5355,2,2,2,1,98,3,2,2,2,2,6,2,2,1,2.30044695270754,2,1,1.97,1,1,0,10,13,10,2.0215378,43025001.85860335,0,0,0.5525,0.727,10.7,0.195,0.673,0.404,0.531,96.5,105.4149216274044,0.4728796169230534,13.388734995383194,10830,33.838,4.180026199564663,8.428,0.3540954733318835,6.89187302428319,21.6366728682845,66.3990797855364,89.07287751107617,4.33057999610901,0.7291365225325854,5.19959349593496,0.22550158651511876,5.292,50.73138288304493,89.07287751107617,3.4571850393700787,5648.070231773584,21.31539962422315,113.861679077148,21.54935,40.74407197113463,67.102,1915299,45.0630945873203,6.25497637705653,176.85124653739612,42.395,35,73.84476408866652,10.085
2b37a44f-3481-11e4-8dba-bbcd9ed46413,2007-09-11,0,JAM,Simpson-Miller,2006-03-30,2007-09-11,2006,2007,1.4510609171800137,0,0,0,0,2,1,2,12,0,0,0,0,Jamaica,1,51.239749,46,0.22,0.383,0.481,2,2,2,1,98,3,2,2,2,2,5,2,2,1,2.1778229941077,3,2,2,1,1,0,10,48,9,2.5569203,2122091021.47486,0,0,0.5641,0.703,14.9,0.174,0.88,0.65,0.77,89.4,52.67225232211267,0.3865161415518239,11.542012927054476,10830,16.673,4.517956879500048,6.501,4.96997998665777,17.6410206824867,18.0604201073448,64.2985592101685,90.32654003495826,5.49022006988525,0.65245791026588,6.343185906819386,0.471938269768728,1.908,50.52770083102492,90.32654003495828,4.617606409885822,5440.124846342383,21.31539962422315,95.0590972900391,21.1,44.10009391866563,71.418,2701221,28.9430594534842,5.55717210846502,249.4202216066482,53.184,766,101.24442206243678,6.614
8254eda9-1e42-11e4-b4cd-db5882bf8def,2009-09-16,0,JPN,Taro Aso,2008-09-24,2009-09-16,2008,2009,0.9774127310061602,9,8,8,60,1,0,0,4,16,9,12,94,Japan,4,22.543659,58,0.49,0.424,0.3665,2,1,1,1,3,3,2,2,2,2,7,2,2,1,4.32439703370287,2,1,3.15,3,1,1,6,57,10,3.481891,1594532177.55192,786837647.891373,132374779.707098,0.2593,0.9,32.7,0.108,0.822,0.775,0.851,100,57.39122450537374,17.05702974815535,11.780521262002743,364500,8.5,9.063720352683,9.1,9.14571650806042,4.06416270357774,26.3823917339491,69.5534455624731,80.36108289264385,3.5559778213501,0.9729695655055248,0.2311463746337371,1.392895599181432,1.37,68.46913580246914,81.22805604231299,1.0823165064581777,31651.083773985338,27.111212223581767,99.8385391235352,78,41.80252203144663,82.93146341463415,128047000,13.2981664531406,23.1658899836292,351.2949245541838,89.989,148,24.390166533855524,5.068
82551e7a-1e42-11e4-b4cd-db5882bf8def,2012-12-26,0,JPN,Yoshihiko Noda,2011-09-02,2012-12-26,2011,2012,1.3169062286105406,7,14,17,73,0,3,2,8,9,8,8,60,Japan,4,19.630015,61,0.49,0.424,0.3665,2,1,1,1,3,3,2,2,2,2,6,2,2,0,4.75512755252483,2,1,5.793743,3,1,1,6,60,10,3.518576,2539577664.61313,467258501.094105,210156318.197718,0.264,0.906,31.27932,0.108,0.804,0.77,0.847,100,60.39257996973667,2.649811404353303,11.648834019204388,364500,8.2,10.269671469650316,10,11.1942473822485,3.7525227767779,25.4775630837768,70.7699157324971,93.82704712482813,3.41945004463196,0.956761841659896,0.0087202015018961,1.8754072906794053,1.41,68.46968449931413,94.62155285384954,1.1228539624480518,33518.44493689205,26.56264142822804,99.8385391235352,79.4964,42.08414856236388,83.09609756097561,127629000,13.0055239900687,24.6474521902233,350.1481481481481,91.148,173,30.47091091717523,4.358
8232670f-1e42-11e4-b4cd-db5882bf8def,2007-12-27,1,KEN,Mwai Kibaki,2002-12-31,2013-04-09,2002,2013,10.272416153319645,0,0,0,0,1,4,2,14,0,0,0,0,Kenya,3,68.601007,6,0.22,0.507,0.6325,2,2,1,1,1,3,0,1,0,0,3,1,1,0,1.09423799253406,3,4,2.38,1,1,0,4,5,7,2.0941637,645207871.37258,0,0,0.5383,0.54,14.1,0.769,0.633,0.354,0.51,28.3,84.7195990566851,1.8770537065359092,9.312295744456549,569140,38.098,0.2642756974805946,8.457,71.6005556413027,41.2973213212757,12.800374761334,45.9023039173903,16.139159464810454,3.8420401811599696,1.54791227998168,2.28124317373484,0.1127496573673974,4.719,6.535817197877498,16.643511314174866,20.58666446029909,1309.8956390118844,19.302168081515365,108.052001953125,4.4,48.95366995759128,58.865,38036793,43.7406007948593,2.12329149143447,66.83205011069333,22.42,7544,53.89478880460585,2.65
8249ac8c-1e42-11e4-b4cd-db5882bf8def,1965-03-25,0,LKA,"Bandaranaike, S",1960-07-22,1965-03-25,1960,1965,4.673511293634497,0,0,0,0,0,0,0,0,0,0,0,0,Sri Lanka,4,62.425258,18,0.234,0.295,0.481,2,1,1,1,3,3,1,2,1,1,1,0,1,0,0.87682945028096,3.5,2,3.83,1,1,0,8,17,7,1.6428928,2613844482,0,0,0.43815000000000004,0.504,22,0.126,0.619,0.502,0.664,64.4,82.12537233031244,2.060143606451658,12.64551108276192,62710,33.78,0.5675053359395897,9.206,16.01056687594525,54.4443254272337,17.994375700714,27.5612988720523,19.642863658961133,2.89752995967865,0.852610094012865,0.5153538493322452,0.0609128570671868,5.004,22.615910856689275,57.678779904431515,28.56488686665017,671.056337508956,21.55252655121227,94.2771072387695,0.348414425,24.80129212875532,62.637,11035224,40.9752035844492,4.11756480883397,175.97231701483017,17.11,11883,51.39782285997031,7.992
82497bbd-1e42-11e4-b4cd-db5882bf8def,1960-03-21,0,LKA,Dahanayake,1959-09-26,1960-03-21,1959,1960,0.48459958932238195,0,0,0,0,0,0,0,0,0,0,0,0,Sri Lanka,1,62.425258,13,0.234,0.295,0.481,2,1,1,1,3,3,1,2,1,1,1,0,1,0,0.7579657847571225,3.5,2,3.69,1,1,0,8,12,7,1.5912063,2613844482,0,0,0.43815000000000004,0.504,19.1,0.126,0.611,0.503,0.666,64.4,85.07478186651815,2.060143606451658,52.87031773953228,770880,36.56,0.5675053359395897,11.09,16.01056687594525,54.4443254272337,17.994375700714,27.5612988720523,19.642863658961133,2.89752995967865,1.18305236461286,0.5153538493322452,0.0609128570671868,5.465,22.615910856689275,57.678779904431515,32.10419693190285,730.9281483367554,20.687159083594096,94.2771072387695,0.348414425,24.80129212875532,60.699,9783871,41.2936637608129,4.67412618818634,292.1456887879539,16.431,11883,62.86589330949188,7.992
8249ac90-1e42-11e4-b4cd-db5882bf8def,1999-12-21,1,LKA,Kumaratunga,1994-11-12,2005-11-19,1994,2005,11.019849418206707,0,0,0,0,0,0,0,0,0,0,0,0,Sri Lanka,4,52.376747,6,0.01,0.576,0.481,2,2,1,1,98,3,2,0,1,2,2,1,0,0,1.14566188066254,4,3,2.31,2,13,0,8,51,5,2.8255365,1064301778.3232,0,0,0.4857,0.693,22.1,0.425,0.603,0.343,0.534,64.4,52.05033789941248,3.730644304291231,14.431510125976718,62710,17.703,0.5363192058278737,6.657,67.480595084088,39.7214566236399,22.2477301839783,38.0308413451387,39.846754140367,2.89752995967865,4.0301638395602,1.1267659498218316,0.1532926508391329,2.138,34.83991388933185,39.83703209689663,20.728480943756708,1908.866425211767,27.36132373325329,94.2771072387695,0.348414425,33.22169236371407,72.618,18670411,27.1363301232006,7.09597911111922,297.7262159145272,18.396,116698,78.75147834963737,8.88
82497bba-1e42-11e4-b4cd-db5882bf8def,1960-07-22,0,LKA,"Senanayake, Dudley",1960-03-21,1960-07-22,1960,1960,0.33675564681724846,0,0,0,0,0,0,0,0,0,0,0,0,Sri Lanka,1,62.425258,13,0.234,0.295,0.481,2,1,1,1,3,3,1,2,1,1,1,0,1,0,0.7579657847571225,3.5,2,3.69,1,1,0,8,12,7,1.5912063,2613844482,0,0,0.43815000000000004,0.504,19.1,0.126,0.611,0.503,0.666,64.4,85.07478186651815,2.060143606451658,52.87031773953228,770880,36.56,0.5675053359395897,11.09,16.01056687594525,54.4443254272337,17.994375700714,27.5612988720523,19.642863658961133,2.89752995967865,1.18305236461286,0.5153538493322452,0.0609128570671868,5.465,22.615910856689275,57.678779904431515,32.10419693190285,730.9281483367554,20.687159083594096,94.2771072387695,0.348414425,24.80129212875532,60.699,9783871,41.2936637608129,4.67412618818634,292.1456887879539,16.431,11883,62.86589330949188,7.992
82497bba-1e42-11e4-b4cd-db5882bf8def,1970-05-28,0,LKA,"Senanayake, Dudley",1965-03-25,1970-05-28,1965,1970,5.174537987679671,0,0,0,0,0,0,0,0,0,0,0,0,Sri Lanka,4,62.425258,23,0.234,0.43,0.481,2,1,1,1,3,3,1,2,1,1,1,0,1,0,0.912613647133179,3.5,2,3.4,1,1,0,8,22,8,1.9544072,2613844482,0,0,0.43815000000000004,0.504,20.4,0.137,0.615,0.477,0.645,64.4,78.71232405220765,2.060143606451658,12.91660022324988,62710,30.631,0.2518248584665676,7.587,16.01056687594525,54.4443254272337,17.994375700714,27.5612988720523,19.642863658961133,2.89752995967865,0.9166422716627628,-0.0130635245901639,0.0609128570671868,4.361,22.615910856689275,57.678779904431515,28.767768841481267,790.7999591645547,24.181263032786887,102.650672912598,0.348414425,24.80129212875532,65.267,12388769,39.9423865276687,4.10176346011456,197.5565141125817,17.598,11883,54.054449648711945,7.992
823a9ad3-1e42-11e4-b4cd-db5882bf8def,2002-05-25,1,LSO,Mosisili,1998-05-29,2012-06-08,1998,2012,14.028747433264886,0,0,0,0,0,0,0,0,0,0,0,0,Lesotho,2,45.628511,1,0.01,0.644,0.5575,2,1,1,1,2,3,2,2,2,2,7,2,2,1,1.3147856126151,3,2,2.77818810072588,3,1,1,4,9,8,2.1221366,388679066.319247,0,0,0.5513,0.449,8.6,0.578,0.728,0.38,0.499,3.4,75.03174176181894,0.6898849204712305,9.881422924901186,30360,29.501,0.1935886948607633,18.368,100,43.5372406415372,25.2501216881502,31.2126376703126,43.314645238693906,10.1004495620728,2.5163929527429003,3.659717448594521,0.14595174066455335,3.677,1.137022397891963,56.65302916965624,6.395312832705715,758.9471560481326,38.70013562959068,118.3701171875,1.08394,47.43533712558358,45.595,1997534,38.3657145174286,4.50180184712797,65.79492753623188,20.597,5,69.0950161313738,16.045
823a9ad3-1e42-11e4-b4cd-db5882bf8def,2007-02-17,1,LSO,Mosisili,1998-05-29,2012-06-08,1998,2012,14.028747433264886,0,0,0,0,0,0,0,0,0,0,0,0,Lesotho,2,44.270833,6,0.01,0.644,0.5575,2,1,1,1,2,3,2,2,2,2,6,2,1,1,1.39360119557855,3,2,2.72013553673742,3,1,1,4,14,8,2.1690433,638151924.237823,0,0,0.5325,0.45,10.9,0.571,0.789,0.423,0.573,13.9,70.1654069542986,0.6898849204712305,10.704874835309615,30360,29.699,0.272704585157792,20.662,100,34.3538344722855,31.1201767101539,34.5259888175606,43.314645238693906,3.8420401811599696,2.36815458611088,4.495417243230264,0.14595174066455335,3.441,1.137022397891963,0,4.889986800022586,913.151554868226,39.12586171206971,121.089477539062,3.44543,46.49627792716684,43.123,1983465,36.8115898188272,4.42205937589017,65.33152173913044,23.304,5,165.04894883337195,15.905
823a9ad3-1e42-11e4-b4cd-db5882bf8def,2012-05-26,0,LSO,Mosisili,1998-05-29,2012-06-08,1998,2012,14.028747433264886,0,0,0,0,0,0,0,0,0,0,0,0,Lesotho,2,44.113621,11,0.01,0.644,0.5575,2,1,1,1,2,3,2,2,2,2,6,2,1,1,1.56474044608684,3,2,3.69046028195633,3,1,1,4,19,8,1.9303881,554558344.01544,0,0,0.5137,0.489,17.666808,0.56,0.812,0.457,0.585,20.6,66.10165518077646,0.6898849204712305,9.26548089591568,30360,29.054,0.2815958199616687,17.019,100,31.4670309559737,33.1082377368708,35.4247313071555,43.314645238693906,7.67000007629395,2.1482282400353903,2.286501696673914,0.14595174066455335,3.305,1.137022397891963,56.65302916965624,4.895308671881295,1075.6232973802,30.817939818283584,116.668398755341,10,45.17077508887474,47.835,2054718,35.6485415516874,4.14735744759135,67.67845849802372,25.704,5,150.2085753584383,15.733
820b4c7b-1e42-11e4-b4cd-db5882bf8def,1999-06-13,1,LUX,Juncker,1995-01-20,2013-12-04,1995,2013,18.872005475701574,0,0,0,0,0,0,0,0,0,0,0,0,Luxembourg,4,13.381285,110,0.78,0.857,0.929,2,2,1,1,98,3,2,2,2,2,8,2,2,2,15.5786083144418,1,1,4.62,2,17,1,5,54,10,2.856011,651565786.914857,0,0,0.3949,0.861,29.1,0.055,0.871,0.792,0.876,100,49.19695835412854,5.124006137616878,17.262481822588462,241930,13,18.969278123003654,8.8,33.8888888888889,1.95220937487704,21.9841372448721,76.0630912698636,98.29009829777031,5.50121021270752,0.57140192589808,2.030641506788335,1.6866264502348185,1.74,29.638114690346885,83.01312235275314,0.7135571329214052,87695.33957586001,17.253326749647005,98.45556640625,17.3879578,39.87599461512362,77.77073170731708,430475,18.927747505814,14.0468640277071,70.98192366238393,83.448,25.5,239.9224995776912,2.39
820b4c7b-1e42-11e4-b4cd-db5882bf8def,2004-06-13,1,LUX,Juncker,1995-01-20,2013-12-04,1995,2013,18.872005475701574,0,0,0,0,0,0,0,0,0,0,0,0,Luxembourg,4,11.02292,115,0.78,0.857,0.929,2,2,1,1,98,3,2,2,2,2,8,2,2,2,15.1543884829337,1,1,4.26,2,17,1,5,59,10,2.967642,1178139806.67344,0,0,0.4109,0.881,26.2,0.055,0.881,0.791,0.875,100,48.46221156339124,0.7816656272134888,24.082720259782636,2574.46,11.9,25.933922003077964,7.8,5.76581904198699,1.96041091942191,18.8542224235188,79.1853666570593,97.99401814462026,4.9162769317627,0.611235470879585,14.771614185969607,19.316198982673296,1.66,33.98771004404807,91.25833829805936,0.5354320049598809,100292.56847916194,15.43934602054312,99.0978927612305,65.88,42.12722551928783,79.1219512195122,458095,18.6765285716002,13.9662748190485,177.93828608717945,86.177,25.5,265.22688485563737,5.113
820b4c7b-1e42-11e4-b4cd-db5882bf8def,2013-10-20,0,LUX,Juncker,1995-01-20,2013-12-04,1995,2013,18.872005475701574,0,0,0,0,0,0,0,0,0,0,0,0,Luxembourg,3,7.249649,124,0.777,0.857,0.929,2,2,1,1,98,1,2,2,2,2,8,2,2,2,13.2918115369392,1,1,4.850084,2,17,1,5,68,10,3.317525,1921579735.11739,538218.370427013,0,0.3603,0.922,28.139576,0.026,0.882,0.797,0.88,100,44.71346807892977,2.507307257850985,24.257514197152023,2574.46,11.3,18.99919022379269,7,20.0108166576528,1.58599284103206,12.0433977746154,86.3706093843525,96.62699351544325,4.686607837677,0.358492375793951,35.73290347119341,71.50043382192935,1.55,34.45382721036644,84.5060018141859,0.2619071969564649,105338.95605928342,10.442941976644263,97.7293472290039,93.7765,44.41738066552029,81.80000000000001,543360,16.9229126136718,13.9751098164034,211.05785290895955,89.574,25.5,320.53350631676807,5.848
820b4c79-1e42-11e4-b4cd-db5882bf8def,1979-07-19,0,LUX,Thorn G.,1974-06-15,1979-07-19,1974,1979,5.092402464065708,0,0,0,0,0,0,0,0,0,0,0,0,Luxembourg,3,14.71343,90,1,0.308,0.604,2,2,1,1,98,3,2,2,2,2,7,2,2,1,12.8052592706901,1,1,4.16,2,17,1,5,34,10,2.587278,682357429.334024,0,0,0.3282,0.884,32,0.055,0.836,0.787,0.875,100,48.5057584166196,0.2062301751164557,17.262481822588462,241930,11.2,38.64811385232709,11,19.257558098599752,3.43405582302153,23.2501811631813,72.6483618220342,99.31174038925484,4.40278005599976,0.918695859255976,2.030641506788335,1.6866264502348185,1.48,29.638114690346885,93.18829057425852,2.15159942379354,42500.25489972905,25.220032578308192,93.7915496826172,41.49448266,45.38365101942094,72.33078048780489,362856,19.1838967079232,13.4786957336361,70.98192366238393,79.513,25.5,173.31966163417457,5.965
820b4c78-1e42-11e4-b4cd-db5882bf8def,1974-05-27,0,LUX,Werner,1959-03-07,1974-05-27,1959,1974,15.222450376454484,0,0,0,0,0,0,0,0,0,0,0,0,Luxembourg,2,14.71343,85,1,0.308,0.604,2,2,1,1,98,3,2,2,2,2,7,2,2,1,14.0057729127507,1,2,4.26,2,17,1,5,29,10,2.428183,682357429.334024,0,0,0.3282,0.884,34.1,0.055,0.81,0.786,0.875,100,51.304659101078585,0.1543641055229392,17.262481822588462,241930,11.1,47.582030699901416,12.2,19.257558098599752,3.43405582302153,23.2501811631813,72.6483618220342,99.84563589447706,5.50121021270752,0.6850000562870779,2.030641506788335,1.6866264502348185,1.58,29.638114690346885,94.8594893052361,2.15159942379354,41908.975272168944,25.220032578308192,110.110778808594,41.49448266,45.38365101942094,70.15717073170732,355050,20.8692979535384,13.038900130056,70.98192366238393,76.717,25.5,180.06606768766346,5.965
8222304e-1e42-11e4-b4cd-db5882bf8def,2002-11-07,0,LVA,Berzins,2000-05-05,2002-11-07,2000,2002,2.507871321013005,0,0,0,0,1,1,1,7,0,0,0,0,Latvia,7,43.716207,10,1,0.887,0.797,2,2,1,1,1,1,1,2,2,1,7,2,2,1,4.81168498126672,2,1,6.78,2,26,1,1,11,8,2.8828144,112559795.755365,0,0,0.375,0.784,28.3,0.171,0.931,0.709,0.817,99.8,47.748002993112,6.430585501653398,15.636299355585196,62227,8.7,3.3025665177456407,14.1,62.5157232704402,16.2287460025884,25.5346072282865,58.2366467691251,60.497099496002136,5.60254001617432,1.54220827552533,1.675109058675373,-0.4889130799602602,1.26,52.50492551464798,63.41260313789607,4.4988410567468815,7847.6453679246915,22.605311570458813,104.02027130127,21.94,49.04116040060685,70.96097560975612,2310173,16.2933163209156,16.0238575083916,37.12492969289858,67.85,3080,83.20634424034645,13.829
8221ff7b-1e42-11e4-b4cd-db5882bf8def,1995-12-21,0,LVA,Gailis,1994-09-19,1995-12-21,1994,1995,1.2539356605065024,0,0,0,0,0,0,0,0,0,0,0,0,Latvia,7,49.7055225,3,1,0.48,0.6665,2,2,1,1,1,1,1,2,2,1,5,2,2,0,3.13522698235923,2,2,9.61,2,26,1,1,4,8,2.7205162,380241218.113463,0,0,0.3359,0.696,26.7,0.35,0.9,0.678,0.803,100,51.38952347185315,6.166509163955623,16.10233499927684,62227,8.7,3.69396102140153,15.7,73.8125157074642,21.1140411228379,27.3881893401824,51.497870417261,68.84855568244443,4.369454860687259,0.805656844387504,4.215470329268055,-0.0095869350093377,1.25,51.53711411445192,66.42518378277592,7.841699272565938,4969.823079858255,26.771243678462763,83.8640899658203,0,47.66535139945389,66.39121951219514,2485056,20.5142072419494,13.4310228136446,39.93533353688913,68.75,158,73.8670625276985,19
8221ceaa-1e42-11e4-b4cd-db5882bf8def,1993-08-03,0,LVA,Godmanis,1990-05-03,1993-08-03,1990,1993,3.252566735112936,0,0,0,0,0,0,0,0,0,0,0,0,Latvia,5,49.7055225,1,1,0.48,0.6665,2,2,1,1,1,1,1,2,2,1,7,2,2,1,3.77580623472017,3,3,6.21,2,26,1,1,2,8,2.6235714,380241218.113463,0,0,0.3075,0.691,29.3,0.371,0.912,0.632,0.754,100,51.4009947745101,5.6510754008591375,27.110418307165705,62227,10.4,4.6677512103585626,15.3,73.2925586136595,22.1986327707345,27.742537438665,50.0588297906005,77.63299624250226,4.369454860687259,0.735295406430013,4.389770067588297,0.2198818767678543,1.51,51.31855946775515,73.37090452074658,7.3429454135621395,4759.856822092537,26.669292096447464,87.7323837280273,0,47.46010808890526,66.72268292682926,2563290,21.0181862553117,12.9320545373554,41.19256914201231,68.799,5,93.25327969659531,16.7
8221ff7d-1e42-11e4-b4cd-db5882bf8def,1998-11-26,0,LVA,Krasts,1997-08-07,1998-11-26,1997,1998,1.3032169746748803,0,0,0,0,0,1,0,2,0,0,0,0,Latvia,7,45.408508,6,1,0.48,0.7635,2,2,1,1,1,1,1,2,2,1,6,2,2,0,3.55067482649304,2,1,6.94,2,26,1,1,7,8,2.7856574,49400000,0,0,0.3656,0.736,27.7,0.328,0.927,0.697,0.813,100,50.13621177395511,6.666564013832837,17.018336092050074,62227,7.6,3.4683543988657357,14.2,74.4868035190616,19.0284175522158,27.051304677167,53.9202777706172,59.10135071139315,5.80772018432617,0.587847986496102,5.182608478790554,0.9558661303100512,1.09,51.864946084497085,64.99382050115157,3.820551635962495,6084.2850108533885,25.77499457574873,101.629959106445,3.315267886,48.41157731265469,69.01219512195122,2410019,18.9577015656265,14.4361230814466,38.72947434393431,68.451,1014,90.55357289819617,14.454
8252a3ab-1e42-11e4-b4cd-db5882bf8def,2009-09-14,0,MDA,Greceanii,2008-03-31,2009-09-14,2008,2009,1.4565366187542779,0,0,1,1,0,0,0,0,0,0,0,0,Moldova (the Republic of),16,56.314987,19,1,0.688,0.8035,2,2,1,2,3,1,0,1,2,0,4,1,0,0,1.55117559228401,4,3,3.7,2,25,1,1,18,9,3.0219195,1352350000,0,0,0.3728,0.713,19.5,0.771,0.872,0.359,0.455,99.2,40.44851951795181,0.8788572635438194,55.24475524475524,32890,14.342,2.663781017327508,12.093,5.77605679251371,51.1390579773898,13.1135394931163,35.7474578625185,95.94133944045088,9.5097599029541,0.457886649076119,4.852710535892364,-0.0878767857310407,1.704,11.294922468835512,92.64322527319298,8.497462750292268,2116.9435754409674,17.162874087145376,100.952880859375,27.5,52.55595934060147,69.573,2865213,18.107583893020202,10.6919536443932,99.739374107982,42.651,5928,110.36332685049462,3.024
821f84ac-1e42-11e4-b4cd-db5882bf8def,1997-01-15,0,MDA,Snegur,1990-09-03,1997-01-15,1990,1997,6.368240930869268,0,1,1,3,0,0,0,0,0,0,0,0,Moldova (the Republic of),14,59.632836,7,1,0.688,0.4765,2,2,1,2,3,1,2,2,1,2,6,1,1,1,1.75763556123842,4,3,3.94493533028064,2,25,0,1,6,7,2.7113008,114320000,0,0,0.3773,0.646,18.5,0.755,0.775,0.415,0.591,100,52.344825725637335,0.839132093848779,54.28311057108141,32920,13.123,3.2183483726573887,13.511,5.9215625484421,41.5553021316013,14.7630376793357,43.681660189063,97.41333274773652,4.369454860687259,0.90277252095021,4.0796211719781645,0.0233150816280184,1.759,10.28857837181045,93.23919864520455,25.96379377535543,1454.8086155592323,25.435554097662045,100.952880859375,0.028128808,50.50663190268091,65.172,2936413,24.2470878497934,10.1123415220506,102.111242480092,45.797,5137,127.5604002478419,7.9
823b2d4c-1e42-11e4-b4cd-db5882bf8def,1997-02-09,0,MDG,Ratsirahonana,1996-09-05,1997-02-09,1996,1997,0.42984257357973993,0,0,0,0,0,0,0,0,0,0,0,0,Madagascar,2,57.934644,5,0.01,0.715,0.5575,2,2,1,1,98,1,2,2,2,1,7,2,2,1,1.22872482547544,4,2,5.65735654358144,2,13,0,4,5,9,1.4829789,12184519.9501134,0,0,0.4695,0.493,11,0.82,0.637,0.281,0.507,10.9,92.22961411658017,0.6898849204712305,4.986759294287581,581540,43.181,0.1008802886114077,11.569,66.5546114348086,78.8547796480776,8.71412069081318,12.4311148566408,43.314645238693906,1.53846001625061,1.48191235942607,0.328537056882296,-0.0355151837025409,5.801,22.749086907177496,56.65302916965624,33.79806822316848,457.7743232615473,22.77523996626228,101.223518371582,0.014333647,48.57984719566742,56.223,14778903,45.1430408990113,2.83583642290082,25.41339030849125,26.321,74,36.87374778194406,5.963
823afc7d-1e42-11e4-b4cd-db5882bf8def,1993-03-27,0,MDG,Ratsiraka,1975-06-15,1993-03-27,1975,1993,17.782340862423,0,0,0,0,0,0,0,0,0,0,0,0,Madagascar,2,58.358128,1,0.05,0.122,0.5575,2,2,1,1,98,1,2,1,1,1,2,1,1,0,1.34440749602708,4,2,5.65735654358144,2,13,0,4,1,9,1.4115642,13543858.53,0,0,0.5648000000000001,0.493,9.9,0.725,0.605,0.25,0.443,10.1056232452393,92.24508195232684,0.6898849204712305,4.986759294287581,581540,44.329,0.0782636078063916,13.077,59.400554499327,79.1385001102528,8.90009358467503,11.9614063050722,43.314645238693906,1.7754499912262,1.12232401680386,0.3779446781590827,0.1217237544725882,6.041,23.204966124428243,56.65302916965624,12.560795650514113,482.6417827678936,22.77523996626228,83.6622161865234,0,48.4953583120828,53.906,13020100,45.1131959475425,2.86987054131192,22.38900161639784,25.251,91,32.8658889270584,6.3
821af0bc-1e42-11e4-b4cd-db5882bf8def,1998-11-30,0,MKD,Crvenkovski,1992-08-17,1998-11-30,1992,1998,6.286105407255304,0,0,0,0,0,0,0,0,0,0,0,0,North Macedonia,4,57.829624,8,1,0.414,0.5485,2,1,1,1,1,1,2,2,2,2,7,2,2,1,3.06186155958266,3,3,5.01,3,4,1,1,7,6,3.018702,63237639,0,0,0.3205,0.661,16.1,0.576,0.664,0.389,0.509,100,48.45501328500004,3.08396132011698,23.082972866692884,25430,14.6,5.05513510928642,8.4,15.3660612939841,25.8406801007557,34.6512446288339,39.5078900577863,39.49984198941727,4.369454860687259,2.09823976120451,4.013983715531958,0.0181745018789687,1.894,37.296106960283126,90.86549993821492,10.861716474311152,3038.1398338256863,27.7543953600632,99.8360137939453,1.002861666,38.00599180414609,72.29756097560977,2007523,23.3321799075885,9.30735086590146,78.9430987023201,58.965,1934,76.58748211751971,34.5
821b218c-1e42-11e4-b4cd-db5882bf8def,2002-11-01,0,MKD,Georgievski,1998-11-30,2002-11-01,1998,2002,3.920602327173169,0,0,0,0,0,0,1,1,0,0,0,0,North Macedonia,5,56.493024,12,1,0.872,0.5485,2,1,1,1,1,1,2,2,1,2,5,2,1,0,2.85557388287222,3,3,4.13,2,25,1,1,0,9,3.018702,105902711,0,0,0.3032,0.684,23.3,0.576,0.784,0.398,0.523,99,47.25990300554515,2.5972844698820685,19.622493118364137,25430,13.7,4.301546859971775,8.9,12.4281727138401,23.9235287287197,33.2982091885456,42.7782620827347,40.13179995370581,3.30014991760254,2.64559751876128,2.8417888915258023,0.2170881037021467,1.789,37.67699567440032,88.40655003432497,10.170120774534864,3240.11064526089,19.37806722071614,99.6265335083008,17.33,39.72618924190876,73.03902439024391,2020157,21.998298088328,10.0945786315642,79.4399134880063,58.13,8102,71.53348467211434,31.94
821b218f-1e42-11e4-b4cd-db5882bf8def,2006-08-27,0,MKD,Vlado Buckovski,2004-12-17,2006-08-27,2004,2006,1.6919917864476386,0,0,0,0,0,0,0,0,0,0,0,0,North Macedonia,5,55.236796,16,1,0.872,0.8295,2,1,1,1,1,1,1,2,2,0,5,1,1,0,3.26258321600005,3,3,5.29,2,25,0,1,4,9,3.018702,266556404,0,0,0.3157,0.712,22.6,0.552,0.86,0.453,0.6,99,44.74703398380286,4.768287981863276,17.26307510813999,25430,11.1,4.837067082120076,9.1,23.5512417927491,19.0413297569641,33.02746275748,47.931207485556,44.8426933224844,4.369454860687259,1.8365376873582504,6.229856424234463,0.0507608974960067,1.46,37.72229650019662,83.88108278801647,8.989368056385139,3866.746506229773,21.66258511527894,97.4777984619141,28.62,39.327666024151966,73.89512195121952,1994287,20.1442715557413,10.7696717394443,78.42261108926465,57.383,7937,92.5516664675666,36.392
822ac5c5-1e42-11e4-b4cd-db5882bf8def,1997-05-11,1,MLI,Konare,1992-06-06,2002-06-08,1992,2002,10.004106776180699,0,0,0,0,0,0,0,0,0,0,0,0,Mali,3,63.584591,6,0.01,0.452,0.4835,2,2,1,1,3,1,1,1,2,1,7,1,2,2,1.23548668526996,3,3,1.59,1,4,0,4,5,5,1.132693,91724874.6223142,0,0,0.5348,0.286,2.2,0.851,0.735,0.391,0.546,4.28854084014893,101.18684957004088,0.6898849204712305,3.7125365721731858,1220190,45.929,0.0391532208592066,17.36,58.5677749360614,67.9081868640148,7.56422924901186,24.5275838869733,43.314645238693906,3.8420401811599696,1.4968522377367102,2.757051326997615,0.1701797268565185,6.911,10.896663634352027,56.65302916965624,35.96217164532035,531.5771853028538,18.7868864931386,44.2907600402832,0.010085919,42.78222561982936,48.531,10359301,46.9542709998353,3.34069338555307,8.489908129061867,26.434,18014,57.03742204210113,1.34
8219fc8a-1e42-11e4-b4cd-db5882bf8def,2003-04-12,1,MLT,Adami,1987-05-12,1996-10-28,1987,1996,9.464750171115675,0,0,0,0,0,0,0,0,0,0,0,0,Malta,1,33.002574,40,0,0.424,0.8495,2,1,1,1,3,3,2,2,2,2,8,2,2,2,6.63600807597398,1,1,2.02,2,28,1,5,60,10,2.866567,25794804.037383,0,0,0.2849,0.812,33.7,0.173,0.783,0.611,0.791,100,46.10562894972215,0.0375456300520067,29.062500000000004,320,10.2,6.556743656261447,7.9,0,2.45930213437695,29.881935080738,67.6581050416023,99.962454369948,5.84895467758179,0.630122908756666,16.72916804299466,8.803277551580704,1.48,1.09375,99.96233325501234,1.9616340238194987,17746.784675830175,24.75403929182453,104.113998413086,31.64,30.554054305894628,78.54634146341465,398582,17.9699153885663,13.586487728516,1245.56875,93.16,6,217.89367860263332,7.488
8219fc8a-1e42-11e4-b4cd-db5882bf8def,2003-04-12,1,MLT,Adami,1998-09-06,2004-03-23,1998,2004,5.544147843942505,0,0,0,0,0,0,0,0,0,0,0,0,Malta,1,33.002574,40,0,0.424,0.8495,2,1,1,1,3,3,2,2,2,2,8,2,2,2,6.63600807597398,1,1,2.02,2,28,1,5,60,10,2.866567,25794804.037383,0,0,0.2849,0.812,33.7,0.173,0.783,0.611,0.791,100,46.10562894972215,0.0375456300520067,29.062500000000004,320,10.2,6.556743656261447,7.9,0,2.45930213437695,29.881935080738,67.6581050416023,99.962454369948,5.84895467758179,0.630122908756666,16.72916804299466,8.803277551580704,1.48,1.09375,99.96233325501234,1.9616340238194987,17746.784675830175,24.75403929182453,104.113998413086,31.64,30.554054305894628,78.54634146341465,398582,17.9699153885663,13.586487728516,1245.56875,93.16,6,217.89367860263332,7.488
8219fc8a-1e42-11e4-b4cd-db5882bf8def,2008-03-08,0,MLT,Adami,1987-05-12,1996-10-28,1987,1996,9.464750171115675,0,0,0,0,0,0,0,0,0,0,0,0,Malta,3,31.333434,45,0,0.857,0.929,2,1,1,1,3,3,2,2,2,2,7,2,2,1,6.48278412372426,1,1,2.08,2,28,1,5,60,10,2.9660537,264462405.60039,0,0,0.2929,0.844,35.5,0.193,0.825,0.624,0.807,100,43.556627824202494,0.1084179938009292,25,320,9.8,6.674743941433244,7.9,0,1.78699026351272,25.5646479144531,72.6483618220342,99.89158200619906,5.50121021270752,0.616369198929103,163.22449053339045,177.7983904564514,1.43,1.09375,99.89146247147602,1.0600950387571004,19948.17139248582,19.27437484298976,103.135833740234,50.08,33.678441644249375,79.63658536585366,409379,15.4285845600463,14.912500317488,1279.309375,93.929,10,298.81806404102144,5.977
8219fc8a-1e42-11e4-b4cd-db5882bf8def,2008-03-08,0,MLT,Adami,1998-09-06,2004-03-23,1998,2004,5.544147843942505,0,0,0,0,0,0,0,0,0,0,0,0,Malta,3,31.333434,45,0,0.857,0.929,2,1,1,1,3,3,2,2,2,2,7,2,2,1,6.48278412372426,1,1,2.08,2,28,1,5,60,10,2.9660537,264462405.60039,0,0,0.2929,0.844,35.5,0.193,0.825,0.624,0.807,100,43.556627824202494,0.1084179938009292,25,320,9.8,6.674743941433244,7.9,0,1.78699026351272,25.5646479144531,72.6483618220342,99.89158200619906,5.50121021270752,0.616369198929103,163.22449053339045,177.7983904564514,1.43,1.09375,99.89146247147602,1.0600950387571004,19948.17139248582,19.27437484298976,103.135833740234,50.08,33.678441644249375,79.63658536585366,409379,15.4285845600463,14.912500317488,1279.309375,93.929,10,298.81806404102144,5.977
8219cbbc-1e42-11e4-b4cd-db5882bf8def,1987-05-12,0,MLT,Bonnici,1984-12-22,1987-05-12,1984,1987,2.3846680355920604,0,0,0,0,0,0,0,0,0,0,0,0,Malta,3,39.553684,24,1,0.44,0.604,2,1,1,1,3,3,2,2,2,1,7,2,2,1,4.76793875825677,2,1,2.01,2,28,0,5,60,10,2.4521387,46021369.93,0,0,0.2849,0.884,33.5,0.248,0.686,0.538,0.718,100,50.841817186644775,0,37.5,320,15.4,5.731744488148975,8.4,19.257558098599752,3.43405582302153,23.2501811631813,72.6483618220342,100,3.16531991958618,1.45625776866228,1.107362041370922,0,1.97,29.638114690346885,81.13919862946564,4.009488548423511,8308.620743038975,53.716754923818165,106.841979980469,41.49448266,45.38365101942094,74.50624390243902,344485,23.8073987313082,9.89796406780997,1076.515625,90.028,25.5,148.04796239432235,5.965
82521124-1e42-11e4-b4cd-db5882bf8def,2008-03-08,1,MLT,Gonzi,2004-03-23,2013-03-11,2004,2013,8.966461327857632,0,0,0,0,0,0,0,0,0,0,0,0,Malta,3,31.333434,45,0,0.857,0.929,2,1,1,1,3,3,2,2,2,2,7,2,2,1,6.48278412372426,1,1,2.08,2,28,1,5,60,10,2.9660537,264462405.60039,0,0,0.2929,0.844,35.5,0.193,0.825,0.624,0.807,100,43.556627824202494,0.1084179938009292,25,320,9.8,6.674743941433244,7.9,0,1.78699026351272,25.5646479144531,72.6483618220342,99.89158200619906,5.50121021270752,0.616369198929103,163.22449053339045,177.7983904564514,1.43,1.09375,99.89146247147602,1.0600950387571004,19948.17139248582,19.27437484298976,103.135833740234,50.08,33.678441644249375,79.63658536585366,409379,15.4285845600463,14.912500317488,1279.309375,93.929,10,298.81806404102144,5.977
82521124-1e42-11e4-b4cd-db5882bf8def,2013-03-09,0,MLT,Gonzi,2004-03-23,2013-03-11,2004,2013,8.966461327857632,0,0,0,0,0,0,0,0,0,0,0,0,Malta,3,30.581975,50,0,0.857,0.929,2,1,1,1,3,3,2,2,2,2,7,1,1,2,4.58643541347059,1,1,2.04868494913115,2,28,1,5,60,10,3.051819,245878450.107811,0,0,0.325,0.874,31.36,0.224,0.849,0.61,0.795,100,46.92519686397329,1.0015519952923289,28.031250000000004,320,9.5,5.593391037333879,7.6,1.55486450466459,1.26233719648255,21.5731475082951,77.1639877828126,98.83961630395726,7.57923984527588,0.509947594950674,4.834198644438962,-83.12462879532673,1.36,1.09375,98.75759658797983,1.0698558484646203,22071.06515109937,14.58718016017744,101.232513427734,68.9138,37.73089621561675,81.74634146341464,425967,14.012342151877,17.9257185303697,1331.146875,94.279,5,304.32862444135986,6.115
8219cbba-1e42-11e4-b4cd-db5882bf8def,1971-06-21,0,MLT,Olivier,1962-03-05,1971-06-21,1962,1971,9.295003422313483,0,0,0,0,0,0,0,0,0,0,0,0,Malta,1,14.71343,8,1,0.44,0.604,2,1,1,1,3,3,2,2,2,2,7,2,2,1,2.68794298905151,1,1,2.04,2,28,1,5,60,10,1.9645189,18177015.3,0,0,0.3282,0.884,25,0.248,0.691,0.513,0.694,100,54.8100035800133,0,40.625,320,18.4,2.25602907168814,10.2,19.257558098599752,3.43405582302153,23.2501811631813,72.6483618220342,100,6.15196990966797,1.6762002292062002,4.3634691734724775,0,2.06,29.638114690346885,81.13919862946564,6.402961166770494,3211.6945813056946,41.95039399986688,120.096626281738,41.49448266,45.38365101942094,69.22253658536586,302700,26.4631115934992,8.94163421654781,945.9375,89.708,25.5,114.4499565765156,5.965
8219fc8b-1e42-11e4-b4cd-db5882bf8def,1998-09-06,0,MLT,Sant,1996-10-28,1998-09-06,1996,1998,1.8562628336755647,0,0,0,0,0,0,0,0,0,0,0,0,Malta,1,34.92332,35,0,0.415,0.536,2,1,1,1,3,3,2,2,1,2,7,2,2,1,7.14420622403237,1,1,2.04,2,28,1,5,60,10,2.7499323,13097150.3833185,0,0,0.2849,0.772,33.7,0.173,0.782,0.611,0.794,100,48.52777906277467,0,25,320,12.1,6.186816580886457,7.8,0,2.22607432580574,32.9950942775707,64.7781462398597,100,4.18472003936768,0.731471858138656,8.060815758792543,1.519126978855916,1.84,1.09375,99.9998552304514,2.3256031826595973,13886.292355603417,25.97290947837602,104.251541137695,6.500783995,29.93867918360943,77.58780487804879,385287,20.4818049212385,12.1906072245259,1204.021875,91.793,15,225.36199777028665,6.331
8244e7c6-1e42-11e4-b4cd-db5882bf8def,2001-05-20,1,MNG,Bagabandi,1997-06-20,2005-06-24,1997,2005,8.010951403148528,0,0,0,0,0,0,0,0,0,0,1,1,Mongolia,4,57.613904,12,1,0.589,0.7215,2,2,1,1,1,3,2,1,2,1,7,2,2,1,5.4726809296831,3,2,3.24,1,3,1,6,9,10,2.6090837,26684782.6086956,0,2417498.14231019,0.4279,0.606,17.8,0.578,0.841,0.537,0.661,71.7,60.17865425627019,0,0.7602885775493917,1547438.742,19.935,3.644825833201556,7.238,0,48.3479185762958,13.6609103958769,37.9910629356116,19.079488724482296,4.93606424331665,1.78165840784985,4.9684623527528045,1.392895599181432,2.195,9.212577928335207,93.11310303986548,22.96888750849987,1589.4037176702625,21.941883221405885,99.8385391235352,1.65324,47.25456962783287,63.279,2472601,34.1162605693357,3.45342819160876,1.5978668058964756,58.222,57,115.8183268788801,6.107
8254bcd5-1e42-11e4-b4cd-db5882bf8def,2009-06-18,0,MNG,Enkhbayar,2005-06-24,2009-06-18,2005,2009,3.9835728952772076,2,2,0,12,0,0,0,0,0,0,1,1,Mongolia,5,56.344672,20,1,0.589,0.7215,2,2,1,1,1,3,2,2,2,1,6,2,1,0,6.37688181860763,2,2,2.26,1,8,1,6,17,10,2.768667,199618694.316196,0,127234506.253066,0.4297,0.694,15.199999999999998,0.675,0.814,0.537,0.66,80.3,46.78698954105827,0,0.7807919249382054,1557465.134,23.613,5.185859895684312,6.808,0,36.1845064647151,15.3126577351669,48.5027410998302,-131.59563241625318,5.14484977722168,0.629698225139809,13.604484618785072,1.1738060789879272,2.533,9.11217830189963,94.8069340078863,17.864438070908474,2521.5945282285984,30.056558531610644,107.182289123535,10,46.46579191829501,66.766,2666713,28.060917702977,3.81315946132176,1.7122136102983865,66.58,1490,107.81375716617652,5.86
8244e7c5-1e42-11e4-b4cd-db5882bf8def,1997-06-20,0,MNG,Ochirbat,1990-03-12,1997-06-20,1990,1997,7.274469541409993,0,0,1,1,0,0,0,0,0,0,0,0,Mongolia,4,58.302612,8,1,0.589,0.7215,2,2,1,1,1,3,2,2,2,2,7,2,2,1,5.42106729878861,3,2,2.58,1,3,1,6,5,10,2.5499997,897075435.934058,0,0,0.4169,0.569,22.9,0.371,0.83,0.597,0.712,90.15,69.87908324946737,0,0.7929231488764161,1547438.742,21.847,3.59786898068706,8.395,0,48.9478327575087,16.7036909554616,34.3484762870297,19.01189888243882,3.948970079422,1.63873482170006,2.1169680698484488,1.392895599181432,2.469,9.234827597459752,94.98001559889782,32.23688384849516,1487.6455784971918,28.52477808971376,90.871452331543,0.112742554,47.31957837035953,60.815,2381771,37.6832748229627,3.45133863596907,1.5391698135472949,56.714,10,99.99144900217532,5.611
823b5e2f-1e42-11e4-b4cd-db5882bf8def,1995-12-22,0,MUS,Anerood Jugnauth,1982-06-16,1995-12-22,1982,1995,13.516769336071183,0,0,0,0,0,0,0,0,0,0,0,0,Mauritius,2,50.273019500000004,28,0,0.552,0.626,2,2,1,1,2,3,2,2,2,1,7,2,1,1,2.28929701502114,2,1,2.13,1,8,1,4,27,10,2.1587899,132000000,0,0,0.4578,0.644,21.7,0.469,0.711,0.625,0.731,99.1798858642578,50.23147931274936,1.3325250493061351,45.320197044334975,2030,18.3,1.3910555148215031,6.7,26.843910806175,14.4853382733886,39.8349572435555,45.6794828896664,63.29540094867176,3.8420401811599696,0.332825601093285,0.4565089215395697,0.0884924986369014,2.14,20.44334975369458,63.29552876755753,9.075920696586415,4562.746927757836,28.014390857739567,101.603897094727,0,32.56823358873473,70.3258536585366,1122457,27.5350745448551,5.90101339631057,552.9344827586207,43.284,12,118.14872055778072,9.59
823b8efe-1e42-11e4-b4cd-db5882bf8def,2010-05-05,1,MUS,Navin Ramgoolam,2005-07-05,2014-12-17,2005,2014,9.451060917180014,0,0,0,0,0,0,1,1,0,0,0,0,Mauritius,2,35.359425,43,0.01,0.378,0.7325,2,2,1,1,2,3,2,2,2,2,6,1,1,1,3.05183245904239,2,1,2.39,1,8,1,4,42,10,2.4764836,814358.909237384,0,0,0.4836,0.755,25.1,0.424,0.813,0.66,0.752,99.4,41.83576588931502,0.6201623549900284,39.40886699507389,2030,12,2.938819577735125,7.3,24.3213090368167,8.63006188984604,28.7098375876065,62.6601005225474,81.65622435446316,3.55147004127502,0.148689589780391,4.297840295910143,1.286380909400988,1.57,18.91133004926108,81.65630027094592,3.641742191279952,8011.455172197023,22.471968489107248,100.593627929688,28.33,37.19862629047693,72.96731707317073,1250400,21.9320829404752,7.5638378281502,615.960591133005,41.555,25,113.45707355247649,7.654
823b8efe-1e42-11e4-b4cd-db5882bf8def,2014-12-10,0,MUS,Navin Ramgoolam,2005-07-05,2014-12-17,2005,2014,9.451060917180014,0,0,0,0,0,0,0,0,0,0,0,0,Mauritius,2,34.061398,47,0.01,0.378,0.7325,2,2,1,1,2,3,1,2,2,2,7,2,0,1,3.3184067550679,2,1,2.504093,1,8,1,4,46,10,2.5598996,327038003.840485,0,0,0.4875,0.788,26.279046000000008,0.443,0.815,0.617,0.729,99.5,40.649624959016485,0.8045784662808703,37.55633450175263,1997,10.6,3.162761416039226,7.7,20.2928157984338,7.34603637287579,26.3707760687863,66.2831875583379,84.5422889477177,4.81514978408813,0.151017482159405,3.484454810153228,1.079433434710794,1.43,19.187781672508763,84.54236030340438,3.19194906469573,9181.61575362564,19.71794750106781,97.2874984741211,44.8033,38.221302618417575,74.19439024390245,1261208,20.0649168977803,8.83641413854123,631.5513269904857,41.111,91,110.589707531641,7.467
823b8eff-1e42-11e4-b4cd-db5882bf8def,2005-07-05,0,MUS,Paul Berenger,2003-09-30,2005-07-05,2003,2005,1.7631759069130732,0,0,0,0,0,0,0,0,0,0,0,0,Mauritius,2,37.324066,38,0.01,0.378,0.6065,2,2,1,1,2,3,2,2,2,2,7,2,2,1,2.84433535674976,1,1,2.35,1,8,1,4,37,10,2.3781106,609194.496202642,0,0,0.4578,0.719,22.1,0.469,0.777,0.646,0.74,99,45.22643189307492,0.7596074859524325,41.87192118226601,2030,15.3,2.424824181317545,7,25,10.0216618221275,32.4363015705811,57.5420366072914,77.3982019457829,4.02402019500732,0.160674051849869,0.6352844712396747,0.7141663287660651,1.88,19.783251231527093,77.3982019457829,4.911811066951974,6472.873885547412,23.05396981984269,102.094566345215,15.1722,35.18363901606555,72.43219512195122,1228254,24.3997446838276,6.74223082108155,605.0512315270936,42.112,22,121.60874399683618,9.524
823b5e2e-1e42-11e4-b4cd-db5882bf8def,1982-06-16,0,MUS,Ramgoolam,1968-03-12,1982-06-16,1968,1982,14.261464750171116,0,0,0,0,0,0,0,0,0,0,0,0,Mauritius,2,50.273019500000004,15,0.01,0.552,0.626,2,2,1,1,2,3,2,2,2,2,8,2,2,2,1.57436756849152,3,2,2.15,1,8,1,4,14,10,1.8100493,80954171.1337339,0,0,0.4578,0.493,17.9,0.543,0.691,0.6,0.701,28.3,58.97998574414749,1.964515274567984,49.26108374384236,2030,22.6,0.5577715735989465,6.6,24.66065451840835,40.3616962032733,17.57114795181165,36.6165913060631,41.721648307051495,4.54262018203735,0.26226012793177,0.1598940744079617,0,2.513,21.596218330436038,41.72164830705151,12.875680728147662,2530.623339019347,20.71890585143761,112.538200378418,1.08394,44.0030499497677,67.03475609756097,992521,32.6360999638784,4.46292353345516,488.9266009852217,41.917,91,95.83545890989907,7.112
823b8efe-1e42-11e4-b4cd-db5882bf8def,2010-05-05,1,MUS,Ramgoolam N.,1995-12-22,2000-09-17,1995,2000,4.739219712525667,0,0,0,0,0,0,1,1,0,0,0,0,Mauritius,2,35.359425,43,0.01,0.378,0.7325,2,2,1,1,2,3,2,2,2,2,6,1,1,1,3.05183245904239,2,1,2.39,1,8,1,4,42,10,2.4764836,814358.909237384,0,0,0.4836,0.755,25.1,0.424,0.813,0.66,0.752,99.4,41.83576588931502,0.6201623549900284,39.40886699507389,2030,12,2.938819577735125,7.3,24.3213090368167,8.63006188984604,28.7098375876065,62.6601005225474,81.65622435446316,3.55147004127502,0.148689589780391,4.297840295910143,1.286380909400988,1.57,18.91133004926108,81.65630027094592,3.641742191279952,8011.455172197023,22.471968489107248,100.593627929688,28.33,37.19862629047693,72.96731707317073,1250400,21.9320829404752,7.5638378281502,615.960591133005,41.555,25,113.45707355247649,7.654
823b8efe-1e42-11e4-b4cd-db5882bf8def,2014-12-10,0,MUS,Ramgoolam N.,1995-12-22,2000-09-17,1995,2000,4.739219712525667,0,0,0,0,0,0,0,0,0,0,0,0,Mauritius,2,34.061398,47,0.01,0.378,0.7325,2,2,1,1,2,3,1,2,2,2,7,2,0,1,3.3184067550679,2,1,2.504093,1,8,1,4,46,10,2.5598996,327038003.840485,0,0,0.4875,0.788,26.279046000000008,0.443,0.815,0.617,0.729,99.5,40.649624959016485,0.8045784662808703,37.55633450175263,1997,10.6,3.162761416039226,7.7,20.2928157984338,7.34603637287579,26.3707760687863,66.2831875583379,84.5422889477177,4.81514978408813,0.151017482159405,3.484454810153228,1.079433434710794,1.43,19.187781672508763,84.54236030340438,3.19194906469573,9181.61575362564,19.71794750106781,97.2874984741211,44.8033,38.221302618417575,74.19439024390245,1261208,20.0649168977803,8.83641413854123,631.5513269904857,41.111,91,110.589707531641,7.467
82341e8e-1e42-11e4-b4cd-db5882bf8def,1994-05-21,0,MWI,Banda,1964-07-06,1994-05-21,1964,1994,29.872689938398356,0,0,0,0,0,0,0,0,0,0,0,0,Malawi,2,55.072834,1,0.15,0.356,0.5575,2,1,1,1,1,3,2,1,1,1,6,1,1,1,0.592857716915014,3,2,2.74,1,1,0,4,0,6,1.4433743,766905.8442,0,0,0.8023,0.317,16.3,0.53,0.455,0.297,0.456,2.01366138458252,98.0348385608766,0.6898849204712305,22.274077216801015,94280,46.622,0.2026589749757175,20.623,84.1552990556139,74.457016941226,7.05919041945792,18.4838167955158,43.314645238693906,3.8420401811599696,1.42188006792208,1.4531734385901407,0.14595174066455335,6.508,35.35956724649979,56.65302916965624,18.582264549530414,330.660669395191,22.77523996626228,98.2871932983398,0,51.10419175345984,43.561,10131799,46.1919227675202,3.31190920230903,107.46498727195588,12.907,60,69.0950161313738,5.333
2b3c671e-3481-11e4-8dba-bbcd9ed46413,2014-05-31,0,MWI,Joyce Hilda Banda,2012-04-07,2014-05-31,2012,2014,2.1464750171115674,0,0,0,0,0,0,0,0,0,0,0,0,Malawi,2,53.395921,21,0.01,0.3,0.6025,2,1,1,1,1,3,2,2,2,2,6,2,1,1,0.8037054535356,4,3,4.475027,1,1,0,4,20,6,1.8408141,38487169.2417952,0,0,0.5752,0.493,19.34076,0.634,0.753,0.437,0.542,11.9,98.50498142761492,0.6898849204712305,38.19473907509546,94280,36.791,0.3019183314251286,8.376,91.3059975696562,65.4642428779803,7.50354051742217,27.0321997730433,43.314645238693906,3.66006016731262,0.580771920223763,6.79541385727368,-0.0538102562371814,4.612,26.44993635977938,56.65302916965624,23.873441653963663,544.2637939083801,17.264926714549418,139.086660817935,5.83,49.18381417819121,60.899,16477966,46.251996567659,3.37143542560303,174.77689859991514,16.132,356,69.0950161313738,4.966
82344f5e-1e42-11e4-b4cd-db5882bf8def,1999-06-15,1,MWI,Muluzi,1994-05-21,2004-05-24,1994,2004,10.009582477754963,0,0,0,0,0,0,0,0,0,0,0,0,Malawi,2,54.336687,6,0.01,0.356,0.5575,2,1,1,1,1,3,2,2,2,1,5,1,1,1,0.668680030347587,3,3,2.82,1,1,1,4,5,6,1.5537806,746883.914742791,0,0,0.7201000000000001,0.376,20.8,0.651,0.637,0.402,0.508,4.26991271972656,95.59731388593212,0.6898849204712305,28.638099278744168,94280,45.987,0.2502288144767484,20.175,82.5168918918919,73.2516494858603,7.16540968228117,19.58296260222,43.314645238693906,3.43224000930786,0.811014470541655,2.2646037364887563,0.0038692519048627,6.152,33.132159524819684,56.65302916965624,28.61224108881325,424.94038373368784,19.53554035179422,143.030364990234,0.087278755,50.34667338301112,43.568,10973956,45.3831073034696,3.4914439009708,116.39749681798897,14.522,34,69.0950161313738,4.993
81e9ba10-1e42-11e4-b4cd-db5882bf8def,2002-01-10,0,NIC,Aleman,1997-01-10,2002-01-10,1997,2002,4.999315537303217,0,0,0,0,0,0,0,0,0,0,0,0,Nicaragua,3,62.928524,19,0.01,0.722,0.5725,2,1,1,1,1,1,2,2,2,1,5,2,1,0,1.87689590519545,3,3,2.18,2,14,1,2,12,8,1.9354874,376500000,0,0,0.5626,0.573,18.2,0.74,0.692,0.391,0.612,74.1,74.25441641084095,1.070084475073278,15.963104537144757,120340,26.473,0.7846729971405242,5.699,24.5801526717557,31.5496085706866,18.0855411644403,50.3647946601691,46.71916998090512,2.39101004600525,0.865165582304889,3.903336267466754,0.1139663046075032,2.941,42.85429616087752,46.68975231388575,16.430111985103427,1444.8751903058817,21.462279778213013,110.59449005127,1.71473,31.60939812239114,67.18,5259006,39.2575079071509,3.3551305470207202,43.70122984876184,55.484,4049,58.091284408078494,7.523
81e9ba0e-1e42-11e4-b4cd-db5882bf8def,1990-04-25,0,NIC,Daniel Ortega,1979-07-18,1990-04-25,1979,1990,10.770704996577686,0,0,0,0,0,0,0,0,0,0,0,0,Nicaragua,2,64.051593,7,0.01,0.417,0.5725,2,1,1,1,1,1,2,2,2,1,2,0,1,1,1.74339873659675,3,3,2.18,2,13,0,2,0,6,1.7245195,753211439.471146,0,0,0.5525,0.487,16.6,0.575,0.676,0.42,0.633,94.01413851342775,94.54093425037122,2.507194598776285,10.802725610769487,120340,36.317,0.4645420098301252,7.288,61.3589567604667,15.051310755712,22.7286545299633,61.3978195994159,29.622683000032684,2.39101004600525,1.47707900105227,0.0603346678119663,0.1139663046075032,4.596,53.17699850423799,29.3416169002198,8.54351458034456,1241.4087192168472,27.323360139308818,86.0815734863281,0,35.82866154539711,63.096,4227820,45.8683316697494,2.7286166393082,35.13229183978727,53.075,52617,71.29081408309558,6.48
8209c5d6-1e42-11e4-b4cd-db5882bf8def,2003-01-22,1,NLD,Jan Peter Balkenende,2002-07-22,2010-10-14,2002,2010,8.229979466119097,3,5,0,22,12,9,4,70,5,4,2,30,Netherlands (the),4,10.001363,107,1,0.857,0.8955,2,2,1,1,98,3,2,2,2,2,8,2,2,2,7.01496530194446,1,1,4.99,2,25,1,5,58,10,3.1805365,1120669354.35824,21206993032.829,97117008.5883237,0.3161,0.893,41.6,0.016,0.932,0.817,0.863,100,47.85484595861198,1.829812387516867,32.319312796208536,33760,12.3,11.304584654264062,8.7,4.09221425767936,3.0406383421942502,19.9130278019225,77.0463338558832,27.5106466016705,5.0404200553894,1.44380959809676,3.526544990714122,7.701228784180972,1.75,10.77292654028436,94.33435194990038,2.0598272264581423,40785.12222162058,20.778650962344727,108.030838012695,64.35,44.42099587515695,78.49268292682929,16225302,18.5118175517851,13.8542833986428,480.6072867298578,80.341,38,111.92000936019188,3.593
8209c5d6-1e42-11e4-b4cd-db5882bf8def,2006-11-22,1,NLD,Jan Peter Balkenende,2002-07-22,2010-10-14,2002,2010,8.229979466119097,3,2,4,20,4,9,9,43,3,5,0,22,Netherlands (the),4,9.119842,110,1,0.857,0.8955,2,2,1,1,98,3,2,2,2,2,8,2,2,2,7.38059003581153,1,1,5.8,2,25,1,5,61,10,3.2189634,1552637653.86427,21936485387.5428,76734516.2682081,0.3201,0.905,42,0.016,0.932,0.821,0.868,100,48.17695696667163,1.90057633441124,31.688388625592417,33760,11.3,10.810981774797549,8.3,8.1460645735736,3.64762442577175,20.6260643977929,75.7263111764354,23.73069539763833,5.04402017593384,1.39338905749077,51.16197519367324,71.347688274229,1.72,10.897156398104263,92.75138984317827,1.945954638300493,43592.30274492209,21.20637212469164,107.839912414551,83.7,44.94646402856349,79.69756097560976,16346101,18.1286754601356,14.3844478853771,484.18545616113744,83.636,41,127.77215137901894,5.002
8209c5d6-1e42-11e4-b4cd-db5882bf8def,2010-06-09,0,NLD,Jan Peter Balkenende,2002-07-22,2010-10-14,2002,2010,8.229979466119097,4,1,3,21,7,5,4,42,3,2,4,20,Netherlands (the),4,7.034915,114,1,0.857,0.8955,2,2,1,1,98,3,2,2,2,2,7,1,1,2,6.9224767708893,1,1,6.97,2,25,1,5,65,10,3.2709224,2779175298.84559,15407484432.1106,244612751.396784,0.3125,0.917,39.3,0.016,0.931,0.831,0.876,100,49.15829670371103,2.2276800302264657,30.3172250222354,33730,11.1,11.140397874404904,8.2,9.38794332187474,3.06169938330933,17.6998607839394,79.2384279906229,16.30284920347555,5.48908996582031,1.32543371501611,6.28825951736476,19.83146852220123,1.79,11.072635635932404,93.6745002289704,1.7785092625475798,44390.504409813446,19.69423658491177,106.750358581543,90.72,46.04819932728796,80.70243902439024,16615394,17.5098424112919,15.4472914886499,492.5998814112066,87.134,52,131.52207413479937,4.989
820994fd-1e42-11e4-b4cd-db5882bf8def,1998-05-06,1,NLD,Kok,1994-08-22,2002-07-22,1994,2002,7.915126625598905,5,4,2,30,4,5,10,36,0,1,3,5,Netherlands (the),4,11.879622,102,1,0.857,0.8955,2,2,1,1,98,3,2,2,2,2,8,2,2,2,6.18704486315773,1,1,5.13,2,25,1,5,53,10,3.1132798,631115240.792878,6488923742.81724,232022686.648931,0.3064,0.884,38.4,0.018,0.929,0.804,0.851,100,46.97843421719469,1.7654550878640891,27.54443127962085,33760,12.7,11.462583836504628,8.8,2.55501289579103,3.48961273763082,22.7557714214964,73.7546026130725,15.951874803472602,4.54056978225708,1.5806480613385,8.588628467372338,8.433186078088598,1.63,10.564751184834122,95.01434889097776,2.5569687670399066,37480.70944777324,22.357118401197077,106.859008789062,22.24382769,42.53493354337958,77.88292682926831,15707209,18.4788999042111,13.4839100505963,465.2609300947867,75.25,57,112.55202323133696,4.394
820994fc-1e42-11e4-b4cd-db5882bf8def,1986-05-21,1,NLD,Lubbers,1982-11-04,1994-08-22,1982,1994,11.797399041752225,0,0,0,0,0,0,0,0,0,0,0,0,Netherlands (the),3,18.501412,90,1,0.419,0.4475,2,2,1,1,98,3,2,2,2,2,8,2,2,2,6.36297043601687,1,1,3.77,2,25,1,5,41,10,2.937317,626001709,13584371013.2242,1057346682.912,0.2949,0.884,41,0.018,0.869,0.814,0.862,100,45.41500913316965,1.746947135337726,26.007109004739338,33760,12.7,10.439136557784584,8.6,19.257558098599752,3.43405582302153,23.2501811631813,72.6483618220342,0.9476766874217896,5.56155014038086,2.72511978598847,1.557819202796325,2.0379185979058945,1.55,29.638114690346885,97.78462118308768,3.923024676892165,27823.99966738339,27.86219642782985,102.427223205566,41.49448266,45.38365101942094,76.27048780487806,14572278,18.9839315394955,12.2473788901795,431.6433056872038,67.117,25.5,97.1324970251678,5.965
820994fc-1e42-11e4-b4cd-db5882bf8def,1989-09-06,1,NLD,Lubbers,1982-11-04,1994-08-22,1982,1994,11.797399041752225,0,0,0,0,0,0,0,0,0,0,0,0,Netherlands (the),3,16.785939,93,1,0.419,0.4475,2,2,1,1,98,3,2,2,2,2,8,2,2,2,6.4271446747528,1,1,3.9,2,25,1,5,44,10,2.9833326,768753540,7070888015.26462,864905084.574642,0.2964,0.884,38.2,0.018,0.914,0.813,0.861,100,44.94134080120881,1.6416542199925714,26.851303317535542,33760,12.7,10.7488046089857,8.7,19.257558098599752,3.43405582302153,23.2501811631813,72.6483618220342,7.285142078987278,5.50121021270752,2.51740390550589,3.3132375755172583,5.751722585936755,1.55,29.638114690346885,97.12597863753246,4.144414021494319,30063.370768457025,26.49178503917812,101.397727966309,41.49448266,45.38365101942094,76.73414634146343,14848907,18.2727770117961,12.7337935957199,439.8372926540284,68.296,25.5,106.03949730578852,5.965
8226f521-1e42-11e4-b4cd-db5882bf8def,2005-09-12,0,NOR,Bondevik,1997-10-17,1998-08-30,1997,1998,0.8678986995208761,5,0,1,21,13,5,7,69,4,3,3,25,Norway,2,-0.783885,106,1,0.453,0.665,2,2,96,1,98,3,2,2,2,2,8,2,2,2,5.88250673364347,1,1,5.11,2,27,1,5,60,10,3.4563031,505278425.015019,57858982975.1367,65086743783.9324,0.3282,0.93,38.6,0.006,0.951,0.861,0.892,100,52.32385512254331,35.54054781027005,2.3600661475616302,365244,12.3,9.412991741164465,8.9,99.4717476046486,3.29982662734657,20.8533039218755,75.846826568598,-736.3718270324574,6.84082984924316,1.57588467314326,3.244985456072057,10.237813120098089,1.84,33.149072948494705,54.98216280325153,1.3595141201690304,73524.2549173583,38.380410578271714,99.2598037719727,81.99,47.13577751031848,80.04146341463415,4623291,19.641589215883702,14.7088071883727,12.658088839241712,77.675,12,70.46945049090228,4.381
8226f521-1e42-11e4-b4cd-db5882bf8def,2005-09-12,0,NOR,Bondevik,1998-09-24,2000-03-17,1998,2000,1.4784394250513346,5,0,1,21,13,5,7,69,4,3,3,25,Norway,2,-0.783885,106,1,0.453,0.665,2,2,96,1,98,3,2,2,2,2,8,2,2,2,5.88250673364347,1,1,5.11,2,27,1,5,60,10,3.4563031,505278425.015019,57858982975.1367,65086743783.9324,0.3282,0.93,38.6,0.006,0.951,0.861,0.892,100,52.32385512254331,35.54054781027005,2.3600661475616302,365244,12.3,9.412991741164465,8.9,99.4717476046486,3.29982662734657,20.8533039218755,75.846826568598,-736.3718270324574,6.84082984924316,1.57588467314326,3.244985456072057,10.237813120098089,1.84,33.149072948494705,54.98216280325153,1.3595141201690304,73524.2549173583,38.380410578271714,99.2598037719727,81.99,47.13577751031848,80.04146341463415,4623291,19.641589215883702,14.7088071883727,12.658088839241712,77.675,12,70.46945049090228,4.381
8226f521-1e42-11e4-b4cd-db5882bf8def,2005-09-12,0,NOR,Bondevik,2001-10-19,2005-10-17,2001,2005,3.994524298425736,5,0,1,21,13,5,7,69,4,3,3,25,Norway,2,-0.783885,106,1,0.453,0.665,2,2,96,1,98,3,2,2,2,2,8,2,2,2,5.88250673364347,1,1,5.11,2,27,1,5,60,10,3.4563031,505278425.015019,57858982975.1367,65086743783.9324,0.3282,0.93,38.6,0.006,0.951,0.861,0.892,100,52.32385512254331,35.54054781027005,2.3600661475616302,365244,12.3,9.412991741164465,8.9,99.4717476046486,3.29982662734657,20.8533039218755,75.846826568598,-736.3718270324574,6.84082984924316,1.57588467314326,3.244985456072057,10.237813120098089,1.84,33.149072948494705,54.98216280325153,1.3595141201690304,73524.2549173583,38.380410578271714,99.2598037719727,81.99,47.13577751031848,80.04146341463415,4623291,19.641589215883702,14.7088071883727,12.658088839241712,77.675,12,70.46945049090228,4.381
8226c44e-1e42-11e4-b4cd-db5882bf8def,1993-09-13,1,NOR,Brundtland,1981-02-04,1981-10-14,1981,1981,0.6899383983572895,0,0,0,0,0,0,0,0,0,0,0,0,Norway,2,6.576841,94,1,0.138,0.4395,2,2,96,1,98,3,2,2,2,2,8,2,1,2,5.96885808132294,1,1,4.74,2,27,1,5,48,10,3.2523627,166334716.8,4252153231.7564,23234265446.216,0.2631,0.867,36,0.006,0.948,0.846,0.879,100,54.76388050423269,36.84939396216448,2.423037750106778,365244,13.8,8.981326723548356,10.8,99.8037053742963,5.51349010745226,23.2501811631813,71.2363287293664,-559.8465235119402,7.6766300201416,2.6873498445660102,0.822301012103941,0.5957415350699012,1.86,33.200545388835955,54.758248152746894,2.609419441875799,53938.0213173081,27.59594622872781,98.7480697631836,2.783990846,45.49359795193977,77.15170731707317,4311991,19.2527090982288,16.132735609452,11.80578188827195,73.061,25.5,67.25068125943271,5.965
8226c44e-1e42-11e4-b4cd-db5882bf8def,1993-09-13,1,NOR,Brundtland,1986-05-09,1989-10-16,1986,1989,3.4387405886379194,0,0,0,0,0,0,0,0,0,0,0,0,Norway,2,6.576841,94,1,0.138,0.4395,2,2,96,1,98,3,2,2,2,2,8,2,1,2,5.96885808132294,1,1,4.74,2,27,1,5,48,10,3.2523627,166334716.8,4252153231.7564,23234265446.216,0.2631,0.867,36,0.006,0.948,0.846,0.879,100,54.76388050423269,36.84939396216448,2.423037750106778,365244,13.8,8.981326723548356,10.8,99.8037053742963,5.51349010745226,23.2501811631813,71.2363287293664,-559.8465235119402,7.6766300201416,2.6873498445660102,0.822301012103941,0.5957415350699012,1.86,33.200545388835955,54.758248152746894,2.609419441875799,53938.0213173081,27.59594622872781,98.7480697631836,2.783990846,45.49359795193977,77.15170731707317,4311991,19.2527090982288,16.132735609452,11.80578188827195,73.061,25.5,67.25068125943271,5.965
8226c44e-1e42-11e4-b4cd-db5882bf8def,1993-09-13,1,NOR,Brundtland,1990-11-03,1996-10-25,1990,1996,5.976728268309377,0,0,0,0,0,0,0,0,0,0,0,0,Norway,2,6.576841,94,1,0.138,0.4395,2,2,96,1,98,3,2,2,2,2,8,2,1,2,5.96885808132294,1,1,4.74,2,27,1,5,48,10,3.2523627,166334716.8,4252153231.7564,23234265446.216,0.2631,0.867,36,0.006,0.948,0.846,0.879,100,54.76388050423269,36.84939396216448,2.423037750106778,365244,13.8,8.981326723548356,10.8,99.8037053742963,5.51349010745226,23.2501811631813,71.2363287293664,-559.8465235119402,7.6766300201416,2.6873498445660102,0.822301012103941,0.5957415350699012,1.86,33.200545388835955,54.758248152746894,2.609419441875799,53938.0213173081,27.59594622872781,98.7480697631836,2.783990846,45.49359795193977,77.15170731707317,4311991,19.2527090982288,16.132735609452,11.80578188827195,73.061,25.5,67.25068125943271,5.965
82269378-1e42-11e4-b4cd-db5882bf8def,1965-10-12,0,NOR,Gerhardsen,1963-09-25,1965-10-12,1963,1965,2.0479123887748116,0,0,0,0,0,0,0,0,0,0,0,0,Norway,1,14.71343,66,1,0.453,0.604,2,2,96,1,98,3,2,2,2,2,7,2,2,1,7.90830763444288,1,1,3.9,2,27,1,5,20,10,2.6797137,682357429.334024,0,0,0.3282,0.884,31.3,0.006,0.825,0.794,0.834,100,58.04485674723211,44.9784772619181,2.3217356068819748,365244,17.8,9.118305739443487,9.4,19.257558098599752,3.43405582302153,23.2501811631813,72.6483618220342,51.86771001260768,5.50121021270752,3.3979365193093103,2.030641506788335,1.6866264502348185,2.94,29.638114690346885,56.89427222622877,2.15159942379354,23165.63153601725,25.220032578308192,102.011859893799,41.49448266,45.38365101942094,73.72317073170731,3723168,24.7507291841933,11.976104270419,10.19364589151362,57.568,25.5,67.46431546018546,5.965
8226f520-1e42-11e4-b4cd-db5882bf8def,1997-10-17,0,NOR,Jagland,1996-10-25,1997-10-17,1996,1997,0.9774127310061602,2,2,3,15,10,11,5,67,0,0,0,0,Norway,2,3.89586,98,1,0.138,0.4395,2,2,96,1,98,3,2,2,2,2,8,2,2,2,6.17689618902294,1,1,5.07,2,27,1,5,52,10,3.3030367,288915989.523746,5956105366.71666,32408407070.5512,0.3059,0.893,37.9,0.006,0.946,0.848,0.88,100,54.87165622741169,37.03932771277296,2.455892499260768,365244,13.6,9.901554019527566,10.1,99.5773526164317,5.086672772349,23.4597335653132,71.4536386894936,-784.4226389197659,7.30343008041382,2.01607957074415,2.797907546031394,3.4903717175254907,1.86,33.17973738103843,54.56681448609992,2.0617870222720662,63882.47650076257,31.473005414688,83.8391876220703,20.41788144,46.3007278720044,78.14268292682927,4405157,19.7110389031841,15.7193660820458,12.060860684912004,74.476,25.5,72.15369653214643,4.687
8226c44c-1e42-11e4-b4cd-db5882bf8def,1973-10-15,0,NOR,Korvald,1972-10-17,1973-10-15,1972,1973,0.9938398357289527,0,0,0,0,0,0,0,0,0,0,0,0,Norway,1,14.71343,74,1,0.178,0.436,2,2,96,1,98,3,2,2,2,2,7,2,2,1,9.15356998076856,1,1,4.63,2,27,1,5,28,10,2.8419948,682357429.334024,0,203561128.640314,0.3282,0.884,35.2,0.006,0.921,0.809,0.847,100,59.88512656222184,43.85189130884616,2.157461861112024,365244,15.5,9.648912844782576,10.1,19.257558098599752,3.43405582302153,23.2501811631813,72.6483618220342,43.57068635910723,5.89171981811523,3.1336051210528204,0.9274769102887752,0.22188442829875,2.23,29.638114690346885,59.27330091084932,4.445539067791392,30441.276381107175,26.325349424296533,100.010398864746,41.49448266,45.38365101942094,74.44219512195122,3960612,24.1591058369719,13.2959890140895,10.843742813023622,67.216,25.5,73.07046979865773,5.965
8226f523-1e42-11e4-b4cd-db5882bf8def,2009-09-14,1,NOR,Stoltenberg,2000-03-17,2001-10-19,2000,2001,1.5906913073237507,3,5,1,23,2,8,9,33,5,0,1,21,Norway,2,0.968137,110,1,0.453,0.665,2,2,96,1,98,3,2,2,2,2,8,2,2,2,5.85486268895882,1,1,4.55,2,27,1,5,64,10,3.5509286,631471271.264598,22175073493.2257,51357983911.5824,0.3106,0.935,37.1,0.006,0.953,0.865,0.897,100,50.89929080496481,28.73333648780684,2.285814414473612,365244,12.8,9.118305739443487,8.6,96.5704425900335,2.70010760895754,20.2171073235616,77.0827850674809,-594.1867865226072,7.07067012786865,1.59690979918941,2.2258474686507994,2.5692538285668194,1.98,33.13702620713824,63.11011116181548,1.2360885219238993,73141.30734229668,34.869074710457625,99.7100524902344,92.08,47.4510271555264,80.79512195121951,4828726,18.9490618476209,14.781580259834,13.22054845527921,78.815,25.5,67.46431546018546,3.103
8226f523-1e42-11e4-b4cd-db5882bf8def,2009-09-14,1,NOR,Stoltenberg,2005-10-17,2013-10-16,2005,2013,7.997262149212868,3,5,1,23,2,8,9,33,5,0,1,21,Norway,2,0.968137,110,1,0.453,0.665,2,2,96,1,98,3,2,2,2,2,8,2,2,2,5.85486268895882,1,1,4.55,2,27,1,5,64,10,3.5509286,631471271.264598,22175073493.2257,51357983911.5824,0.3106,0.935,37.1,0.006,0.953,0.865,0.897,100,50.89929080496481,28.73333648780684,2.285814414473612,365244,12.8,9.118305739443487,8.6,96.5704425900335,2.70010760895754,20.2171073235616,77.0827850674809,-594.1867865226072,7.07067012786865,1.59690979918941,2.2258474686507994,2.5692538285668194,1.98,33.13702620713824,63.11011116181548,1.2360885219238993,73141.30734229668,34.869074710457625,99.7100524902344,92.08,47.4510271555264,80.79512195121951,4828726,18.9490618476209,14.781580259834,13.22054845527921,78.815,25.5,67.46431546018546,3.103
8226f523-1e42-11e4-b4cd-db5882bf8def,2013-09-09,0,NOR,Stoltenberg,2000-03-17,2001-10-19,2000,2001,1.5906913073237507,2,1,1,11,9,8,6,58,3,5,1,23,Norway,3,1.975921,114,1,0.453,0.665,2,2,96,1,98,3,2,2,2,2,7,2,1,1,6.30355142682209,1,1,4.869237,2,27,1,5,68,10,3.6040356,791457692.030841,14630928181.6879,61666467054.168,0.3275,0.945,41.717312,0.006,0.95,0.852,0.885,100,51.67558722665389,29.171739177794088,2.212379906210226,365122.96,11.6,9.101462844781985,8.1,97.7022692526755,2.20740699842952,20.3156056757951,77.4769873257754,-494.81574777481774,7.43906021118164,1.40525218139781,-0.2601843207510912,2.2741285370162423,1.78,33.20908660468791,61.84011850701244,1.2530356741259443,73515.91448859576,36.27393146697688,99.6445617675781,95.0534,47.32528715708192,81.75121951219514,5079623,18.2894534449551,15.780354494689,13.91208868376834,80.286,15,67.97279259368321,3.423
8226f523-1e42-11e4-b4cd-db5882bf8def,2013-09-09,0,NOR,Stoltenberg,2005-10-17,2013-10-16,2005,2013,7.997262149212868,2,1,1,11,9,8,6,58,3,5,1,23,Norway,3,1.975921,114,1,0.453,0.665,2,2,96,1,98,3,2,2,2,2,7,2,1,1,6.30355142682209,1,1,4.869237,2,27,1,5,68,10,3.6040356,791457692.030841,14630928181.6879,61666467054.168,0.3275,0.945,41.717312,0.006,0.95,0.852,0.885,100,51.67558722665389,29.171739177794088,2.212379906210226,365122.96,11.6,9.101462844781985,8.1,97.7022692526755,2.20740699842952,20.3156056757951,77.4769873257754,-494.81574777481774,7.43906021118164,1.40525218139781,-0.2601843207510912,2.2741285370162423,1.78,33.20908660468791,61.84011850701244,1.2530356741259443,73515.91448859576,36.27393146697688,99.6445617675781,95.0534,47.32528715708192,81.75121951219514,5079623,18.2894534449551,15.780354494689,13.91208868376834,80.286,15,67.97279259368321,3.423
824a3f0a-1e42-11e4-b4cd-db5882bf8def,1991-05-26,0,NPL,Krishna Prasad Bhatterai,1990-11-09,1991-05-26,1990,1991,0.5420944558521561,0,0,0,0,0,0,0,0,0,0,0,0,Nepal,1,62.425258,1,0.234,0.174,0.451,1,1,1,1,3,3,1,2,2,1,3,0,1,0,0.617975015794086,3,2,3.89,1,1,0,8,1,5,1.3177912,2613844482,0,0,0.4299,0.403,12.6,0.832,0.494,0.307,0.383,64.4,82.23884568063123,0.988226129076786,16.251748251748253,143000,37.608,0.0665945416220604,12.131,96.5665236051502,77.4760486269517,8.49296668052063,14.0309846925277,5.966662065446092,2.89752995967865,1.0966096485033798,0.0566113359342816,0.0609128570671868,5.139,39.74039160839161,6.009829880326436,44.72338672547072,436.1041659146404,16.447363106921593,109.289436340332,0,24.645536005466436,55.712,20130779,41.5493121639583,3.57764355710337,140.77467832167832,9.18,11883,34.67505512879541,10.539
824f6584-1e42-11e4-b4cd-db5882bf8def,2002-07-27,1,NZL,Clark,1999-12-10,2008-11-19,1999,2008,8.944558521560575,0,0,0,0,1,0,3,7,0,0,0,0,New Zealand,1,3.608212,146,0.58,0.319,0.504,2,2,2,2,98,3,2,2,2,2,7,2,2,1,7.06898476800235,1,1,4.17,3,1,1,5,125,10,3.2743878,232521812.123755,1073031803.33964,370610712.559527,0.371,0.904,27.4,0.009,0.943,0.831,0.884,100,51.86608553577939,13.61789893546984,1.524438874330637,263310,13.67,8.872685830062048,7.1,69.4774668340348,8.82351113284001,22.7415809710057,68.4348561058676,14.554768214940584,5.50121021270752,1.45440984523588,4.275332532079873,2.111272587677078,1.89,37.40828681022369,69.7739777662775,5.852893527936618,32636.137550376698,23.858382464991383,99.5061492919922,59.0808,45.759380157099606,78.84634146341463,3948500,22.3786074170649,11.7739184190989,14.995632524400897,86.161,25.5,62.65599455544788,5.282
824f6584-1e42-11e4-b4cd-db5882bf8def,2005-09-17,1,NZL,Clark,1999-12-10,2008-11-19,1999,2008,8.944558521560575,3,2,0,16,0,0,0,0,1,0,3,7,New Zealand,2,2.64379,149,0.58,0.319,0.504,2,2,2,2,98,3,2,2,2,2,7,2,2,1,6.79725796553834,1,1,3.04,3,1,1,5,128,10,3.2803705,352035937.831803,1775138431.73598,464647703.31211,0.3673,0.917,32.7,0.009,0.943,0.83,0.883,100,50.42165658494554,13.666822132456002,1.614067069233983,263310,13.96,8.753767628631559,6.54,64.2361757587042,7.15659466274845,22.1901864356426,70.653218901609,24.0262516575194,5.50121021270752,1.13993436677911,1.6620151766177464,-0.5586222771499773,1.97,37.405643538035015,68.18112114942768,4.517697024003143,35120.73551264269,23.941768904545928,99.8288269042969,62.7202,46.37317433021943,79.85121951219514,4133900,21.5462058115347,11.9739952346858,15.69974554707379,86.341,5,58.01874344071635,3.807
824f6584-1e42-11e4-b4cd-db5882bf8def,2008-11-08,0,NZL,Clark,1999-12-10,2008-11-19,1999,2008,8.944558521560575,3,2,4,20,0,0,0,0,3,2,0,16,New Zealand,2,1.705068,152,0.56,0.789,0.499,2,2,2,2,98,3,2,2,2,2,8,2,2,2,6.51389756940917,1,1,3.07,3,1,1,5,131,10,3.233838,421363024.488329,1530096054.27927,2341618757.87223,0.3482,0.919,31,0.009,0.942,0.833,0.887,100,50.54775804072331,13.384799447548918,1.7204056055599863,263310,15.1,8.486595614817599,6.85,64.2516704294087,6.98529044990237,21.737148982829,71.2775605672686,13.913424222116614,5.50121021270752,1.1527704961191,1.9469239581805973,0.6304067556373061,2.19,37.40300026584634,66.85097419240397,5.012512803184693,35651.01563737061,23.24266390716239,99.3267135620117,72.03,46.9050894085282,80.35121951219514,4259800,21.0298554881376,12.5460346879641,16.177889180053928,86.28,8,64.40873045204482,4.167
824f03de-1e42-11e4-b4cd-db5882bf8def,1972-12-08,0,NZL,Marshall,1972-02-07,1972-12-08,1972,1972,0.8350444900752909,0,0,0,0,0,0,0,0,0,0,0,0,New Zealand,3,14.71343,116,1,0.239,0.41,2,2,2,2,98,3,2,2,2,2,7,2,2,1,7.80771515894051,1,1,2.43,1,1,1,5,95,10,3.1285253,107568000.8,30903970.0635596,14302578.4031094,0.3831,0.884,24.9,0.009,0.785,0.778,0.853,100,66.67852895392994,30.37205127280699,1.4272150696897197,263310,21.8,5.72846861117807,8.51,19.257558098599752,3.43405582302153,23.2501811631813,72.6483618220342,50.74912098383495,5.50121021270752,2.18326794076699,1.3241937499999998,0.0375235253775406,3,29.638114690346885,69.62796188513278,13.160569105691057,22185.927371613507,34.33689024390244,107.061981201172,41.49448266,45.38365101942094,71.82926829268294,2903900,31.3496147391298,8.65465794874007,11.028445558467206,81.819,25.5,45.858739837398375,5.965
824f34b2-1e42-11e4-b4cd-db5882bf8def,1990-10-27,0,NZL,Moore,1990-09-04,1990-10-27,1990,1990,0.14510609171800137,0,0,0,0,0,0,0,0,0,0,0,0,New Zealand,1,10.381138,134,1,0.319,0.504,2,2,2,2,98,3,2,2,2,2,8,2,2,2,8.5675009079789,1,1,2.78,1,1,1,5,113,10,3.256068,761847595.2,677093237.338454,556609325.891583,0.3691,0.812,30.8,0.009,0.904,0.812,0.871,100,52.23654865872916,16.250987543660457,1.4431658501386198,263310,17.5,7.154423689110458,7.89,80.0061986672865,3.43405582302153,23.2501811631813,72.6483618220342,10.183479104534833,5.50121021270752,2.32777974713459,3.703172565443273,5.194145377629488,2.18,35.59405263757548,66.7463465777713,5.9886768163726405,26391.14258827008,26.535920238548744,106.121063232422,0,45.38365101942094,75.37804878048782,3329800,23.2611460243655,11.051606255805,12.645930652083097,84.742,25.5,52.60814165801884,5.965
824f34af-1e42-11e4-b4cd-db5882bf8def,1984-07-26,0,NZL,Muldoon,1975-12-12,1984-07-26,1975,1984,8.621492128678987,0,0,0,0,0,0,0,0,0,0,0,0,New Zealand,2,14.300624,128,1,0.239,0.41,2,2,2,2,98,3,2,2,2,2,8,2,2,2,7.42248936107788,1,1,2.99,1,1,1,5,107,10,3.24218,275288879.4,940221087.0046,389820232.518098,0.3384,0.884,34,0.009,0.873,0.797,0.867,100,54.48793408591408,26.62658916782794,1.7317990201663438,263310,16,6.123423507173624,7.8,19.257558098599752,3.43405582302153,23.2501811631813,72.6483618220342,23.88772072966847,4.04568004608154,2.37762415493316,0.5363885494441947,0.1412925935119019,1.93,29.638114690346885,68.26025083545096,8.311595070001196,25851.726241821387,35.82146703362451,104.763648986816,41.49448266,45.38365101942094,74.37073170731708,3227100,25.1097616110563,10.160277103361,12.25589609205879,83.633,25.5,66.19839655378725,5.965
824f03dd-1e42-11e4-b4cd-db5882bf8def,1960-12-12,0,NZL,Nash,1957-12-12,1960-12-12,1957,1960,3.0006844626967832,0,0,0,0,0,0,0,0,0,0,0,0,New Zealand,3,14.71343,104,1,0.453,0.5205,2,2,2,2,98,3,2,2,2,2,7,2,2,1,6.6304128260302,1,1,2.37,1,1,1,5,83,10,2.8486655,682357429.334024,18844.9829686411,75955.4473232045,0.3893,0.884,25.9,0.009,0.723,0.747,0.836,100,71.01096812523794,20.720531678918796,17.262481822588462,241930,26.5,9.118305739443487,8.79,19.257558098599752,3.43405582302153,23.2501811631813,72.6483618220342,40.52218500967774,5.50121021270752,2.69073315965761,2.030641506788335,1.6866264502348185,4.24,29.638114690346885,79.27944331078322,2.15159942379354,17776.551068472032,25.220032578308192,102.011859893799,41.49448266,45.38365101942094,71.23658536585367,2371800,32.778918431086304,8.7453158905068,70.98192366238393,75.998,25.5,67.46431546018546,5.965
824f34ae-1e42-11e4-b4cd-db5882bf8def,1975-12-12,0,NZL,Rowling,1974-09-06,1975-12-12,1974,1975,1.264887063655031,0,0,0,0,0,0,0,0,0,0,0,0,New Zealand,3,14.71343,119,1,0.239,0.41,2,2,2,2,98,3,2,2,2,2,7,2,2,1,8.47678410848006,1,1,2.55,1,1,1,5,98,10,3.2114954,157393798.8,49672354.3594771,50584316.4109071,0.3427,0.884,27.6,0.009,0.796,0.78,0.856,100,63.61297526090727,30.05259135043043,1.4564581671793704,263310,18.3,5.717297525218124,8.1,19.257558098599752,3.43405582302153,23.2501811631813,72.6483618220342,46.28613293463854,5.16753005981445,2.08476174151526,1.07425112321268,0.1681700202973305,2.37,29.638114690346885,65.00361579427612,9.922725676150334,23463.026057046853,34.36073059360731,106.526321411133,41.49448266,45.38365101942094,72.21951219512196,3083100,30.0554236764674,8.82472472304315,11.70901219095363,82.774,25.5,53.134878819810325,5.965
824f6583-1e42-11e4-b4cd-db5882bf8def,1999-12-10,0,NZL,Shipley,1997-12-08,1999-12-10,1997,1999,2.004106776180698,0,0,0,0,3,2,1,17,0,0,0,0,New Zealand,1,5.062245,143,0.58,0.319,0.504,2,2,2,2,98,3,2,2,2,2,8,2,2,2,8.50199848503519,1,1,3.86,3,1,1,5,122,10,3.2698529,257530822.8,636289188.155835,338970333.415078,0.4028,0.885,36.6,0.009,0.937,0.831,0.884,100,52.69741743109586,13.134943119639662,1.530875773802742,263310,14.87,8.342051054731298,7.33,69.524288018616,9.42110038640239,23.098772853947,67.4801267596506,16.153758435149108,6.6362099647522,1.61934201810554,1.6021577454176934,1.8273063843414676,1.97,37.22844935627207,70.81706548813462,6.27577740684807,30164.085203497267,24.057441114908727,98.6937408447266,41.49448266,45.31154340857719,77.89024390243904,3835100,22.8890175501797,11.621983968409,14.56496145228058,85.941,25.5,61.4012311333669,7.023
8248878d-1e42-11e4-b4cd-db5882bf8def,1990-08-06,0,PAK,Bhutto Benazir,1988-12-02,1990-08-06,1988,1990,1.675564681724846,0,0,0,0,0,0,0,0,0,0,0,0,Pakistan,3,62.604816,3,0.234,0.319,0.368,2,1,1,1,3,3,1,2,1,1,2,0,0,0,0.770460530020833,4,4,3.44,1,1,0,8,2,8,1.3580371,2006266968,1653212142.14113,824991411.720461,0.4304,0.394,12.3,0.824,0.406,0.2,0.373,64.4,89.36013232461204,2.77015962796986,38.59225819842258,770880,43.147,0.5675053359395897,10.731,44.9260743768747,54.4443254272337,17.994375700714,27.5612988720523,20.331510090385148,2.51680994033813,6.52232023523122,0.6129976619139379,0.00486943840835,6.364,6.468957555002077,52.68279885080916,23.0670733915693,956.993844746646,22.344244885465503,52.80419921875,0,24.80129212875532,60.066,115414069,43.7364804990262,3.45409317708878,149.7172958177667,30.576,485,35.03457590049805,7.992
82551e7c-1e42-11e4-b4cd-db5882bf8def,2013-06-05,0,PAK,Zardari,2008-09-09,2013-06-05,2008,2013,4.736481861738535,0,0,0,0,0,0,0,0,0,0,0,0,Pakistan,5,58.413635,6,0.234,0.371,0.4645,2,1,1,1,1,3,1,1,1,0,0,0,0,0,0.745471039493412,5,4,5.094375,1,1,0,8,5,7,1.7829876,14629000000,5701078088.74814,3256844287.92738,0.4219,0.51,16.081416,0.895,0.619,0.29,0.474,89.3,73.91779480525922,4.000540330142651,39.52625570776256,770880,31.181,0.762642248572134,7.333,31.0061877858488,42.2365631925493,22.9218719828671,34.8415664146405,23.4385850825137,2.23698997497559,3.47561387186447,0.5153538493322452,0.0819617524819474,4.106,5.185050850975508,59.28014239826109,23.707594593490796,1346.28928139308,20.89102950846449,70.2436408942136,9,21.56742143375068,65.15,205337562,38.6608103879211,3.84076051316904,266.3677381693649,35.613,48676,30.890275019039308,2.954
81fa8348-1e42-11e4-b4cd-db5882bf8def,2001-07-28,0,PER,Valentin Paniagua,2000-11-23,2001-07-28,2000,2001,0.676249144421629,0,0,0,0,0,0,0,0,0,0,0,0,Peru,2,62.284651,1,0.23,0.798,0.8045,2,2,1,1,1,1,2,2,1,1,3,0,2,0,2.00291229743694,3,1,6.6,2,25,0,2,0,9,2.6408205,753211439.471146,169898334.397862,1110402479.92928,0.6319,0.683,18.9,0.484,0.764,0.57,0.728,72.1,63.74430635823435,11.72853402551,3.555625,1280000,22.908,0.9968162395068588,5.72,85.5231494850322,38.6933691325533,15.852253311551,45.4543775558958,20.19108504898066,3.03712010383606,1.75202012964839,2.199224501580588,0.1429939899302569,2.744,58.72892734375,67.54891156994341,7.89362669632438,3255.590278355676,29.03515644260849,116.477882385254,7.57876,43.09771638880445,71.041,27014909,34.0200930164172,4.90908011033981,21.10539765625,73.448,6500,35.06440143102117,5.067
824cb9e3-1e42-11e4-b4cd-db5882bf8def,1961-11-14,0,PHL,Garcia,1957-03-17,1961-11-14,1957,1961,4.662559890485968,0,0,0,0,0,0,0,0,0,0,0,0,Philippines (the),8,62.2239345,16,0.01,0.7055,0.593,2,96,1,1,3,3,1,2,2,0.5,2,0.5,1,0,0.851653125166174,3.5,2.5,2.05,1,1,0,7,11,5,1.5168362,3560967494.78873,0,0,0.48550000000000004,0.659,10.3,0.709,0.591,0.292,0.4,89.7,103.57826351325288,0.7646615776185792,16.43197210487494,298260,46.051,1.6442713733119856,10.105,10.640480901986638,42.169205428113,18.150130471261853,39.1081530410151,41.65367801072865,4.165340065956116,1.7029080429656802,0.821081699767386,0.7999210901256657,7.087,46.22607447654834,65.52072458112153,23.64538165723294,1129.0696802795906,35.184783798783506,109.1348304748535,6.238165,41.59729535013997,59.619,29342411,48.3844204213485,2.49442181148645,98.3786327365386,30.555,396.5,103.6966255483689,3.6605
824ceab7-1e42-11e4-b4cd-db5882bf8def,2004-05-10,1,PHL,Gloria Macapagal-Arroyo,2001-01-21,2010-06-30,2001,2010,9.437371663244353,0,0,0,0,0,0,0,0,0,0,0,0,Philippines (the),8,62.762205,19,0.01,0.634,0.639,2,2,1,1,3,1,1,2,2,1,1,0,1,0,1.22169119582175,3,2,3.1,3,1,0,7,17,8,2.5066977,11468000000,1073066321.95894,437630307.769105,0.4922,0.658,22.8,0.793,0.827,0.359,0.495,87.6,68.7812611638108,3.296251468733233,17.17141228158433,298170,27.466,0.905052141889878,5.556,33.7312579301964,35.6431213312372,15.9218382714045,48.4350372460417,46.162087307456,2.46983003616333,1.36062650970663,0.6231447779634542,0.5084103509397776,3.543,23.88383807894825,56.38303464461239,13.984403691720148,2020.129700255528,33.61869620728831,106.663467407227,5.24363,37.784994703615055,70.037,84607501,36.7907687050112,3.96094785969391,283.7559144112419,45.795,428,87.12528482320484,3.554
824e7160-1e42-11e4-b4cd-db5882bf8def,1982-08-02,0,PNG,Chan,1980-03-11,1982-08-02,1980,1982,2.3928815879534566,0,0,0,0,0,0,0,0,0,0,0,0,Papua New Guinea,1,64.093489,8,0.25,0.409,0.5725,96,2,1,1,3,3,2,2,2,2,5,2,2,0,2.11412071720964,3,2,5.08,1,1,1,9,7,4,2.76471925,6099514.008,0,0,0.5025000000000001,0.462,16.8,0.619,0.457,0.424,0.552,14.4,80.86184959335958,2.658765975505424,0.3864328931678664,452860,37.171,0.5289521967913592,8.692,33.0935251798561,36.5873923676215,4.10683117780088,59.9910265961719,41.876690401808624,4.766824960708615,0.8903513431062681,3.6259310674944096,0.0748662674432666,5.587,80.26982842379543,0,32.4262520009147,2012.508727259573,23.23347816144523,60.3477096557617,1.32166,47.21316851842573,58.109,3235264,43.4860869910596,1.2230843020978,7.144071015324824,13.428,70,97.3302080951292,2.62
824e7160-1e42-11e4-b4cd-db5882bf8def,1997-07-22,0,PNG,Chan,1994-08-30,1997-07-22,1994,1997,2.8939082819986313,0,0,0,0,0,0,0,0,0,0,0,0,Papua New Guinea,4,64.549665,23,0.26,0.409,0.5725,96,2,1,1,3,3,1,2,2,2,4,2,2,0,1.21993824033577,4,2,2.51,1,1,0,9,22,4,2.76471925,13949213.98,0,731769446.274547,0.4995,0.445,37.3,0.619,0.463,0.407,0.524,2.15848255157471,75.97510314563134,2.658765975505424,0.4350130283089696,452860,34.737,0.5099548648819187,7.536,43.6923076923077,35.8073556900635,3.51097107992056,60.6816732300159,41.876690401808624,4.766824960708615,1.0753537542736,0.5735264534427511,-0.0053168347593792,4.679,80.18919842777017,0,35.03305271484265,2323.773452377806,29.802531216452905,71.2007827758789,0.100588321,46.75139050637191,61.377,4960439,41.0157044568031,2.15807512198013,10.953581680872675,13.724,806,99.20797502683769,2.87
824ea232-1e42-11e4-b4cd-db5882bf8def,2002-08-05,0,PNG,Morauta,1999-07-14,2002-08-05,1999,2002,3.060917180013689,0,0,0,0,0,0,0,0,0,0,0,0,Papua New Guinea,4,64.093489,28,0.23,0.578,0.5725,96,2,1,1,3,3,1,2,2,2,5,2,2,0,1.61826395853232,3,2,2.51,1,1,0,9,27,4,2.76471925,5622274.3497954,20995241.0611756,662952973.058852,0.4857,0.462,31.6,0.619,0.464,0.406,0.523,13.1,73.1253336482885,2.658765975505424,0.4858013514110321,452860,33.673,0.728660169473692,7.54,32.2703639514731,35.0596328732148,4.10683117780088,60.8335359489843,41.876690401808624,4.766824960708615,0.371637931460894,0.672123736108209,0.0334161673182614,4.419,80.06481053747295,0,37.99064819184076,1864.3021981113584,34.90540946334348,59.2611885070801,1.32166,47.21316851842573,61.698,5892596,39.8718832921857,2.36649517462253,13.011959545996556,13.164,12,118.9191102912788,2.754
824e7162-1e42-11e4-b4cd-db5882bf8def,1992-07-17,0,PNG,Namaliu,1988-07-04,1992-07-17,1988,1992,4.035592060232717,0,0,0,0,0,0,0,0,0,0,0,0,Papua New Guinea,4,64.888929,18,0.28,0.409,0.5725,96,2,1,1,3,3,1,1,2,2,3,2,2,0,1.57500725134915,3,2,2.38,1,1,0,9,17,4,2.76471925,20734443.66,0,592636256.472988,0.5025000000000001,0.412,29.4,0.619,0.452,0.409,0.529,14.4,79.0297716167732,2.658765975505424,0.4239720885041735,452860,35.966,0.5313727746453406,7.918,33.0935251798561,37.1450065044908,3.27795461521974,59.5770388802895,41.876690401808624,4.766824960708615,0.8903513431062681,2.429035753385439,0.0466656014140532,5.033,80.32358190169147,0,24.47312337201042,2223.031378559596,39.74899834241061,69.3865280151367,0,46.44306423961712,60.218,4136644,42.2248134266344,1.9185603013651,9.13448747957426,14.629,70,93.55197726734548,2.651
824e715f-1e42-11e4-b4cd-db5882bf8def,2011-08-02,0,PNG,Somare,2002-08-06,2011-08-02,2002,2011,8.988364134154688,0,0,0,0,0,0,0,0,0,0,0,0,Papua New Guinea,4,62.965365,37,0.24,0.578,0.5725,96,2,1,1,3,3,1,2,2,2,6,2,2,0,1.48968402214379,3,4,2.51,1,5,0,9,36,4,2.76471925,12299746.0866075,16332127.0960185,1282259690.12201,0.463,0.502,39.96,0.667,0.469,0.361,0.464,17.3,67.34624362347294,2.658765975505424,0.662456388287771,452860,30.028,0.5828245888722634,6.951,37.9432624113475,24.7756946003256,7.86381932654987,67.3604860731245,41.876690401808624,4.766824960708615,0.356925097321889,0.2024966589113329,1.747111884248551,3.816,79.82156163052599,0,19.19971137151884,2116.224459660432,31.33622035294089,72.47491455078125,2,47.43187721770428,63.526,7806637,37.621513591576,2.62213421733328,17.238521838978933,13,126,97.3302080951292,2.62
824e7161-1e42-11e4-b4cd-db5882bf8def,1994-08-30,0,PNG,Wingti,1992-07-17,1994-08-30,1992,1994,2.1190965092402463,0,0,0,0,0,0,0,0,0,0,0,0,Papua New Guinea,4,64.652724,20,0.28,0.409,0.5725,96,2,1,1,3,3,2,1,2,2,5,2,1,0,1.43087980264611,4,2,2.38,1,1,0,9,19,4,2.76471925,19904487.61,0,1046408583.03746,0.5025000000000001,0.438,29.4,0.619,0.452,0.407,0.526,14.4,77.7613705018031,2.658765975505424,0.4261802764651327,452860,35.433,0.4965076215930385,7.726,62.4223602484472,36.5873923676215,3.42158103620658,59.9910265961719,41.876690401808624,4.766824960708615,1.01320529871609,1.085149666176765,0.0502121465272541,4.87,80.26982842379543,0,32.36352458275319,2586.800438137284,32.311086197855445,73.7490463256836,0,46.41754441108629,60.756,4451694,41.7243909536899,2.02041088408265,9.830177096674468,14.262,70,93.30266531652894,2.454
821537c3-1e42-11e4-b4cd-db5882bf8def,2000-10-08,1,POL,Kwasniewski,1995-12-23,2005-12-23,1995,2005,10.001368925393566,6,5,3,37,0,0,0,0,7,5,5,43,Poland,21,48.402674,12,0.58,0.875,0.803,2,1,1,1,3,1,2,2,2,2,6,2,1,0,4.42781478869848,2,1,4.59,2,25,1,1,9,9,3.018702,1496000000,752674363.241347,187509735.689737,0.3467,0.794,22.3,0.087,0.902,0.802,0.876,100,45.98584077387937,0.1671105290766603,45.68546149074407,306290,9.9,8.162843472514396,9.6,1.62878734965846,18.6674948397168,31.0604644468938,50.2720407133894,10.740568861088292,4.9839301109314,1.8303365853136095,5.420378301845198,0.0046452090428239,1.37,29.576545104312903,96.21984176705293,3.126724321060064,7344.120760595225,28.793172323219096,100.339080810547,7.28543,45.9583582652053,73.74878048780488,38258629,19.3285235146054,12.1716835654577,124.90982075810508,61.716,859,60.86858352160303,16.314
821537c2-1e42-11e4-b4cd-db5882bf8def,1995-12-23,0,POL,Walesa,1990-12-22,1995-12-23,1990,1995,5.002053388090349,0,0,0,0,0,0,0,0,0,0,0,0,Poland,19,49.735685,7,0.47,0.462,0.78525,2,2,2,2,98,3,2,2,2,2,7,2,1,1,4.52358932841901,2,1,9.8,2,25,1,1,4,9,2.89895,724000000,452968277.156947,56577139.8473061,0.3195,0.747,27,0.087,0.906,0.81,0.886,100,51.22135296550594,0.1178860114379254,46.39394038329688,306290,11.2,9.219212810945086,10,1.42656995665562,22.6134111562378,32.1519129287992,45.2346692874503,0.1190563872831397,4.33025979995728,1.95550705469987,2.5714405601924306,0.02951639888715,1.62,29.287603251820173,95.45551646072144,5.577580710601056,5628.4462389587625,33.481713325218806,98.4022903442383,0.647752333,45.714948939912944,71.89268292682927,38594998,22.7667260103988,11.1050479106187,126.00802507427602,61.493,19731,43.72196139801773,13.695
8212edc2-1e42-11e4-b4cd-db5882bf8def,2001-01-14,1,PRT,Sampaio,1996-03-09,2006-03-09,1996,2006,9.998631074606434,0,0,2,2,0,0,0,0,1,0,1,5,Portugal,4,37.221453,26,0.58,0.857,0.8955,2,1,1,1,98,1,2,2,2,2,7,2,2,1,4.95082752186643,1,1,3.19,2,25,1,5,25,10,2.2415779,342123729.909263,0,0,0.4008,0.797,23.9,0.09,0.916,0.824,0.878,100,48.63146507984477,4.480509941369996,17.79846994535519,91500,10.9,6.124877228203169,10.1,34.0950441864495,13.1709702256628,33.4489759436628,53.3800538306744,83.46832255344539,5.33713006973267,1.44450317171971,5.027614441904489,5.62349017129374,1.45,35.826229508196725,83.38537540083826,2.9607495735831626,19025.695690538792,24.14388424014025,119.482360839844,18.0871,45.55431348888156,76.81463414634149,10362722,16.1899855753364,16.5295113615076,113.25379234972678,55.044,14,65.09195517711217,3.829
8212edc1-1e42-11e4-b4cd-db5882bf8def,1991-01-13,1,PRT,Soares,1986-03-09,1996-03-09,1986,1996,10.001368925393566,0,0,0,0,0,0,0,0,0,0,0,0,Portugal,3,40.302894,16,1,0.594,0.5075,2,1,1,1,98,1,2,2,2,2,7,2,2,1,4.20367901944228,1,1,2.86,2,25,1,5,15,10,1.9661005,4717690918,0,0,0.3445,0.714,21.1,0.107,0.85,0.811,0.866,100,50.796530490230026,3.9075703819389926,25.23497267759563,91500,11.7,4.540675998106471,10.4,33.123654467169,11.9032771644169,33.5941025317278,54.5026203038553,79.9907364575214,4.07133007049561,1.82995478165992,2.7438701907657568,0.5193018067379925,1.56,37.01857923497268,80.59660962361585,2.15159942379354,15243.930042050844,25.220032578308192,122.139060974121,0.10023057,43.24723547463889,74.01463414634146,9960235,19.6920005982126,13.9934744353467,108.85502732240435,48.469,25.5,60.36660021578073,3.919
8220172b-1e42-11e4-b4cd-db5882bf8def,2004-12-21,0,ROU,A. Nastase,2000-12-28,2004-12-21,2000,2004,3.980835044490075,8,5,6,48,0,0,0,0,11,6,9,65,Romania,23,49.67536,14,1,0.846,0.796,2,1,1,1,1,1,2,2,2,1,5,2,0,0,3.28367119630612,2,3,3.9,2,12,1,1,8,9,2.990394,131000000,3517272944.19874,1999946524.36395,0.4057,0.74,25.3,0.714,0.832,0.431,0.59,95.3,44.74191751422067,6.290348950210946,38.76086956521739,230000,10.1,4.83307933693795,12.1,29.2341457370927,32.5720469688133,31.0620287279663,36.3659243032204,26.68237874313676,3.31273007392883,2.00765756131918,8.593685129611837,0.093366127436416,1.33,27.937391304347827,84.48008926101312,12.705511460907612,6005.916376652383,31.8347873600822,105.122337341309,15,45.63190798225664,71.5609756097561,21451748,16.3343574870091,14.5771566640881,93.2684695652174,53.043,6043,60.62647866694076,7.719
8220172a-1e42-11e4-b4cd-db5882bf8def,2000-12-28,0,ROU,Isarescu,1999-12-22,2000-12-28,1999,2000,1.0184804928131417,11,6,9,65,0,0,0,0,4,7,9,39,Romania,20,51.326305,10,1,0.696,0.707,2,1,1,1,3,1,2,2,2,1,5,2,1,0,2.4481642576549,2,2,5.23,2,12,1,1,4,8,2.9374661,96000000,2215853862.66234,1804745312.11332,0.3622,0.721,20.6,0.784,0.828,0.433,0.614,94.4,46.99522649692756,6.235893780948552,40.83844847851639,229710,10.4,4.284557512461251,11.4,28.4553471714099,45.184080828824,25.8025892704458,29.0133392555717,21.81482697352021,2.86862993240356,2.49891418426016,2.783613171746848,-0.029527237115926,1.31,27.713203604544866,84.81660271599632,10.853918051861497,4567.239676944579,30.263462140068825,104.286956787109,3.61372,47.02991614272872,71.16341463414635,22442971,18.6141080676253,13.3564735184525,97.70132340777502,53.004,7348,48.5213253850786,6.969
823c5251-1e42-11e4-b4cd-db5882bf8def,1966-07-25,0,SDN,Maghoub,1965-06-14,1966-07-25,1965,1966,1.111567419575633,0,0,0,0,0,0,0,0,0,0,0,0,Sudan,2,50.273019500000004,2,0.01,0.452,0.5575,2,2,1,1,2,3,2,2,2,2,6,2,1,1,1.96498360814691,3,2,3.47732954999878,1,1,0,4,1,6,1.9292974,80954171.1337339,0,0,0.5156000000000001,0.493,4.6,0.275,0.2,0.105,0.205,28.3,99.08618601592453,0.6898849204712305,4.743265993265993,2376000,48.747,0.3061783331867559,19.239,24.66065451840835,40.3616962032733,17.57114795181165,36.6165913060631,43.314645238693906,3.8420401811599696,3.5251509054326,1.5084268171202688,0.14595174066455335,6.902,21.596218330436038,56.65302916965624,35.13252079705939,770.958740234375,15.380150899593731,101.223518371582,1.08394,44.0030499497677,44.626,10014505,47.0540757104782,2.71641969740792,4.214859006734007,13.959,115000,28.264654672083577,7.112
822b276c-1e42-11e4-b4cd-db5882bf8def,2007-02-25,1,SEN,Abdoulaye Wade,2000-04-02,2012-04-02,2000,2012,12,0,0,0,0,0,0,0,0,0,0,0,0,Senegal,5,49.460647,8,0.01,0.452,0.3795,2,2,1,1,98,1,1,1,2,1,5,1,0,1,1.27518815642066,3,2,2.04,3,9,0,4,7,7,1.4097245,1193376015.83581,3570932538.18085,26233571.8553808,0.4706,0.442,12.6,0.379,0.805,0.528,0.682,48.1,86.84680038222913,0.4132601224215217,14.802887861631952,192530,38.164,0.537787136813812,8.178,8.32078313253012,39.4260710852709,17.5216553357117,43.0522735790174,53.28083683569007,3.8420401811599696,1.3795917338401,2.5114566749729104,0.560009153954547,5.11,44.58349348153535,53.61726289988478,12.245910572880565,1144.0678228858703,23.635286563173885,85.0945129394531,6.89,35.15017965192017,62.543,11563869,43.2173392832451,3.26287421623334,60.0626863345972,42.535,15886,59.27130435497944,2.796
822b276c-1e42-11e4-b4cd-db5882bf8def,2012-03-25,0,SEN,Abdoulaye Wade,2000-04-02,2012-04-02,2000,2012,12,0,0,0,0,0,0,0,0,0,0,0,0,Senegal,5,48.352637,13,0.01,0.802,0.811,2,2,1,1,98,1,1,2,1,0,5,1,1,1,1.43014587439139,3,2,3.133926,3,9,0,4,12,7,1.4885366,1576225069.3752,4506056.82396831,0,0.4777,0.491,7.375626,0.351,0.826,0.541,0.694,56.5,86.85799234708576,0.5200608058300453,17.140185945047527,192530,37.207,0.5564761888999052,6.78,9.82608695652174,36.0371221532026,18.58882082959,45.3740570172074,44.90764217033632,4.77698993682861,1.11347959476351,1.563680195650397,0.3170279944172645,5.005,43.5680673141848,45.77369170196944,14.09769235237041,1160.9175387030764,23.111797525312504,86.3720932006836,10.8,37.607506329404586,65.457,13231833,43.2636997459082,3.21972397928541,68.72608424661092,44.603,18717,61.97530400403751,3.887
822af699-1e42-11e4-b4cd-db5882bf8def,2000-02-27,0,SEN,Diouf,1981-01-01,2000-04-01,1981,2000,19.247091033538673,0,0,0,0,0,0,0,0,0,0,0,0,Senegal,5,50.685944,1,0.01,0.452,0.3795,2,2,1,1,98,1,1,2,1,1,4,1,1,1,1.44224798459353,4,3,2.87985172219453,2,25,0,4,0,8,1.3124162,234066647.202215,10183849651.106,39167.4241165086,0.5175000000000001,0.388,7.2,0.394,0.745,0.508,0.677,37.7,90.16924248487254,0.007173086579155,17.254453851347844,192530,39.169,0.4111378816393208,11.181,3.30423940149626,49.2478945916563,12.9436541033731,37.8084513049707,50.27849925683486,2.46335005760193,1.04836027705155,1.3577445242337454,0.3192985018703662,5.498,45.98327533371423,50.30181178821712,16.43924520347143,1076.8923045013116,24.008194704260735,69.85498046875,0.403967,33.916211719792486,56.943,9704287,44.1281643941572,3.2870938012805,50.404025346699214,40.32,11077,48.680089723263045,2.648
824f6587-1e42-11e4-b4cd-db5882bf8def,1989-03-28,0,SLB,Alebua,1986-12-01,1989-03-28,1986,1989,2.321697467488022,0,0,0,0,0,0,0,0,0,0,0,0,Solomon Islands,4,64.093489,12,0.25,0.481,0.5725,2,2,1,1,3,3,1,2,2,2,5,2,2,0,2.20578727043044,1,1,2.60730357878489,1,1,0,9,11,7,2.76471925,13124480.03330375,0,0,0.3623,0.462,10.7,0.36,0.352,0.413,0.526,14.4,94.97560945373854,2.658765975505424,0.3929974991068239,27990,38.396,0.4905264496439471,6.647,33.0935251798561,36.5873923676215,4.10683117780088,59.9910265961719,41.876690401808624,4.766824960708615,0.8903513431062681,6.709358574189385,0,5.775,80.26982842379543,0,32.39488829183395,1861.660680432072,30.5693757846969,72.47491455078125,1.32166,47.21316851842573,65.186,314560,45.5597430692762,3.15170897715694,11.23829939264023,13.486,70,193.46155181943675,2.62
825612aa-1e42-11e4-b4cd-db5882bf8def,2014-12-09,0,SLB,Darcy Lilo,2011-11-16,2014-12-09,2011,2014,3.0636550308008212,0,0,0,0,0,0,0,0,0,0,0,0,Solomon Islands,4,47.030802,9,0.25,0.745,0.5725,2,2,1,1,3,3,2,2,2,2,8,2,2,2,2.30183273139633,3,3,2.17,1,1,0,9,10,8,2.76471925,16335086.9792382,0,0,0.4771,0.562,28.012076,0.611,0.447,0.429,0.557,50.5,78.87246344698727,2.658765975505424,0.8217220435869954,27990,33.477,0.6341075538815651,5.407,2.32755872037411,41.495369400893,9.64657484277579,48.8580557563312,41.876690401808624,4.766824960708615,0.8903513431062681,1.5740101688255532,0.0503967988658445,4.418,90.29481957842088,0,34.75833223353603,2153.335512125029,16.86040019085713,111.330538634528,9,48.42750845849219,69.234,597375,40.6496416408105,3.44465081008511,21.342443729903536,21.896,70,93.45400647696007,0.728
824f6586-1e42-11e4-b4cd-db5882bf8def,1984-11-19,0,SLB,Mamaloni,1981-08-31,1984-11-19,1981,1984,3.2197125256673513,0,0,0,0,0,0,0,0,0,0,0,0,Solomon Islands,4,64.093489,7,0.25,0.481,0.5725,2,2,1,1,3,3,1,2,2,2,5,2,2,0,2.70559095822179,3,2,4.19,1,1,0,9,6,7,2.76471925,13124480.03330375,0,0,0.3572,0.462,16.5,0.36,0.352,0.414,0.528,14.4,100.97896537238194,2.658765975505424,0.4644515898535191,27990,39.802,0.4699286708745003,7.299,33.0935251798561,36.5873923676215,4.10683117780088,59.9910265961719,41.876690401808624,4.766824960708615,0.8903513431062681,1.08099197673157,0,6.311,80.26982842379543,0,32.39488829183395,1975.4273175257847,30.5693757846969,81.4279479980469,1.32166,47.21316851842573,63.998,267913,47.0474501936266,3.1960061587272,9.571739907109682,12.041,70,150.90649636792045,2.62
825612a6-1e42-11e4-b4cd-db5882bf8def,2006-05-04,0,SLB,Rini,2006-04-20,2006-05-04,2006,2006,0.038329911019849415,0,0,0,0,0,0,0,0,0,0,0,0,Solomon Islands,4,49.707219,1,0.01,0.481,0.5725,2,2,1,1,3,3,1,2,2,2,8,2,2,2,1.85020585778636,3,4,2.6,1,1,0,9,2,8,2.76471925,10741652.5643296,0,0,0.4404,0.523,15.3,0.607,0.439,0.346,0.451,14.4,82.36550714782017,2.658765975505424,0.6073597713469097,27990,34.007,0.6430496726992685,5.797,0,46.3616347585397,7.15175407326637,46.4866111681939,41.876690401808624,4.766824960708615,0.8903513431062681,7.178122193096661,0.7682657930362538,4.477,90.5040371561272,0,30.6961890568448,1790.0335649307012,9.325101128379815,102.32177734375,1.64635,48.07533325381581,68.09,493430,41.7714182066536,3.39359523498291,17.62879599857092,18.259,37,69.78922716627635,1.915
822fbb62-1e42-11e4-b4cd-db5882bf8def,2002-05-14,1,SLE,Kabbah,1998-03-10,2007-09-17,1998,2007,9.522245037645447,0,0,0,0,0,0,0,0,0,0,0,0,Sierra Leone,3,66.050051,1,0.23,0.698,0.71,2,2,1,1,1,3,2,1,2,1,8,2,1,2,1.0370435695644,4,4,1.89,1,1,0,4,0,5,1.3885844,21815455.0998228,0,0,0.4871,0.346,10.6,0.759,0.609,0.198,0.3,9.2,89.81985974319488,0.6898849204712305,12.60847880299252,72180,44.345,0.1131103537996149,18.67,10.2678571428571,67.1900681976464,5.669826436962,27.1401612147458,43.314645238693906,3.59434008598328,2.16461761611263,0.8423481377509318,0.14595174066455335,6.23,40.03845940703796,56.65302916965624,46.8536710472515,423.3409816151892,8.928172975872679,101.223518371582,0.176199,50.93141969054283,46.359,5140113,43.9388242961608,3.37965365544042,71.2124272651704,36.109,141473,38.91691224841119,3.901
82332a5f-1e42-11e4-b4cd-db5882bf8def,1967-07-10,0,SOM,Osman Daar,1960-07-01,1967-07-10,1960,1967,7.02258726899384,0,0,0,0,0,0,0,0,0,0,0,0,Somalia,2,50.273019500000004,8,0.01,0.452,0.4475,2,90,1,1,1,1,2,2,2,2,6,2,1,1,2.19153455097759,3,2,3.02,2,13,1,4,7,7,1.9292974,80954171.1337339,0,0,0.5156000000000001,0.493,16.4,0.482,0.18,0.232,0.344,28.3,92.29753663755776,0.6898849204712305,1.4681034207925527,627340,45.401,0.3061783331867559,19.794,24.66065451840835,40.3616962032733,17.57114795181165,36.6165913060631,43.314645238693906,3.8420401811599696,0.387944358578053,1.5084268171202688,0.14595174066455335,7.248,21.596218330436038,56.65302916965624,59.63529527034949,381.8525857826796,7.97403814720508,101.223518371582,1.08394,44.0030499497677,44.97,3441799,44.6616725729771,3.33559571607755,5.486337552204546,21.02,91,35.90377641215724,7.112
81f6b2a6-1e42-11e4-b4cd-db5882bf8def,2005-05-25,1,SUR,Venetiaan,1991-09-16,1996-09-15,1991,1996,4.999315537303217,0,0,0,0,0,0,0,0,0,0,0,0,Suriname,1,52.029128,15,0.01,0.514,0.5355,2,2,1,1,1,1,2,2,2,2,6,2,1,0,2.60030862062671,2,2,3.92,2,25,0,10,14,5,2.6292323,3900000,0,289413671.858225,0.5555,0.673,21.2,0.212,0.851,0.66,0.772,94.9,56.57436980014984,9.716165609811664,0.3141025641025641,156000,22.271,3.2681802332338927,8.209,52.7009222661397,8.35573724204815,24.0832811598473,67.5603677923863,-10.352749088699884,4.33057999610901,0.7291365225325854,1.5612711982037148,0.22550158651511876,2.749,98.20746794871796,82.21256075334144,4.91937130026536,7305.327267131137,33.84364155950194,107.749862670898,6.40309,36.66798478409793,67.002,516220,30.3953066476567,5.73719125294569,3.309102564102564,66.682,26,90.9613941465855,9.263
81f6b2a6-1e42-11e4-b4cd-db5882bf8def,2005-05-25,1,SUR,Venetiaan,2000-08-12,2010-08-12,2000,2010,9.998631074606434,0,0,0,0,0,0,0,0,0,0,0,0,Suriname,1,52.029128,15,0.01,0.514,0.5355,2,2,1,1,1,1,2,2,2,2,6,2,1,0,2.60030862062671,2,2,3.92,2,25,0,10,14,5,2.6292323,3900000,0,289413671.858225,0.5555,0.673,21.2,0.212,0.851,0.66,0.772,94.9,56.57436980014984,9.716165609811664,0.3141025641025641,156000,22.271,3.2681802332338927,8.209,52.7009222661397,8.35573724204815,24.0832811598473,67.5603677923863,-10.352749088699884,4.33057999610901,0.7291365225325854,1.5612711982037148,0.22550158651511876,2.749,98.20746794871796,82.21256075334144,4.91937130026536,7305.327267131137,33.84364155950194,107.749862670898,6.40309,36.66798478409793,67.002,516220,30.3953066476567,5.73719125294569,3.309102564102564,66.682,26,90.9613941465855,9.263
81f6b2a6-1e42-11e4-b4cd-db5882bf8def,2010-05-25,0,SUR,Venetiaan,1991-09-16,1996-09-15,1991,1996,4.999315537303217,0,0,0,0,0,0,0,0,0,0,0,0,Suriname,1,53.814881,20,0.01,0.514,0.5355,2,2,1,1,1,1,2,2,2,2,7,2,1,1,3.45243631741047,2,2,3.49,2,25,0,10,19,5,2.6292323,4300000,0,504071673.765135,0.5478000000000001,0.696,29.2,0.22,0.8,0.64,0.761,91.2,55.91727887116438,13.02605931081017,0.3525641025641026,156000,20.361,3.200080574274832,7.109,70.1856148491879,7.69111862093963,24.4683005874013,67.8411138236517,-29.80889606388346,4.33057999610901,0.7291365225325854,-5.853440564495957,0.22550158651511876,2.61,98.07602564102564,79.41492194405177,9.472192112065372,8664.457270356737,35.17051613441174,107.706901550293,31.59,38.460396333617084,69.894,546080,29.8862803984764,5.97714620568415,3.5005128205128204,66.344,24,90.9613941465855,7.15
81f6b2a6-1e42-11e4-b4cd-db5882bf8def,2010-05-25,0,SUR,Venetiaan,2000-08-12,2010-08-12,2000,2010,9.998631074606434,0,0,0,0,0,0,0,0,0,0,0,0,Suriname,1,53.814881,20,0.01,0.514,0.5355,2,2,1,1,1,1,2,2,2,2,7,2,1,1,3.45243631741047,2,2,3.49,2,25,0,10,19,5,2.6292323,4300000,0,504071673.765135,0.5478000000000001,0.696,29.2,0.22,0.8,0.64,0.761,91.2,55.91727887116438,13.02605931081017,0.3525641025641026,156000,20.361,3.200080574274832,7.109,70.1856148491879,7.69111862093963,24.4683005874013,67.8411138236517,-29.80889606388346,4.33057999610901,0.7291365225325854,-5.853440564495957,0.22550158651511876,2.61,98.07602564102564,79.41492194405177,9.472192112065372,8664.457270356737,35.17051613441174,107.706901550293,31.59,38.460396333617084,69.894,546080,29.8862803984764,5.97714620568415,3.5005128205128204,66.344,24,90.9613941465855,7.15
81f6e376-1e42-11e4-b4cd-db5882bf8def,2000-08-12,0,SUR,Wijdenbosch,1996-09-15,2000-08-12,1996,2000,3.9069130732375084,0,0,0,0,0,0,0,0,0,0,0,0,Suriname,1,52.137025,10,0.01,0.472,0.5355,2,2,1,1,1,1,2,2,2,1,6,2,2,1,2.03601554074645,2,1,3.77,2,25,0,10,9,5,2.6292323,1250000,0,176527379.487262,0.5525,0.727,23.1,0.212,0.837,0.667,0.783,95.4,60.48232006807963,12.559949071005672,0.3653846153846153,156000,24.198,3.087069257074142,7.801,88.3959044368601,6.67565438681532,20.9540111488124,72.3703344643723,-17.19582927687805,4.33057999610901,0.7291365225325854,-10.256713621178534,0.22550158651511876,2.895,98.33891025641026,75.58484307463983,9.539245695392298,6098.1860770498815,24.890501204306887,100.3448944091797,2.50641,35.422804901359804,65.508,478998,32.8518774067142,4.83592328577229,3.0705,66.444,334,90.9613941465855,12.975
8251e052-1e42-11e4-b4cd-db5882bf8def,2010-07-08,0,SVK,Fico,2006-07-04,2010-07-08,2006,2010,4.010951403148528,1,1,1,7,3,3,0,18,0,1,0,2,Slovakia,16,42.880023,18,1,0.857,0.8955,2,96,1,1,3,1,2,2,2,0,7,2,1,1,4.53331668629253,1,1,5.53,2,19,1,1,17,10,3.612763,1590890346.32034,19803071.4492267,6300895.92206419,0.3169,0.841,23.8,0.297,0.872,0.756,0.854,100,38.84793945257925,24.03662311556324,28.94512486743881,48091,11.2,7.294523825598709,9.9,21.6283134284882,3.23498814356824,37.0610886052446,59.7039232511872,65.1845280149586,4.0447998046875,1.24918295945171,2.3209380550694045,1.359923221262471,1.43,39.88085088686032,70.23777338678214,1.56838192575063,14584.260678210065,30.619082713755308,101.638298034668,75.71,44.63498684034438,75.11219512195122,5391428,15.4469515367955,12.5318173664634,112.10887692083756,54.685,157,153.45405123339947,14.387
8218450e-1e42-11e4-b4cd-db5882bf8def,1998-10-30,0,SVK,Meciar,1994-12-13,1998-10-30,1994,1998,3.8795345653661877,0,0,0,0,1,1,1,7,0,0,0,0,Slovakia,15,46.756564,6,1,0.522,0.632,2,96,1,1,3,1,2,2,2,1,7,2,1,1,4.1176974312569,2,2,5.26,2,19,1,1,5,9,3.2409916,23214363.2611077,20959351.5805614,8257516.85273325,0.2694,0.746,43.6,0.335,0.849,0.633,0.768,100,47.24194972291663,18.620886288996232,32.16216216216216,48100,10.7,8.219806786585922,9.9,16.5824654127157,8.25124336518833,39.4281499609804,52.3206522308593,71.55901293073026,4.369454860687259,1.74433653315927,2.165770163062104,0.7682195039223059,1.37,39.5348024948025,78.480923314832,2.12467053420717,8818.210826339271,27.97281158519064,102.711647033691,2.689809786,45.228903314652456,72.55121951219513,5390516,20.9360016108491,11.1485668479555,112.06893970893972,56.355,143,102.07014847229377,12.421
8218450f-1e42-11e4-b4cd-db5882bf8def,1994-12-13,0,SVK,Moravcik,1994-03-16,1994-12-13,1994,1994,0.7446954140999316,0,0,0,0,0,0,0,0,0,0,0,0,Slovakia,13,47.84297,2,1,0.522,0.632,2,96,1,1,3,1,2,2,2,1,8,2,1,2,1.70823882878566,3,2,5.81,2,15,1,1,1,7,3.1960313,48492443.08,24973744.4335944,12593944.0082385,0.2504,0.752,34.9,0.384,0.855,0.546,0.709,100,51.42569540055225,20.544100252994177,32.45322245322245,48100,12.4,8.393831208729875,9.6,17.1066069604839,10.1722054751686,39.6972871662568,50.1304601246409,68.58546924388052,3.71250009536743,1.93951901446386,1.3384844462621106,0.0687497550541929,1.67,39.54370062370062,76.22312499752614,7.3429454135621395,7146.602682984468,26.669292096447464,100.952880859375,0.318509704,44.59401998334992,72.30000000000001,5346331,23.3195649742986,10.6414424485152,111.15033264033264,56.598,12,108.37209543157688,13.654
8251e053-1e42-11e4-b4cd-db5882bf8def,2012-04-04,0,SVK,Radicova,2010-07-08,2012-04-04,2010,2012,1.7412731006160165,0,1,3,5,1,1,1,7,3,3,0,18,Slovakia,16,43.141631,20,1,0.857,0.8955,2,96,1,1,3,1,2,2,2,0,7,2,1,1,4.2053047766264,1,1,4.180095,2,16,1,1,19,10,3.6626096,1927193403.7686,16065072.1550174,8406252.72790873,0.2936,0.846,26.31713,0.311,0.884,0.749,0.852,100,39.59188910047863,26.85062182819122,28.953169189818663,48088,10.3,6.627439007363554,9.7,19.3236373905676,3.23848651059468,37.5408155826111,59.2206550220213,61.2914832251893,3.8590099811554,1.07808283795721,1.877505907532696,-1.3022260309184777,1.34,39.91528031941441,66.83286848686713,1.9018644003428304,15126.03529877615,30.820729121544293,99.1328735351562,76.71,44.32058989603747,76.10975609756099,5407579,15.3723871192922,12.9902139534746,112.45173432041258,54.28,231,176.16647782339473,13.966
821c775c-1e42-11e4-b4cd-db5882bf8def,2004-11-09,0,SVN,Anton Rop,2002-12-11,2004-11-09,2002,2004,1.9137577002053388,0,1,3,5,0,0,1,1,2,0,0,8,Slovenia,3,31.378145,14,1,0.857,0.838,2,2,1,1,1,1,2,2,2,2,7,2,2,1,6.53484881380821,1,1,6.02,2,12,1,1,13,10,3.290926,260900000,1490412.09378694,105031.273864585,0.3061,0.864,31.4,0.151,0.871,0.738,0.828,100,41.91588851461789,24.055585518722765,8.738828202581926,20140,9,8.712366275215173,9.3,27.6013358653657,9.87572855909206,36.6995397904126,53.4247316504953,51.48687153826448,5.64425992965698,1.43065194465024,2.217360971433922,1.399398563546818,1.25,61.4995034756703,69.29592991535421,2.4296308382717378,18567.562205924503,30.2548712114283,96.6843719482422,40.81,45.84458979451721,77.20731707317073,1997012,14.5503015818681,14.9854398823271,99.15650446871896,51.308,580,111.55654103857478,6.017
821c775b-1e42-11e4-b4cd-db5882bf8def,2000-11-17,0,SVN,Bajuk,2000-05-03,2000-11-17,2000,2000,0.5420944558521561,2,0,0,8,0,0,0,0,0,2,0,4,Slovenia,2,33.72424,10,1,0.556,0.5575,2,2,1,1,1,1,2,2,2,2,7,2,1,1,5.41843768166117,2,1,5.11,2,12,1,1,9,10,3.2641907,202300000,0,16941920.9888124,0.3051,0.823,28.8,0.112,0.871,0.757,0.844,100,42.697129016335104,23.34049011632376,8.589870903674282,20140,9.1,7.560566637756577,9.3,28.6553141514974,9.60152007223038,37.6527820825529,52.7456978452168,51.69706328456246,6.13048267364502,1.09316627543634,0.6693075024921602,0.3218393218905601,1.26,61.2214498510427,70.13821350811448,3.0855632292625064,16240.65688604946,30.46787158116306,99.6168975830078,15.1103,46.41942400427158,75.41219512195123,1988925,16.0219347601393,13.8995907453313,98.75496524329692,50.754,3278,103.9477705602287,6.92
821ca82c-1e42-11e4-b4cd-db5882bf8def,2008-11-21,0,SVN,Janez Jansa,2004-11-09,2008-11-21,2004,2008,4.032854209445585,1,2,2,10,0,0,0,0,0,1,3,5,Slovenia,4,29.744531,18,1,0.857,0.8955,2,2,1,1,1,1,2,2,2,2,8,2,1,2,7.25682387425077,1,1,4.94,2,18,1,1,17,10,3.3533976,380241218.113463,0,195179.332317344,0.2736,0.889,26,0.137,0.875,0.742,0.829,100,43.04409117157512,24.655217359067187,9.103950124589252,20146.2,10.8,9.34445677964257,9.1,26.2698945057625,8.5903761558127,35.1171954356838,56.2924284085035,52.64853433741348,5.10951995849609,1.49291914113746,1.9375275719322744,2.38840500904893,1.53,61.75854503578838,69.50734523744282,1.8279136220512011,22296.704996823148,29.78825861029637,97.1056976318359,58,46.03343362129845,78.7658536585366,2021316,14.0657501623622,16.0257232798091,100.33237037257646,52.209,49,134.73152161892975,4.379
821c7759-1e42-11e4-b4cd-db5882bf8def,1992-05-14,0,SVN,Peterle,1991-12-23,1992-05-14,1991,1992,0.3915126625598905,0,0,0,0,0,0,0,0,0,0,0,0,Slovenia,1,49.7055225,2,1,0.556,0.5575,2,2,1,1,1,1,2,2,2,2,8,2,1,2,3.27141779801994,2,2,8.34,2,12,1,1,1,10,3.147465,38299999.24,0,477932.464897571,0.2426,0.752,32.7,0.127,0.858,0.767,0.85,100,45.3195978941193,23.972351316569824,9.930486593843098,20140,10,6.651546858549319,9.7,27.7300712896954,10.9076982812849,44.7904508219455,44.3018508967697,42.85879580279168,4.72460985183716,2.24723333231322,0.778013399440687,-0.0126164335044435,1.33,59.43396226415094,72.09984456219645,7.3429454135621395,11733.48652306438,26.669292096447464,100.207298278809,0,46.565519127106064,73.3048780487805,1996498,19.9451374451374,11.241023632328,99.1309831181728,50.543,2911.5,98.46198963006997,7.823
35debe98-3bbd-11e5-afeb-eb6f07f9fec7,1994-10-07,0,SWE,Bildt,1991-10-30,1994-10-07,1991,1994,2.937713894592745,2,1,0,10,0,0,0,0,0,0,0,0,Sweden,1,7.542787,84,1,0.33,0.457,2,2,1,1,98,96,2,2,2,2,8,2,2,2,5.77337769456503,1,1,3.65,2,27,1,5,77,10,3.1539018,249319122.3,0,505239.400801098,0.2844,0.852,37.4,0.004,0.949,0.88,0.913,100,57.06571085335602,47.4085771567803,6.817405718126664,407339.7,12.8,7.066769391435464,10.5,43.0287316047652,3.43405582302153,26.1349620021486,70.4309821748299,37.10881182421421,5.50121021270752,2.2799385244374504,2.7370577468071944,2.9189934058754736,1.88,68.99155667861491,36.9024796082203,2.900369676039753,33511.648722448095,25.105320607529443,104.684661865234,3.412810096,47.6315687671859,78.65024390243903,8780745,18.7132503207873,17.6191260337569,21.556320191722044,83.671,11,63.841631757848326,9.58
8225d01e-1e42-11e4-b4cd-db5882bf8def,1982-10-07,0,SWE,Falldin,1979-10-09,1982-10-07,1979,1982,2.9952087611225187,0,0,0,0,0,0,0,0,0,0,0,0,Sweden,1,14.71343,72,1,0.27,0.36,2,2,1,1,98,96,2,2,2,2,8,2,2,2,6.17503359027576,1,1,3.39,2,27,1,5,65,10,2.9744031,136293.0089,0,8300188.38456373,0.2458,0.884,36.3,0.004,0.938,0.876,0.91,100,55.0691866119077,36.71858976368446,7.232292850414532,407339.7,11.1,7.730566589908331,10.9,19.257558098599752,3.43405582302153,23.2501811631813,72.6483618220342,52.97219946520679,5.50121021270752,2.85375478407458,0.3103800296397461,1.0594418067245526,1.62,29.638114690346885,52.31005014237373,5.02123947275503,29093.16132104216,28.21472941579892,99.0684967041016,41.49448266,45.38365101942094,76.32731707317075,8325263,18.8841722713966,16.6284805286065,20.43813308646321,83.1,25.5,60.656702604125535,5.965
82259f4f-1e42-11e4-b4cd-db5882bf8def,1976-09-20,0,SWE,Palme,1969-10-14,1976-09-20,1969,1976,6.934976043805612,0,0,0,0,0,0,0,0,0,0,0,0,Sweden,1,14.71343,66,1,0.27,0.36,2,2,1,1,98,96,2,2,2,2,7,2,2,1,8.09967978588116,1,1,3.58,2,27,1,5,59,10,2.8483531,41384174.35,0,0,0.3282,0.884,37.9,0.004,0.915,0.877,0.911,100,56.077025945811535,20.97370321403378,7.36240538302552,407339.7,12,11.087403186899603,11,19.257558098599752,3.43405582302153,23.2501811631813,72.6483618220342,70.69110417073642,5.50121021270752,3.00311290223018,0.0054433611223687,0.667220431774342,1.68,29.638114690346885,70.29042006832618,2.15159942379354,27390.37685765145,25.220032578308192,97.0778427124023,41.49448266,45.38365101942094,74.96926829268294,8222286,20.6204320482794,15.3086366609898,20.18532934550696,82.802,25.5,51.7585624836263,5.965
822600f2-1e42-11e4-b4cd-db5882bf8def,1998-09-20,1,SWE,Persson,1996-03-21,2006-10-06,1996,2006,10.543463381245722,0,2,1,5,2,4,2,18,2,1,0,10,Sweden,2,5.109247,88,1,0.33,0.556,2,2,1,1,98,96,2,2,2,2,8,2,2,2,5.91722718217305,1,1,4.54,2,27,1,5,81,10,3.1724946,125562625.196401,0,0,0.295,0.891,37.7,0.004,0.949,0.881,0.914,100,56.45375859561348,47.95271251117224,6.827225531908626,407339.7,10.1,7.085536574844758,10.5,49.1828881989533,3.05916965008076,25.8918461888671,71.049008797006607,33.440564778080336,7.06125020980835,1.87262378757035,8.61672277532109,10.268478516399645,1.5,69.08975481643454,35.04731519533755,2.3113421168142576,37737.46227538247,26.395451726852787,108.960227966309,33.46751233,47.13902561059332,79.33902439024392,8850974,18.6576109800917,17.4257441667357,21.728729117245383,83.97,39,74.34039123881453,8.941
822600f2-1e42-11e4-b4cd-db5882bf8def,2002-09-15,1,SWE,Persson,1996-03-21,2006-10-06,1996,2006,10.543463381245722,0,2,5,9,4,5,3,29,0,2,1,5,Sweden,2,2.788231,92,1,0.33,0.77,2,2,1,1,98,96,2,2,2,2,8,2,1,2,6.57145553319216,1,1,4.51,2,27,1,5,85,10,3.214112,512116309.85076,0,0,0.2626,0.909,35.9,0.004,0.951,0.881,0.914,100,54.4629354707066,44.56107702191133,6.516673921054098,407339.7,10.7,6.654641960219869,10.6,48.4969325153374,2.52404865123304,22.9686589251174,74.5072924236496,38.53408654235997,6.92434978485107,1.6411545404720802,6.888405483435105,6.245774361374648,1.65,69.09466472332552,37.44624962167069,1.8996773319539888,42377.11963797502,25.61485504569078,107.147102355957,70.57,47.69813354389085,79.84634146341465,8924958,18.0840503015232,17.1754978595144,21.91035639295654,84.133,27,77.2186507056824,4.965
822600f2-1e42-11e4-b4cd-db5882bf8def,2006-09-17,0,SWE,Persson,1996-03-21,2006-10-06,1996,2006,10.543463381245722,7,2,5,37,4,2,1,21,0,2,5,9,Sweden,2,0.721852,96,1,0.33,0.77,2,2,1,1,98,96,2,2,2,2,7,2,1,1,5.15156203612854,1,1,4.66,2,27,1,5,89,10,3.2796574,2245090114.17166,0,0,0.3329,0.907,40.1,0.004,0.953,0.882,0.915,100,52.46598333914844,45.12011629894106,6.494579340044685,407339.7,11.7,6.100189361715015,10,49.6007984031936,2.22672761778222,21.9131907945002,75.8600815877176,34.61093333535165,6.36429023742676,1.31820552345733,5.212242598911219,5.105931328626071,1.85,69.00628639928786,33.41258418676985,1.3622204539368057,47864.81086423089,25.254607472671665,100.304191589355,87.76,47.43561032113689,80.7487804878049,9080505,17.1242562717061,17.2873475124632,22.292217036542223,84.43,16,88.19541347766643,7.066
82530553-1e42-11e4-b4cd-db5882bf8def,2010-09-19,1,SWE,Reinfeldt,2006-10-06,2014-10-03,2006,2014,7.991786447638604,5,2,4,28,0,4,1,9,7,2,5,37,Sweden,2,1.010783,100,1,0.33,0.77,2,2,1,1,98,96,2,2,2,2,7,2,1,1,6.31216215201581,1,1,4.78,2,27,1,5,93,10,3.3465393,4060977951.31987,0,0,0.314,0.91,45.5,0.004,0.954,0.883,0.915,100,53.60074922353064,41.426877353767445,6.428541092360995,407339.7,12.3,5.710810454028875,9.6,55.3017647851273,2.10050650731022,19.902783844822,77.9966875412289,34.995935958764534,6.52268981933594,1.18712854137069,0.1260763026914357,4.461933075072406,1.98,68.91790807525021,34.4232514038991,1.6494099336212054,48369.91004078761,23.75272870546379,99.1634674072266,90,47.14777878293263,81.45121951219514,9378126,16.6283679357841,18.2677831416905,23.022862735942507,85.056,23,84.24837718803632,8.61
82530553-1e42-11e4-b4cd-db5882bf8def,2014-09-14,0,SWE,Reinfeldt,2006-10-06,2014-10-03,2006,2014,7.991786447638604,2,7,6,28,1,4,3,15,5,2,4,28,Sweden,2,1.933735,104,1,0.33,0.77,2,2,1,1,98,96,2,2,2,2,7,2,1,1,5.8714571475659,1,1,5.391562,2,27,1,5,97,10,3.3860025,4689970392.57994,0,0,0.2983,0.935,44.629631,0.004,0.958,0.885,0.916,100,57.73349815776327,47.47232153290319,6.335572005380276,407339.7,11.9,4.5158316066958815,9.2,55.8376857652682,1.97428529840552,18.604576370684,79.4211592144208,28.271185098968417,7.57372999191284,1.12644731800047,-1.0378292713940376,-0.2853705948885877,1.88,68.73525953890574,29.774747265134422,1.4432981944684464,49855.30101231298,21.786121275418072,118.02986907959,92.5236,47.40813661608651,82.25365853658538,9696110,17.1905518215244,19.4113757377077,23.803498652353305,86.247,18,82.93353169385358,7.954
824b0267-1e42-11e4-b4cd-db5882bf8def,2001-02-09,0,THA,Leekpai,1997-11-09,2001-02-09,1997,2001,3.252566735112936,1,0,2,6,0,0,0,0,1,0,1,5,Thailand,5,50.386468,10,0.4,0.135,0.142,1,2,1,1,2,3,2,2,2,1,4,1,1,1,1.95758490057451,3,2,3.74,3,1,1,7,9,9,2.2708402,1252447488.20915,3826488042.49406,1356884254.09507,0.5617,0.677,12.1,0.681,0.786,0.418,0.559,90.4,42.41997114004863,0.6568248960160447,34.71980269725381,510890,13.176,2.8757864977995564,6.088,6.63639914079281,47.5811613451445,19.4542697968858,32.9645688579697,42.03173249656575,4.81787014007568,1.43378743887059,4.212235095308418,0.3555409308406509,1.588,37.396504139834406,81.19440353403557,8.579287450086538,3599.095872342517,36.32100349466726,95.5513763427734,5.55633,45.796608399846896,72.613,63649892,23.4155008464115,6.3696282469733,124.5862945056666,32.548,90,120.26796627353298,2.6
8255b0f6-1e42-11e4-b4cd-db5882bf8def,2011-08-08,0,THA,Vejjajiva,2008-12-15,2011-08-08,2008,2011,2.64476386036961,0,0,0,0,2,2,2,14,0,0,0,0,Thailand,5,51.688141,1,0.57,0.382,0.4355,1,90,1,1,2,3,1,2,2,1,1,0,0,0,2.22477189845457,4,4,2.76,3,1,0,7,0,7,2.5798383,5255620000,5952317957.0853,9579672814.14312,0.5377000000000001,0.749,27.089909,0.686,0.8,0.376,0.461,99.3,38.910944487776646,1.0122733013208025,34.30875530936209,510890,11.95,3.58114114499056,6.393,8.04790019937048,41.0084591061924,19.4406396388448,39.5509012549627,41.65367801072865,4.80555009841919,1.48670410042287,0.667087644548593,1.9351149439975304,1.597,39.28556049247392,80.19388910617715,11.591791777520749,5091.958016171141,37.98139827110971,97.2464828491211,23.6699,46.33858499957318,76.421,68712846,18.8288657116604,9.1825660954285,134.4963612519329,44.698,365,139.67540722457585,0.66
8255e1ca-1e42-11e4-b4cd-db5882bf8def,2012-05-20,0,TLS,Ramos-Horta,2008-04-17,2012-05-20,2008,2012,4.090349075975359,0,0,0,0,0,0,0,0,0,0,0,0,Timor-Leste,1,61.685664,11,0.01,0.777,0.616,2,2,1,1,1,1,1,2,2,0,6,2,2,1,0.47262923738763,4,3,3.632171,2,25,0,7,10,8,2.3339654999999997,119859807.78,4889402999.7896805,3341255968.64425,0.4101,0.644,20.260608,0.279,0.779,0.496,0.644,56,84.84399955156879,0.7646615776185792,7.747141896435776,14870,29.822,0.5481349698859781,7.747,0,56.8012259455151,8.93895698424733,34.2595880071743,41.65367801072865,7.16572332382202,2.87728369527749,3.479580360258669,1.0914318293115537,4.444,62.696704774714185,65.52072458112153,25.796493918857788,1266.3021015555055,12.7911387224216,130.17159857621,7,45.1339138102061,66.081,1137676,40.7572282254474,5.1431185781886,76.50813718897108,28.428,8,128.50049329846496,3.767
81e33dbf-1e42-11e4-b4cd-db5882bf8def,1986-12-18,0,TTO,Chambers,1981-03-30,1986-12-18,1981,1986,5.71937029431896,0,0,0,0,0,0,0,0,0,0,0,0,Trinidad and Tobago,2,56.115501,25,0.23,0.431,0.54,1,2,1,1,1,3,2,2,2,2,8,2,1,2,3.19696417362496,2,1,1.84,1,1,1,10,5,8,2.4627993,166666.6716,1683928584.65335,1992691825.488,0.5525,0.727,15.1,0.134,0.759,0.573,0.69,96.5,66.00747898242166,0,6.82261208576998,5130,26.879,9.572662923288144,6.657,0.3540954733318835,6.89187302428319,21.6366728682845,66.3990797855364,-136.01777390553272,4.33057999610901,0.7291365225325854,-0.3030127462340676,0.1523754345307067,2.978,50.73138288304493,98.8829667177154,2.7630359212050983,6758.953435792107,41.59849362688296,88.8281402587891,21.54935,40.74407197113463,68.279,1216370,34.9623202489046,4.79944622090574,237.10916179337232,53.389,35,90.9613941465855,10.085
81e36e90-1e42-11e4-b4cd-db5882bf8def,2002-10-07,1,TTO,Manning,1991-12-16,1995-11-09,1991,1995,3.898699520876112,0,0,0,0,0,1,1,3,0,0,0,0,Trinidad and Tobago,2,52.881085,41,0.23,0.444,0.5355,1,2,1,1,1,3,2,2,2,2,7,2,2,1,5.82013491678748,3,3,2.09,1,1,1,10,21,9,2.8181343,79100000,3359238569.7881,1464516669.94748,0.5626,0.727,22.9,0.144,0.867,0.622,0.743,96.5,41.75278958204978,0,5.847953216374268,5130,15.022,17.035893976361923,6.505,0.460666194188519,6.89187302428319,28.5033061372074,64.6048208385094,-92.654202507446,3.54300999641418,0.213074265946209,11.18749308935868,1.1811364007816665,1.718,45.96530214424951,99.63349547429095,1.39847219754841,11054.44528635513,42.90957541303962,93.7422103881836,21.9987,39.77492368867224,70.488,1345964,24.0054057929505,5.44921909100804,262.3711500974659,55.53,35,90.9613941465855,10.39
81e36e90-1e42-11e4-b4cd-db5882bf8def,2002-10-07,1,TTO,Manning,2001-12-25,2010-05-26,2001,2010,8.41615331964408,0,0,0,0,0,1,1,3,0,0,0,0,Trinidad and Tobago,2,52.881085,41,0.23,0.444,0.5355,1,2,1,1,1,3,2,2,2,2,7,2,2,1,5.82013491678748,3,3,2.09,1,1,1,10,21,9,2.8181343,79100000,3359238569.7881,1464516669.94748,0.5626,0.727,22.9,0.144,0.867,0.622,0.743,96.5,41.75278958204978,0,5.847953216374268,5130,15.022,17.035893976361923,6.505,0.460666194188519,6.89187302428319,28.5033061372074,64.6048208385094,-92.654202507446,3.54300999641418,0.213074265946209,11.18749308935868,1.1811364007816665,1.718,45.96530214424951,99.63349547429095,1.39847219754841,11054.44528635513,42.90957541303962,93.7422103881836,21.9987,39.77492368867224,70.488,1345964,24.0054057929505,5.44921909100804,262.3711500974659,55.53,35,90.9613941465855,10.39
81e36e90-1e42-11e4-b4cd-db5882bf8def,2007-11-05,1,TTO,Manning,1991-12-16,1995-11-09,1991,1995,3.898699520876112,0,0,0,0,0,0,1,1,0,0,0,0,Trinidad and Tobago,2,53.010273,46,0.22,0.444,0.5355,1,2,1,1,1,3,2,2,2,2,5,1,2,1,8.03839603800196,2,2,2.84,1,1,0,10,26,9,2.9364457,109400000,11846540219.4605,3655289890.29776,0.5641,0.768,30,0.144,0.881,0.645,0.758,100,37.89669164322521,0,4.8732943469785575,5130,15.224,27.56897623660425,6.717,0.247524752475248,3.81280344269531,31.8467706341033,64.3404259232014,-115.85667293554955,4.33057999610901,0.568668581528334,3.83520271627024,4.620726164181012e-6,1.709,45.55204678362573,99.86390028528652,0.3716617075263321,16717.778439905855,59.65214216607948,96.4526901245117,32.3,41.713220253597015,71.652,1384861,21.3980036256359,6.08389798106019,269.9534113060429,54.59,210,90.9613941465855,5.54
81e36e90-1e42-11e4-b4cd-db5882bf8def,2007-11-05,1,TTO,Manning,2001-12-25,2010-05-26,2001,2010,8.41615331964408,0,0,0,0,0,0,1,1,0,0,0,0,Trinidad and Tobago,2,53.010273,46,0.22,0.444,0.5355,1,2,1,1,1,3,2,2,2,2,5,1,2,1,8.03839603800196,2,2,2.84,1,1,0,10,26,9,2.9364457,109400000,11846540219.4605,3655289890.29776,0.5641,0.768,30,0.144,0.881,0.645,0.758,100,37.89669164322521,0,4.8732943469785575,5130,15.224,27.56897623660425,6.717,0.247524752475248,3.81280344269531,31.8467706341033,64.3404259232014,-115.85667293554955,4.33057999610901,0.568668581528334,3.83520271627024,4.620726164181012e-6,1.709,45.55204678362573,99.86390028528652,0.3716617075263321,16717.778439905855,59.65214216607948,96.4526901245117,32.3,41.713220253597015,71.652,1384861,21.3980036256359,6.08389798106019,269.9534113060429,54.59,210,90.9613941465855,5.54
81e36e90-1e42-11e4-b4cd-db5882bf8def,2010-05-24,0,TTO,Manning,1991-12-16,1995-11-09,1991,1995,3.898699520876112,0,0,0,0,1,1,0,6,0,0,0,0,Trinidad and Tobago,2,53.237308,49,0.22,0.444,0.5355,1,2,1,1,1,3,2,2,2,2,6,2,2,1,8.53765805511513,2,2,1.95,1,1,0,10,29,9,3.0074773,90900000,7750991649.68855,3095180912.63089,0.5478000000000001,0.785,30,0.161,0.889,0.657,0.771,100,38.046687183342335,0,4.8732943469785575,5130,14.842,28.154444173421748,6.708,0,3.80020483634557,29.8027683570776,66.3971801271948,-112.02977876773006,4.21155452728271,0.635217366605715,2.4794714301894274,0.22550158651511876,1.701,45.304093567251456,99.929668893129,0.52014610527508,16766.936644659407,53.81395645156724,97.6362075805664,48.5,41.748428524343154,72.725,1410296,20.8189628276617,6.74177619450101,274.91150097465885,54.025,252,90.9613941465855,4.033
81e36e90-1e42-11e4-b4cd-db5882bf8def,2010-05-24,0,TTO,Manning,2001-12-25,2010-05-26,2001,2010,8.41615331964408,0,0,0,0,1,1,0,6,0,0,0,0,Trinidad and Tobago,2,53.237308,49,0.22,0.444,0.5355,1,2,1,1,1,3,2,2,2,2,6,2,2,1,8.53765805511513,2,2,1.95,1,1,0,10,29,9,3.0074773,90900000,7750991649.68855,3095180912.63089,0.5478000000000001,0.785,30,0.161,0.889,0.657,0.771,100,38.046687183342335,0,4.8732943469785575,5130,14.842,28.154444173421748,6.708,0,3.80020483634557,29.8027683570776,66.3971801271948,-112.02977876773006,4.21155452728271,0.635217366605715,2.4794714301894274,0.22550158651511876,1.701,45.304093567251456,99.929668893129,0.52014610527508,16766.936644659407,53.81395645156724,97.6362075805664,48.5,41.748428524343154,72.725,1410296,20.8189628276617,6.74177619450101,274.91150097465885,54.025,252,90.9613941465855,4.033
81e36e91-1e42-11e4-b4cd-db5882bf8def,2001-12-24,0,TTO,Panday,1995-11-09,2001-12-24,1995,2001,6.12457221081451,0,1,1,3,0,0,0,0,0,0,2,2,Trinidad and Tobago,2,52.93605,40,0.23,0.444,0.5355,1,2,1,1,1,3,2,2,2,2,7,2,2,1,4.02768571513798,3,3,2.15,1,1,1,10,20,9,2.7945702,40900002.1872067,3282813372.4209,1352017834.35833,0.5636,0.716,21,0.157,0.838,0.616,0.734,96.3,43.3339401207864,0,5.847953216374268,5130,15.147,15.870180573703074,6.809,0.513819985825656,7.86035671749327,28.8667676336955,63.2728756488112,-79.00510667482588,3.06528997421265,0.155634799309892,9.460759605832065,1.6997412156951626,1.746,46.04795321637427,99.81939342400946,1.286377056094475,10298.19496410586,45.20699108480344,99.074089050293,15.3846,39.29430804284407,69.646,1338567,24.8634173709646,5.36943612086657,260.9292397660819,55.718,16,90.9613941465855,10.88
81e33dc0-1e42-11e4-b4cd-db5882bf8def,1991-12-07,0,TTO,Robinson,1986-12-18,1991-12-07,1986,1991,4.969199178644764,0,0,0,0,0,0,0,0,0,0,0,0,Trinidad and Tobago,2,54.748626,30,0.23,0.431,0.54,1,2,1,1,1,3,2,2,2,2,5,2,2,1,2.79211001010009,1,1,2.88,1,1,1,10,10,8,2.5701883,5176470.757,1096509113.50085,1940727581.91607,0.5525,0.661,23.3,0.148,0.831,0.623,0.75,96.5,62.718503048523935,0,7.797270955165692,5130,19.577,10.13434945589489,6.443,0.672043010752688,11.7382261105514,28.7962750516246,59.4654988378241,-105.80312249606092,4.33057999610901,0.7291365225325854,3.19035755764985,0.22550158651511876,2.282,47.079727095516574,99.01763243653104,2.477104075607529,6131.570294373383,44.7674057787274,91.147087097168,0,37.486715449500416,68.859,1276224,33.6075406825134,4.9366725590492,248.7766081871345,54.308,35,90.9613941465855,18.52
823d7751-1e42-11e4-b4cd-db5882bf8def,2002-11-18,0,TUR,Ecevit,1999-01-11,2002-11-18,1999,2002,3.8521560574948666,0,0,0,0,3,0,2,14,0,0,0,0,Turkey,14,53.134684,20,1,0.899,0.807,2,1,1,1,1,1,1,0,2,1,2,0,1,0,2.71930285209659,4,3,5.25,2,25,1,3,19,7,2.0386214,1936000000,66834850.711409,561028621.179968,0.5581,0.685,20.4,0.523,0.599,0.496,0.642,99.8,55.75168717497772,4.4898633335877,31.176019645803827,769630,19.803,3.293286908995262,5.464,26.2488408037094,34.9601637787091,22.912853166662,42.126983054629,67.51047754360937,5.58701992034912,3.7959268811379503,0.4503659437987313,0.059521561888372,2.323,26.42217169289139,86.0700877177666,10.190758557408842,6291.665275167341,24.591719853420443,107.681411743164,11.38,28.173571879561493,72.579,65988663,30.2566671964294,5.53857111439408,85.74076244429142,65.974,193697,47.98239404875773,10.358
823d7753-1e42-11e4-b4cd-db5882bf8def,1983-11-23,0,TUR,Evren,1980-09-20,1983-11-23,1980,1983,3.1731690622861053,0,0,0,0,0,0,0,0,0,0,0,0,Turkey,4,33.882509,1,0.585,0.455,0.5455,2,1,1,1,1,1,0,1,1,1,5,1,1,1,2.06988477760539,5,4,2.85,2,25,0,3,0,7,1.6044222,1513000000,2130053.21328167,1134177229.58747,0.6029,0.814,11.3,0.425,0.488,0.137,0.145,100,77.14951282252383,3.013424031303625,30.78882060210751,769630,30.897,1.989285811115772,8.643,0.0841514726507714,4.23117546694592,23.4357026747694,69.3008079953989,45.95050607007744,2.64759993553162,3.93760520546007,0.074429374793251707,0,4.024,17.77705627705628,73.87615827891497,20.915013879100808,4201.589611339205,26.62917631491896,101.559478759766,11.38,42.267104549539006,64.146,47026425,38.929504646276,4.62100399274446,61.10264022972078,48.812,540,29.031051791338864,8.455
823da824-1e42-11e4-b4cd-db5882bf8def,1991-11-20,0,TUR,Yilmaz,1991-06-24,1991-11-20,1991,1991,0.4079397672826831,0,0,0,0,0,0,0,0,0,0,0,0,Turkey,5,55.80335,9,0.585,0.468,0.573,2,1,1,1,1,1,1,2,1,2,2,0,2,0,2.41038002756718,4,2,4.68,3,25,0,3,8,9,1.8126669,2819000000,30713282.4616913,1322447199.28595,0.5746,0.602,20.8,0.483,0.557,0.368,0.522,100,66.68134086211657,3.72195811873446,32.04916648259553,769630,25.47,2.754576493787948,6.664,37.8481558941672,47.7614645022633,20.2898238747032,31.9487116230334,50.68456442106649,5.58701992034912,3.75436424807973,0.5363004864652893,0.0178766828821763,3.048,25.752591505008905,81.41887116379289,15.247075582324488,5256.924941731512,31.540845833527083,105.850738525391,0,29.794176857990195,68.169,55321172,35.2299287874812,4.77535345780455,71.88021776697894,59.976,6452,30.476011673389493,8.21
8222c2d5-1e42-11e4-b4cd-db5882bf8def,1994-07-19,0,UKR,Kravchuk,1990-07-18,1994-07-19,1990,1994,4.002737850787132,1,0,1,5,0,0,0,0,0,0,0,0,Ukraine,22,49.7055225,4,1,0.303,0.351,1,1,1,1,98,3,1,1,2,1,4,2,1,0,3.88940375618823,4,3,2.16,1,4,1,1,3,7,2.905596,380241218.113463,2238797539.58521,622288998.054138,0.3988,0.689,30.1,0.671,0.73,0.357,0.546,100,51.66731841154501,11.289441662240058,57.46267368602744,579350,10,8.976558798491565,14.7,5.97790965552283,20.9598237025609,31.7437563562433,47.296424205521,47.265060834323975,4.369454860687259,1.7983402674596902,0.3025713986653585,0.0152237181718419,1.468,16.170535945456116,88.14691047787157,14.572397195807502,1692.50903320313,42.62919214566914,112.167503356934,0.013641246,49.90543714552916,67.54121951219513,51921400,20.6815187615324,13.3846984849023,89.62009148183309,66.912,917,73.94400420678718,2
8222f3a8-1e42-11e4-b4cd-db5882bf8def,1999-10-31,1,UKR,Kuchma,1994-07-19,2005-01-23,1994,2005,10.516084873374401,0,1,0,2,9,2,12,52,1,0,1,5,Ukraine,30,65.490409,9,1,0.766,0.719,2,1,1,1,1,1,1,1,1,1,6,2,1,0,3.08271623921687,4,3,3.94,3,1,1,1,8,7,3.0448446,18000000,1670230566.00688,1340158800.24956,0.3093,0.696,29.8,0.881,0.764,0.252,0.422,100,47.32966975571374,14.515745566248182,56.39078277379822,579350,7.8,7.260878930627693,14.9,8.33236402549667,22.5430077785231,23.647379172704,53.8096130487729,44.066912379595045,3.61807990074158,1.90075618846419,1.5705825056346885,0.0221654789101669,1.127,16.37421247950289,85.10097240584756,11.875009582803084,1327.5673828125,32.01806166725441,112.78897857666,0.405385448,50.52848988823323,67.9809756097561,49674000,18.235654500347,13.8893541599119,85.7409165444032,67.106,12235,101.95170696554791,11.864
8252d482-1e42-11e4-b4cd-db5882bf8def,2010-02-25,0,UKR,Yushchenko,2005-01-23,2010-02-25,2005,2010,5.089664613278576,0,0,0,0,7,4,11,47,0,0,2,2,Ukraine,34,65.0442,20,1,0.766,0.719,2,1,1,1,1,1,1,2,2,0,4,1,1,0,3.25194202008852,3,3,4.17,2,13,1,1,19,6,3.213733,6535000000,3363047923.30727,1609914508.14936,0.3042,0.766,29.8,0.881,0.838,0.267,0.491,100,42.16484899327559,18.269002312357895,56.060553752675546,579320,10.8,6.741133743621016,15.2,7.09163895185036,16.5504759648837,26.8921047566879,56.5574143435929,40.406057875987415,7.39708471298218,1.90236102232278,4.5684001828509215,0.4900531586626628,1.443,16.481391976800385,80.45380002978514,7.402205098229943,2315.10009765625,25.649281402124785,100.067626953125,23.3,50.47556835306232,70.26536585365855,45870741,14.2059337824637,15.4531904354527,79.18031657805703,68.596,25102,95.72973045329002,8.1
81ddb59a-1e42-11e4-b4cd-db5882bf8def,1993-01-20,0,USA,Bush,1989-01-20,1993-01-20,1989,1993,4,0,0,0,0,0,0,0,0,0,0,0,0,United States of America (the),16,29.993483,194,1,0.475,0.6045,2,2,1,1,1,3,2,2,2,2,7,2,2,1,9.52862544396345,1,1,2.14,1,1,1,5,128,10,3.4869735,1820000000,71570485011.0827,80912310369.7172,0.391,0.882,40,0.058,0.882,0.807,0.87,100,52.174438056167816,9.577852934141934,19.95292041891219,9158960,15.4,19.7599582946995,8.8,10.4843256121149,2.59024256753565,23.4685079194241,73.9412405085321,20.28709267543397,5.50121021270752,4.60435029507644,0.7323695837565879,1.207250677584023,2.0195,33.0578799339663,86.11796479168572,2.15159942379354,40002.47622528558,25.220032578308192,104.470138549805,2.271673294,44.82342231730206,75.41951219512197,259919000,21.8585925811232,12.4273483783189,28.378658712342887,76.488,10,20.044618701975157,6.9
81dd84c9-1e42-11e4-b4cd-db5882bf8def,1981-01-20,0,USA,Carter,1977-01-20,1981-01-20,1977,1981,4,0,0,0,0,0,0,0,0,0,0,0,0,United States of America (the),17,14.71343,182,1,0.475,0.6045,2,2,1,1,1,3,2,2,2,2,8,2,2,2,10.0854882414323,1,1,2.06,1,1,1,5,116,10,3.354769,80000000,195308561781.91,289450340561.109,0.3433,0.884,28,0.064,0.811,0.794,0.861,100,50.622332084072376,5.877900158971254,20.60878090962293,9158960,15.8,20.523904194956984,8.6,19.257558098599752,3.43405582302153,23.2501811631813,72.6483618220342,11.801346091941992,5.50121021270752,5.64654125624258,0.8007381258923724,0.3152438649833289,1.812,29.638114690346885,90.83194654668732,2.15159942379354,31559.12933942284,25.220032578308192,101.255699157715,41.49448266,45.38365101942094,74.009756097561,229466000,22.2273317653635,11.3814508448704,25.053717889367352,73.89,25.5,19.425913170427197,5.965
81ddb59b-1e42-11e4-b4cd-db5882bf8def,1996-11-05,1,USA,Clinton,1993-01-20,2001-01-20,1993,2001,8,44,32,25,265,6,5,2,36,0,0,0,0,United States of America (the),16,28.821537,197,1,0.475,0.6045,2,2,1,1,1,3,2,2,2,2,7,2,2,1,10.2986097116159,1,1,2.11,1,1,1,5,131,10,3.533239,2181000000,61199770069.2936,87320741453.9892,0.408,0.887,33.6,0.058,0.885,0.811,0.871,100,52.1391787102512,10.174803338709497,19.544358748154817,9158960,14.4,20.144921935900577,8.8,11.5814500482575,2.71727179073141,23.3205508197695,73.9621873639093,20.58353481783629,5.50121021270752,3.55498220635218,1.2096931026187887,1.276086252629404,1.976,33.09345165826688,85.5100613230784,2.15159942379354,42783.81656978255,25.220032578308192,104.087097167969,16.41935296,45.540124227304304,76.02682926829269,269394000,21.720343783201,12.5503676380277,29.41316481347227,77.636,141,22.6870719902412,5.451
81dd84c8-1e42-11e4-b4cd-db5882bf8def,1977-01-20,0,USA,Ford,1974-08-09,1977-01-20,1974,1977,2.4503764544832305,0,0,0,0,0,0,0,0,0,0,0,0,United States of America (the),16,14.71343,178,1,0.475,0.6045,2,2,1,1,1,3,2,2,2,2,7,2,2,1,11.5153470677329,1,1,2.02,1,1,1,5,112,10,3.273658,200000000,123037831516.959,161716451975.092,0.3427,0.884,24.9,0.058,0.734,0.765,0.828,100,53.12504154223926,5.025204081313748,20.36825141719147,9158960,15.1,22.614102860982843,8.6,19.257558098599752,3.43405582302153,23.2501811631813,72.6483618220342,20.808509530374703,5.50121021270752,5.15561735127125,0.1402614819874475,0.5418320263076741,1.79,29.638114690346885,92.42230273013556,2.15159942379354,29528.96636835438,25.220032578308192,94.0340805053711,41.49448266,45.38365101942094,73.25609756097562,220239000,23.829136533117,10.8647588127402,24.046289098325573,73.673,25.5,16.417894675155367,5.965
81ddb59c-1e42-11e4-b4cd-db5882bf8def,2004-11-02,1,USA,G.W. Bush,2001-01-21,2009-01-20,2001,2009,7.997262149212868,36,39,26,248,10,13,11,77,37,24,32,228,United States of America (the),16,26.9767,205,1,0.475,0.6045,2,2,1,1,1,3,2,2,2,2,4,1,2,1,10.4818202862352,1,1,2.18,1,1,1,5,139,10,3.617761,4734000000,202317238011.513,94858162793.007,0.4242,0.902,34.5,0.058,0.896,0.806,0.866,100,49.52214190840644,10.407737470591297,18.393076996961337,9161920,14,20.082882516695445,8.2,8.63018553161945,1.75268291033102,22.1366615939239,76.1106561981627,28.695570693338627,6.2537636756897,4.01631273640692,1.7486909434865412,3.0612916417154965,2.0515,33.35650169396808,86.12431287032028,1.2654833400397276,51348.34733762229,20.950031750329615,102.011859893799,64.7583,45.977596892282754,77.48780487804878,292805298,20.815553884976,12.3047192322804,31.95894506828263,79.757,451,24.448056657190406,5.529
8239d782-1e42-11e4-b4cd-db5882bf8def,2004-04-14,1,ZAF,Mbeki,1999-06-16,2008-09-25,1999,2008,9.27857631759069,1,3,2,12,0,0,0,0,0,2,3,7,South Africa,3,49.860095,11,1,0.349,0.506,2,1,1,1,1,1,2,2,2,2,5,2,2,1,3.65147254875074,2,1,1.96981844183422,2,19,0,4,10,9,2.2442544,468117772.172632,709416068.406186,324546495.637454,0.5737,0.63,10.8,0.42,0.88,0.643,0.76,80.6,55.75084365987909,2.775104634872139,10.963737233016513,1213090,21.261,8.727691332356772,12.947,0.508031378408666,18.5880313800352,28.8256495085849,52.5863253247069,-22.6924813828681,4.50897979736328,1.3557285779782702,0.2741997905699491,0.5103162902802685,2.436,14.53518700178882,86.99483552941095,2.411716114862004,5233.86627685538,26.30363666797461,96.8669891357422,8.42512,46.56609996237576,54.043,48556071,31.4321024862164,4.36278812591735,40.02676718133032,58.993,261,45.64357522400406,19.634
8239d780-1e42-11e4-b4cd-db5882bf8def,1994-05-10,0,ZAF,deKlerk,1989-08-15,1994-05-10,1989,1994,4.733744010951403,0,0,0,0,0,0,0,0,0,0,0,0,South Africa,3,51.538206,1,0.6,0.245,0.506,96,1,1,1,1,1,1,2,2,2,2,0,1,0,2.90352408502782,3,2,2.24459837401294,2,19,0,4,0,9,1.9772178,98765754.7,0,0,0.4739,0.657,18.1,0.396,0.82,0.294,0.39,28.3,75.89311996547504,2.645497152296433,11.08738840481745,1213090,27.065,7.103485898649029,8.231,0.59609375433611,23.0926390326987,26.7080361859457,50.1993247813556,-30.67541623043073,5.29777002334595,2.56196590060566,0.2438953981499105,0.821108900702775,3.258,14.835247178692429,86.15283213491134,3.755448082491152,4330.711476871873,31.230316330669037,101.223518371582,0.246905533,43.63035584621801,62.612,43267982,39.1476778273098,3.9996145879835,35.66757783841265,54.004,1514,37.11460916662792,20.073
8253f977-1e42-11e4-b4cd-db5882bf8def,2011-09-23,0,ZMB,Banda,2008-06-29,2011-09-23,2008,2011,3.2334017796030117,0,0,0,0,0,0,0,0,0,0,0,0,Zambia,4,61.044901,4,0.62,0.398,0.552,1,1,1,1,2,3,1,1,1,1,4,1,1,0,1.29825653695847,4,3,3.39124874019348,1,1,1,4,10,7,2.2754412,46276750.72,0,0,0.5898,0.534,11.820312,0.324,0.689,0.417,0.503,28.3,92.82765313818727,8.475090251793207,4.842680154427689,743390,41.162,0.2304390061443391,8.763,99.8695425291355,65.4628882489531,9.27972678526042,25.2574096419732,6.389413649149669,3.35772275924683,1.26233242064529,4.72516156867912,-0.0059677277367169,5.271,62.56180470547088,8.559117759579607,9.64805782176724,1223.0329265930595,34.44428192435842,112.128326416016,3.5,44.89714252164927,57.771,14265814,46.4141828850425,1.72603540183546,19.190215095710197,39.851,234,76.21472825871008,10.546
