leadid,election_date,reelected,iso3,leader,entry_date,exit_date,entry_year,exit_year,spell_yrs,gold,silver,bronze,medal_score,cname,atop_number,bci_bci,bmr_demdur,cai_cai2,cbi_cbiw,cbie_index,ccp_cc,ccp_childwrk,ccp_equal,ccp_freerel,ccp_slave,ccp_strike,ciri_assn,ciri_dommov,ciri_formov,ciri_injud,ciri_physint,ciri_polpris,ciri_speech,ciri_tort,ef_ef,fh_cl,fh_pr,gol_enep,gol_est,gol_pr,h_j,ht_region,p_durable,p_polity2,pwt_hci,rd_inw,ross_gas_value_2014,ross_oil_value_2014,top_top10_income_share,undp_hdi,van_index,vdem_corr,vdem_gender,vdem_libdem,vdem_polyarchy,wdi_acel,wdi_agedr,wdi_ane,wdi_araland,wdi_area,wdi_birth,wdi_co2,wdi_death,wdi_elerenew,wdi_empagr,wdi_empind,wdi_empser,wdi_eneimp,wdi_expedu,wdi_expmil,wdi_fdiin,wdi_fdiout,wdi_fertility,wdi_forest,wdi_fossil,wdi_gdpagr,wdi_gdpcapcon2015,wdi_gdpind,wdi_gerp,wdi_internet,wdi_lfpf,wdi_lifexp,wdi_pop,wdi_pop14,wdi_pop65,wdi_popden,wdi_popurb,wdi_refori,wdi_trade,wdi_unempilo
35b38fe8-3bbd-11e5-afeb-eb6f07f9fec7,2009-06-28,1,ALB,Berisha,2005-09-11,2013-09-15,2005,2013,8.010951403148528,0,0,0,0,Albania,8,57.357534,13,1,0.711,0.791,2,1,1,1,2,1,2,2,2,0,7,2,1,1,2.24515076631552,3,3,3.18,2,25,0,1,12,9,2.8975446,1717698012.16514,7671973.94589872,132374779.707098,0.3178,0.752,21.4,0.755,0.808,0.452,0.553,99.6,49.396599852416,21.87501519447765,22.22627737226277,27400,11.841,1.4605883001954898,6.81,99.9807766243752,44.0516349157035,19.9406955859942,36.0076694983023,41.66724583708629,4.369454860687259,1.5172171395597,11.17064324507889,3.27670073351641,1.647,28.496094890510943,63.42172640051569,16.794383601879826,3432.170871972196,24.41377839319682,100.923736572266,41.2,42.07159175036301,77.781,2927519,21.7987870159832,11.2652729879444,106.8437591240876,51.076,15707,75.09491440080564,13.674
35b38fe8-3bbd-11e5-afeb-eb6f07f9fec7,2013-06-23,0,ALB,Berisha,2005-09-11,2013-09-15,2005,2013,8.010951403148528,0,0,0,0,Albania,8,57.787664,17,1,0.711,0.791,2,1,1,1,2,1,2,1,2,0,7,2,1,1,2.24662015081451,3,3,3.51184,2,25,0,1,16,9,2.924037,1281848113.75308,2556556.31015731,685558467.262528,0.3185,0.793,33.964288,0.753,0.824,0.436,0.524,99.9,46.58644075005341,26.06878501192281,22.521897810218977,27400,12.279,1.647892364042317,7.819,100,44.1980267602681,16.8779557826563,38.9240174570756,12.320705333450574,3.53929996490479,1.40898210141146,9.81628458243044,0.2226756498335619,1.697,28.698558394160585,56.395338812823184,19.565157812322923,3780.6991925409625,23.06131685200507,101.474952697754,51.8,41.85302213463199,78.123,2895092,19.0870740495197,12.6938075118444,105.66029197080292,55.387,10104,75.87371384678971,15.866
821abfda-1e42-11e4-b4cd-db5882bf8def,2005-09-11,0,ALB,Fatos Nano,2002-07-31,2005-09-11,2002,2005,3.1156741957563314,0,0,0,0,Albania,7,57.983077,9,1,0.711,0.791,2,1,1,1,2,1,2,2,2,1,7,2,1,1,1.95305888357476,3,3,10.46,3,1,0,1,8,9,2.8715568,1289704315.92613,22117348.2320859,168872116.006135,0.317,0.72,26.3,0.72,0.762,0.427,0.52,99.4,54.29936819733599,20.33206363211398,19.635036496350363,27400,13.235,1.377857516901119,6.306,98.713944515892,46.9627184183368,15.1280883694977,37.9092865234277,47.76617094727826,3.28154993057251,1.35000497056322,3.259767691596448,0.050440697497346,1.803,28.30967153284672,66.48668055056278,18.84530872472372,2675.5086370967542,25.081606589708805,107.016143798828,6.04389,42.41814815253481,76.621,3011487,25.4710426645616,9.71988377100567,109.90828467153284,46.731,12718,70.87234677546716,15.966
824e715e-1e42-11e4-b4cd-db5882bf8def,1998-10-03,1,AUS,Howard,1996-03-11,2007-12-03,1996,2007,11.728952772073923,9,9,24,78,Australia,4,11.916034,98,0.79,0.251,0.424,2,2,1,1,98,3,2,2,2,2,7,2,2,1,8.00882083176871,1,1,3.46,1,5,1,5,97,10,3.5127478,501585257.221363,3113346094.05746,3709114127.2933,0.3107,0.891,35.3,0.034,0.926,0.845,0.886,100,49.855351883663005,1.1702282070407752,2.779115629433893,7682300,13.3,18.367107734136788,6.8,8.4340500156395,4.84923055310032,22.3821303347635,72.7686391121361,-108.32674987039816,5.50121021270752,1.87112181310612,1.9009500019357288,1.1676122666983406,1.762,17.21199640732593,93.87865070879003,3.0288167809381576,42966.7934047812,25.360803747199785,101.735740661621,30.81323944,43.1995707577183,78.63170731707318,18607584,21.0604270036659,12.2085563621798,2.422137120393632,84.503,25.5,39.99270246419116,7.684
824e715e-1e42-11e4-b4cd-db5882bf8def,2001-11-10,1,AUS,Howard,1996-03-11,2007-12-03,1996,2007,11.728952772073923,25,34,41,209,Australia,3,10.599736,101,1,0.251,0.424,2,2,1,1,98,3,2,2,2,2,7,2,2,1,8.41885076977307,1,1,3.44,1,5,1,5,100,10,3.5275118,486744685.823923,6378927379.65871,7836367076.06703,0.3171,0.9,36.8,0.034,0.931,0.845,0.885,100,49.30850691345906,1.2291578270378634,3.150098277859495,7682300,12.7,18.692632378577493,6.6,8.09845495284596,4.75430110832152,21.5283106335394,73.7173882581391,-135.64555102281832,5.22261571884155,1.87009387891872,2.823052146766128,3.524709280802194,1.739,17.128633351990942,98.0530884338196,3.4968801332198667,46190.38120780137,23.633520968275462,101.439407348633,52.6893,44.181018698747714,79.63414634146342,19274701,20.5556432263529,12.4689356388545,2.5089753068742437,84.1,25.5,44.21870449899774,6.747
824e715e-1e42-11e4-b4cd-db5882bf8def,2004-10-09,1,AUS,Howard,1996-03-11,2007-12-03,1996,2007,11.728952772073923,44,50,58,334,Australia,3,9.479927,104,1,0.251,0.424,2,2,1,1,98,3,2,2,2,2,7,2,2,1,8.80285238156583,1,1,3.17,1,5,1,5,103,10,3.4943507,824729101.175224,11112197911.8414,7631611220.5721,0.3329,0.908,33.9,0.034,0.93,0.84,0.88,100,48.66810302359174,1.1797493320610009,3.350949585410619,7682300,12.3,19.147721018734924,6.5,8.1866501908305,3.73788984710175,21.9709477452854,74.2911519660256,-125.59655312946192,5.19307231903076,1.82741076940486,6.980716853343118,1.5919447907958642,1.768,17.040066126029966,94.06821267120928,3.061605922538072,49901.01529578256,23.93491874100932,103.302062988281,41.49448266,44.556100092558346,80.49024390243903,19932722,19.9476177130945,12.788458411359,2.5946294729443005,84.463,11,37.00961359304424,5.399
824e715e-1e42-11e4-b4cd-db5882bf8def,2007-11-24,0,AUS,Howard,1996-03-11,2007-12-03,1996,2007,11.728952772073923,45,50,59,339,Australia,5,8.60513,107,1,0.251,0.424,2,2,1,1,98,3,2,2,2,2,7,2,2,1,8.08149723806276,1,1,3.03,1,5,1,5,106,10,3.4615014,1341851616.34835,12462106854.7875,14032855946.2167,0.3414,0.916,28.2,0.034,0.932,0.84,0.88,100,48.24343853579403,1.1690255962543925,3.010166226260365,7682300,14.1,19.224057359980893,6.7,8.64807246716794,3.32081335302302,21.9081050202671,74.7710816267099,-134.1001662314179,4.96966886520386,1.81227323422698,5.197717936876336,1.6866264502348185,1.959,16.95149890006899,94.293103951311,2.2060140143963904,52530.70189301245,25.66594093972304,105.422981262207,69.45,45.15637904918525,81.29268292682927,20827622,19.4336490128957,13.1097405249566,2.71111802454994,84.822,57,42.00802003263476,4.381
8255e1cb-1e42-11e4-b4cd-db5882bf8def,2013-09-18,0,AUS,Rudd,2013-06-27,2013-09-18,2013,2013,0.2272416153319644,0,0,0,0,Australia,5,8.558689,113,1,0.251,0.424,2,2,1,1,98,3,2,2,2,2,7,2,2,1,6.98815610522221,1,1,3.00836,1,5,1,5,112,10,3.4687328,2461137536.76136,8301883828.2947,13623486068.1443,0.3482,0.929,41.0922,0.037,0.931,0.818,0.86,100,49.984637166048046,2.138830763347635,4.063991252619658,7682300,13.3,17.53120626402594,6.4,13.2641083883167,2.61818786659868,20.4516291121862,76.9301917296687,-172.43834034344908,5.5196270942688,1.6391801995446105,3.4535367686306917,-0.0487988797369922,1.855,17.14006742772347,93.70804882449004,2.2852850020651143,55734.5743411489,25.18698229855377,105.802581787109,83.4535,45.74610646516879,82.14878048780488,23128129,18.9256202512991,14.4008825109393,3.010573526157531,85.502,27,41.25019106374537,5.663
8216ef37-1e42-11e4-b4cd-db5882bf8def,2000-02-04,0,AUT,Klima,1997-01-28,2000-02-04,1997,2000,3.0171115674195756,3,5,9,31,Austria,2,20.713776,55,1,0.857,0.929,2,2,1,2,98,3,1,2,2,2,5,2,1,0,5.90026555773448,1,1,3.82,2,12,1,5,54,10,3.1170292,1804517334,344193765.525911,276813759.885002,0.3491,0.87,37.7,0.086,0.928,0.787,0.86,100,48.059013184472846,11.25575227754226,16.95346582646631,82520,9.8,8.332827814187638,9.6,72.5440090857467,6.05078317146185,30.0245893328607,63.9246274956774,65.75385172678044,5.58880996704102,0.98031858008593,4.308900394190173,2.792589613669845,1.36,46.51163354338343,76.53529223461383,1.6473002129897931,38842.89051958305,28.284802034095595,101.86939239502,33.7301,43.948510943667024,78.1268292682927,8011566,17.046335286558,15.413033147977,97.0863548230732,60.213,33,85.3604956179232,4.694
8216ef38-1e42-11e4-b4cd-db5882bf8def,2002-11-24,1,AUT,Schussel,2000-02-05,2007-01-11,2000,2007,6.93223819301848,5,5,10,40,Austria,2,20.201284,57,1,0.857,0.929,2,2,1,2,98,3,1,2,2,2,7,2,1,1,5.83773895335008,1,1,3.02,2,12,1,5,56,10,3.1495168,1985329834,328925443.291751,223344442.844548,0.3483,0.878,33.9,0.098,0.935,0.787,0.86,100,47.16863663429619,10.510055569634575,16.78380998545807,82520,9.7,9.028258873438698,9.4,69.0129476493263,5.75868767194551,28.8522342298336,65.389078098220807,67.71055328606258,5.52213001251221,0.8835278365730901,0.0645287977951281,2.696162435995293,1.39,46.57237033446437,77.31087416751208,1.5627744114919595,39636.48261145213,27.38807848202851,102.810722351074,36.56,44.68806148693254,78.67804878048783,8081957,16.6177352323161,15.433002037878,97.93937227338829,59.655,72,86.94816799966057,4.86
8216ef38-1e42-11e4-b4cd-db5882bf8def,2006-10-01,0,AUT,Schussel,2000-02-05,2007-01-11,2000,2007,6.93223819301848,16,16,18,114,Austria,2,18.908767,61,1,0.857,0.929,2,2,1,2,98,3,2,2,2,2,7,2,1,1,6.53752682973786,1,1,3.71,2,12,1,5,60,10,3.2155108,2517171820.75859,516029069.31833,467827136.424652,0.3748,0.893,35.1,0.089,0.934,0.79,0.865,100,47.99108900683985,9.91004216776768,16.689287445467766,82520,9.4,9.39945270329187,9,65.5155251581415,5.24447601663644,28.161403629699,66.5941460732272,70.201671494066,5.22652006149292,0.785813244459197,3.122533350046896,4.784062402208457,1.41,46.69384391662628,74.69833424034242,1.303189458617389,42496.35105168305,27.259370830407757,102.310897827148,63.6,45.84500346360295,79.88048780487806,8268641,15.7715384577704,16.656826238438,100.201660203587,58.532,30,98.08831120534364,5.32
8232f98b-1e42-11e4-b4cd-db5882bf8def,2005-08-26,0,BDI,Ndayizeye,2003-04-30,2005-08-26,2003,2005,2.324435318275154,0,0,0,0,Burundi,3,68.913749,1,0.23,0.532,0.5295,2,2,1,1,1,1,1,0,1,0,3,0,0,0,0.904111971360451,5,3,2.5024627361402,2,25,1,4,0,6,1.2513356,71562.1616149131,0,0,0.4581,0.342,18.6,0.845,0.663,0.15,0.299,3.2,92.31682609619077,0.6898849204712305,37.22741433021807,25680,46.03,0.0250105767130417,12.841,98.0449657869013,90.5524569517153,2.50135574170143,6.94618730658331,43.314645238693906,3.632159948349,4.43619004108442,0.052340421321761,0.14595174066455335,6.708,7.552180685358256,56.65302916965624,40.84812339229493,294.7387733866606,16.933003598610878,86.9328231811523,0.542143,51.27783032942476,53.023,7388874,45.6149377012697,2.38753547647886,287.728738317757,9.375,438695,35.09999884129365,3.15
82511d04-1e42-11e4-b4cd-db5882bf8def,2014-10-11,0,BEL,Di Rupo,2011-12-06,2014-10-11,2011,2014,2.847364818617385,0,1,2,4,Belgium,3,16.185852,121,1,0.857,0.912,2,2,1,1,98,3,2,2,2,2,8,2,1,2,7.489392344618,1,1,9.447867,2,25,1,5,70,8,3.117666,12161003266.0421,0,0,0.318,0.922,47.719,0.031,0.947,0.842,0.903,100,53.85912099656389,18.589631022201537,26.981505944517835,30280,11.2,8.695512923165614,9.3,17.0806411009482,1.21816556033436,21.3930693328736,77.3887651067921,76.25886030281166,6.59046983718872,0.970959791148112,-2.840147495087677,-0.078116929933105,1.74,22.76796565389696,72.65250483564859,0.637835968092569,40421.4207919096,19.674826484051124,103.104873657227,85.0012,46.06531609427415,81.28780487804877,11209057,16.9897607733501,18.0157189186848,370.1802179656539,97.833,76,158.78321591907562,8.523
82511d02-1e42-11e4-b4cd-db5882bf8def,2011-12-06,0,BEL,Leterme,2009-11-25,2011-12-06,2009,2011,2.028747433264887,0,0,0,0,Belgium,4,17.961253,118,1,0.857,0.912,2,2,1,1,98,3,2,2,2,2,8,2,1,2,7.84628893234497,1,1,10.04,2,25,1,5,67,8,3.0989954,11728548904.613,0,0,0.3105,0.914,43.4,0.031,0.944,0.835,0.898,100,52.25903666392126,23.24318162871486,27.24570673712021,30280,11.7,9.44386726028658,9.4,9.41087918754353,1.3005247930685,23.2336846489351,75.4657683096893,71.38626298760387,6.43199014663696,1.05221776971326,31.26598334890303,24.67006824991876,1.81,22.779260237780715,70.25449592628259,0.648034219951815,39929.09514393591,20.777896404958085,101.269889831543,81.61,45.42089247413252,80.58536585365854,11038264,16.9536067500674,17.3688456076802,364.5397622192867,97.698,88,161.49372366463297,7.14
820aeacf-1e42-11e4-b4cd-db5882bf8def,2003-05-18,1,BEL,Verhofstadt,1999-07-12,2008-03-20,1999,2008,8.68993839835729,0,2,3,7,Belgium,4,21.405951,110,1,0.857,0.929,2,2,1,1,98,3,2,2,2,2,8,2,1,2,8.41694524418121,1,1,8.84,2,25,1,5,59,10,3.0303595,5778136096.27102,0,0,0.3154,0.893,44.2,0.031,0.94,0.824,0.886,100,52.47776125074834,21.453005432336223,27.575957727873185,30280,11,11.889940115455342,10.3,1.42650279436579,1.72110023385995,24.9192754931024,73.3596242730377,76.3854081453545,5.89130210876465,1.21498815616525,10.864874487751838,12.281732943430852,1.67,22.261261558784675,75.23284587397795,1.0294445025288033,36617.38038402271,23.22665488858116,103.77693939209,49.97,43.10862803123193,78.12926829268292,10376133,17.3742679739935,17.0424022454878,342.672820343461,97.296,40,132.71555283388844,7.68
820aeacf-1e42-11e4-b4cd-db5882bf8def,2007-06-10,0,BEL,Verhofstadt,1999-07-12,2008-03-20,1999,2008,8.68993839835729,1,2,5,13,Belgium,4,19.75638,114,1,0.857,0.929,2,2,1,1,98,3,2,2,2,2,8,2,1,2,8.35211279027495,1,1,9.04,2,25,1,5,63,8,3.0783648,8991846090.58459,0,0,0.3312,0.907,44.9,0.031,0.94,0.832,0.892,100,51.51394164395414,22.39314979094136,27.70805812417437,30280,11.7,10.631506630151426,9.5,3.98272552783109,1.8563215168559,24.4302468637766,73.7134544108604,74.38493063795727,5.51823377609253,1.09801876439276,20.502674006232755,17.722256045095513,1.82,22.559412153236455,72.66654993028439,0.8875239400393867,40290.22775639559,22.281952477002864,102.451301574707,66.7604,44.69517285831379,79.7829268292683,10625700,16.9549601868234,17.0445159574426,350.91479524438574,97.505,53,152.46844687530285,7.459
365240e8-3bbd-11e5-afeb-eb6f07f9fec7,2001-07-15,0,BGD,Hasina Wazed,1996-06-23,2001-07-15,1996,2001,5.059548254620124,0,0,0,0,Bangladesh,4,64.989768,11,0.01,0.328,0.481,2,2,1,1,1,3,0,2,1,1,4,1,1,0,0.459293276215999,4,3,2.83,1,1,0,8,10,6,1.6619096,2104551469.14176,1944392049.21997,40324728.3685067,0.4459,0.498,17.3,0.802,0.618,0.267,0.503,35,68.50638825884258,0.344167906878256,63.78581854497965,130170,28.49,0.2436468601421713,6.75,5.70952161913524,58.0577753633735,11.0677936049598,30.8744353191137,18.820144540340795,2.17193007469177,1.28842277551655,0.1454439045699244,0.0381543024058049,3.146,14.727890450948758,60.72303709922142,21.848340581525864,666.300049997793,22.58381187422126,94.2771072387695,0.129808,23.71092175100937,66.135,131670484,36.8215146076322,3.8335542990789,1011.5271107013904,24.096,5544,32.09801707301166,3.614
821f53db-1e42-11e4-b4cd-db5882bf8def,2001-07-21,0,BGR,Kostov,1997-05-21,2001-07-21,1997,2001,4.167008898015058,6,6,2,38,Bulgaria,27,56.83714,12,1,0.857,0.725,2,2,1,1,1,1,1,2,2,1,5,2,1,0,3.46869310330254,3,1,3.91,2,25,1,1,9,9,2.9194586,826200309.55945,755103.70843494,7192282.11091083,0.3622,0.732,27.6,0.384,0.921,0.602,0.698,88.6,47.573074923192976,26.786383087216915,31.338696556087857,110630,8.5,6.269398145269493,14,3.98998483943584,9.69357826709979,32.7673723902879,57.5390493426123,46.58430532006188,3.38423991203308,2.86251954387639,5.731626859211392,0.0681120556990967,1.21,30.834312573443007,73.1454631425634,10.603253242166442,3941.2756908212864,23.980881725726867,105.339256286621,7.6123,47.27297066581665,71.76829268292684,8009142,15.2088825935435,17.0280803257256,72.39575160444726,69.166,2122,79.08136874776677,19.921
821f53dc-1e42-11e4-b4cd-db5882bf8def,2005-08-16,0,BGR,Saksgoburggotski,2001-07-24,2005-08-16,2001,2005,4.0629705681040384,2,2,11,23,Bulgaria,27,55.758825,16,1,0.857,0.8195,2,2,1,1,1,1,1,2,2,1,6,2,1,1,3.73300130156011,2,1,5.8,2,25,1,1,13,9,2.9909837,1612912427.00584,0,24124588.0008765,0.3611,0.765,32.3,0.384,0.927,0.609,0.7,90.6,45.71662151572096,25.7649654368697,29.20655375552283,108640,9.3,6.834624803433151,14.8,9.87446556899845,8.93877765118014,34.2419147935972,56.8193075552227,46.48048214187172,4.10879993438721,2.2353502672636703,13.720479005991152,0.3124910361830909,1.37,32.7319587628866,72.96125477667375,7.283685728894337,5236.086372343693,24.23239858400876,110.920433044434,19.97,46.6806362017486,72.5609756097561,7658972,13.7393674638652,17.6342858612517,70.49863770250369,70.584,4250,99.71421121273814,10.083
825272da-1e42-11e4-b4cd-db5882bf8def,2009-07-27,0,BGR,Stanishev,2005-08-16,2009-07-27,2005,2009,3.9452429842573578,1,2,3,11,Bulgaria,28,54.389668,20,1,0.857,0.8195,2,2,1,1,1,1,1,2,2,1,6,2,1,1,3.48374565191821,2,2,4.4,3,1,0,1,17,9,3.0642612,1591794627.63678,1534394.78917974,24841526.225958,0.3546,0.784,33.4,0.501,0.922,0.596,0.697,92.9,46.63834269925742,24.218377824522893,28.97936624907885,108560,10.9,6.24041315112494,14.5,8.77279913168637,7.08889427635879,35.2371424450452,57.6739325904762,43.787234898149634,4.27429008483887,1.73951150062383,7.490157326134797,0.6943877831878925,1.66,34.08990420044215,73.0238178824845,4.235785659661227,6294.433391634013,26.567340514432168,102.061912536621,45,46.70055986535783,73.41219512195123,7444443,13.6080811181998,18.1969303324261,68.57445652173914,71.963,2743,92.69264560363747,6.817
81deda9d-1e42-11e4-b4cd-db5882bf8def,2007-05-04,0,BHS,Christie,2005-06-22,2007-05-04,2005,2007,1.864476386036961,0,0,0,0,Bahamas (the),2,25.911441,35,0.22,0.391,0.603,2,2,1,1,3,3,2,2,2,2,6,2,2,1,1.84338547209479,1,1,2.13,1,1,1,10,20,9,2.6292323,0,0,0,0.5641,0.8,22.9,0.159,0.8494999999999999,0.642,0.7585,100,49.76007637359417,0.3865161415518239,0.6993006993006993,10010,15.392,3.407089295599805,6.024,0,2.30291799691902,17.9572905271148,79.7397914759662,-29.80889606388346,4.33057999610901,0.7291365225325854,6.718093411964582,4.324877617405357,1.852,50.935064935064936,0,1.0933912457126067,33162.16157660349,9.25945110064285,95.1187591552734,27,47.74357418671493,72.678,357666,27.3597052002354,5.86691792493846,35.73086913086913,82.302,14,88.01281556250788,7.88
3500baa8-3bbd-11e5-afeb-eb6f07f9fec7,2012-05-08,0,BHS,Ingraham,2007-05-04,2012-05-08,2007,2012,5.0130047912388775,0,1,1,3,Bahamas (the),2,24.289626,40,0.24,0.391,0.603,2,2,1,1,3,3,2,2,2,1,6,2,2,1,2.37804219603477,1,1,2.418103,1,1,1,10,20,9,2.6292323,0,0,0,0.5332,0.803,25.37618,0.159,0.8494999999999999,0.642,0.7585,100,46.25520137503876,0.3865161415518239,0.7992007992007992,10010,14.114,2.616859611423307,6.491,0,3.64324917672887,12.6706915477497,83.6860592755214,-29.80889606388346,2.38704514503479,0.7291365225325854,4.908082645399002,1.477580150179563,1.744,50.935064935064936,90.17412252962863,1.0727111608600344,30575.16132096805,13.033907000606316,86.7748336791992,71.7482,47.599654565446166,72.753,382061,25.1573701581685,6.46899317124752,38.16793206793207,82.532,195,84.2507345739471,14.02
81e4f53e-1e42-11e4-b4cd-db5882bf8def,2008-02-08,0,BLZ,Musa,1998-08-28,2008-02-08,1998,2008,9.44832306639288,0,0,0,0,Belize,2,49.161959,28,0.6,0.471,0.5355,2,2,1,1,3,3,2,2,2,2,6,2,1,1,8.96740114898628,2,1,2.03,1,1,0,10,20,9,3.2010343,76489003.3131694,0,137041654.958641,0.56,0.709,18.9,0.159,0.8494999999999999,0.642,0.7585,86.1,68.29175636317589,0.3865161415518239,3.0688294607628235,22810,24.033,0.4910508357024383,4.935,94.7475859538063,18.9218136379864,16.7815523759829,64.2966339860306,-29.80889606388346,4.3199200630188,1.08251738711146,9.796543504613856,0.1592306157055154,2.799,61.59456378781236,90.17412252962863,8.365059703646487,6147.6909273834945,20.26772657084273,114.764373779297,26.3,35.8661847524586,71.151,305671,36.6653417148802,3.91416929612345,13.400745287154756,45.262,18,105.85962869410648,8.18
81fcfe14-1e42-11e4-b4cd-db5882bf8def,1998-10-04,1,BRA,Cardoso,1995-01-01,2003-01-01,1995,2003,8,3,3,9,27,Brazil,4,52.737245,14,0.17,0.243,0.265,2,1,1,1,96,1,2,2,2,1,2,1,2,0,2.91670666417323,4,3,8.14,2,14,0,2,13,8,1.9694039,1236000000,1279359256.22282,6741382610.91993,0.5859,0.66,27.4,0.501,0.796,0.715,0.851,94.193812,56.90753462514936,13.158315719448147,5.299504435197305,8358140,21.06,1.8604511497218508,6.429,92.9233437348484,15.051310755712,23.5508696448721,61.3978195994159,26.893560765723716,4.75665998458862,1.6622919197582402,3.340888093285034,0.3304361986247582,2.409,66.83909099392928,57.34050813575468,4.7500447835131006,6613.983180829272,22.11879037913787,108.6207885742185,1.477874959,38.79551963977725,69.189,171039804,30.9750765119419,5.29312114182825,20.4638596625565,79.781,134,16.438584931205906,10.15
81fcfe15-1e42-11e4-b4cd-db5882bf8def,2006-10-29,1,BRA,Lula da Silva,2003-01-01,2011-01-01,2003,2011,8,5,2,3,27,Brazil,4,50.965588,22,0.18,0.243,0.265,2,1,1,1,96,1,2,2,2,1,2,1,2,0,2.57908185216099,2,2,10.62,2,14,0,2,21,8,2.2988086,3287162000,5024120686.61748,48106061313.2634,0.6023000000000001,0.701,28.1,0.488,0.812,0.773,0.869,97.6,49.11031364959268,13.7210227010359,5.852258995422426,8358140,16.852,1.9605929608918584,6.123,86.7476516501048,14.4959502569643,22.7286545299633,62.7753952130725,7.401827270685117,4.87060022354126,1.48108489489303,1.753125703189449,2.600007092703126,1.927,63.09823238184572,53.42289187732524,4.370043777802573,7534.54250017952,23.5440216663883,108.6207885742185,28.1784,42.718896849095074,72.037,188820682,26.6507789120262,6.28477869813011,22.591232259809,83.143,703,26.04169988530512,9.692
81e39f6f-1e42-11e4-b4cd-db5882bf8def,1999-01-20,1,BRB,Arthur,1994-09-07,2008-01-16,1994,2008,13.357973990417522,0,0,0,0,Barbados,2,26.916145,34,0.78,0.413,0.5355,2,2,1,1,2,3,2,2,2,2,6,2,2,1,4.46674076068343,1,1,1.84,1,1,0,10,20,9,2.6823518,98700000,3720035.25564209,18581226.8962535,0.5503,0.753,16.8,0.093,0.851,0.656,0.767,100,49.779728189688896,0.3865161415518239,34.88372093023256,430,14.077,2.410190407692017,9.509,0,4.31320397994008,21.405796869242,74.2809991508179,-29.80889606388346,4.34123992919922,0.7291365225325854,1.6105138394451066,0.044040592892033,1.762,14.651162790697676,90.17412252962863,2.334512379989894,16012.119711999432,15.29391948795688,102.901260375977,2.376247035,47.862390971197776,74.039,264170,22.0693531993663,11.1657477490778,614.3488372093024,34.152,35,88.19100555836282,10.61
81e39f6f-1e42-11e4-b4cd-db5882bf8def,2003-05-21,1,BRB,Arthur,1994-09-07,2008-01-16,1994,2008,13.357973990417522,0,0,1,1,Barbados,2,24.937326,38,0.78,0.413,0.5355,2,2,1,1,2,3,2,2,2,2,7,2,2,1,4.79995036082968,1,1,1.98,1,1,0,10,20,9,2.737424,130500000,8478633.39742856,13540510.3485651,0.5445,0.769,18.3,0.093,0.851,0.652,0.764,100,48.38770517720543,0.3865161415518239,32.55813953488372,430,13.68,2.252344868578948,9.329,0,4.55564716851733,17.6061276228491,77.8382252086335,-29.80889606388346,6.24569988250732,0.7291365225325854,5.7548306152048605,0.7799501479981306,1.797,14.651162790697676,90.17412252962863,1.9785013241938,16605.934662987296,15.704938463935193,103.013526916504,39.6896,48.76999993141901,74.472,267499,21.285873965884,11.3228460667143,622.0906976744186,33.234,8,90.0919146284468,11
81e39f6f-1e42-11e4-b4cd-db5882bf8def,2008-01-15,0,BRB,Arthur,1994-09-07,2008-01-16,1994,2008,13.357973990417522,0,0,1,1,Barbados,2,22.783144,43,0.77,0.413,0.5355,2,2,1,1,2,3,2,2,2,2,6,1,1,1,4.84485828876378,1,1,2,1,1,0,10,20,9,2.7901819,101160650.815,10135566.7432515,42939453.1098156,0.5378000000000001,0.792,24.6,0.093,0.848,0.665,0.78,100,46.34977722905148,0.3865161415518239,30.23255813953488,430,12.681,2.728923285711665,9.026,0,2.82082019861179,17.659725613817,79.5194541875712,-29.80889606388346,4.92074012756348,0.7291365225325854,12.840713702316611,1.532900959592105,1.735,14.651162790697676,90.17412252962863,1.295864963887019,18716.00723245207,15.124515218988336,101.043647766113,61.4,49.00734294261626,75.447,272635,20.2193037957273,11.4513700526894,634.0348837209302,32.256,33,94.43554147260537,8.12
823acba4-1e42-11e4-b4cd-db5882bf8def,2004-10-30,1,BWA,Mogae,1998-03-31,2008-04-01,1998,2008,10.004106776180699,0,0,0,0,Botswana,2,34.760108,39,0.58,0.516,0.579,2,2,1,1,3,3,2,2,2,2,7,2,1,1,3.00608259619754,2,2,2.7444895589737,1,1,0,4,38,8,2.5860503,78656415.9593629,0,0,0.6891,0.591,12.1,0.15,0.721,0.615,0.713,35.3,66.9006820260942,0.0079067818071032,0.3987789599985884,566730,28.141,2.180104728939236,13.073,0,23.9314359420754,19.9634290230405,56.1051350348841,46.34491041007999,3.8420401811599696,3.5058740413487404,4.363836573701255,-0.4326331395157972,3.073,30.25691246272476,65.69059380484293,2.2595853495910205,5219.414504467586,38.821955020889206,104.962112426758,3.30489,45.71207254203464,51.617,1859085,36.8402197855397,3.24390762122227,3.280371605526441,55.488,5,90.9978228872631,21.754
81dea9cb-1e42-11e4-b4cd-db5882bf8def,2006-02-06,0,CAN,Paul Martin,2003-12-12,2006-02-06,2003,2006,2.1546885694729636,3,6,3,27,Canada,4,15.28862,140,1,0.472,0.604,2,2,1,1,98,3,2,2,2,2,6,2,1,1,8.9050782483468,1,1,3.75,1,1,1,5,118,10,3.5939064,1085691997.21255,62533990468.2362,70519885823.8194,0.3838,0.907,29.1,0.033,0.913,0.765,0.836,100,43.96369560409233,18.812429106295603,4.381529826815636,8965590,11,17.475755340002436,7,59.5442882203545,2.11200086047843,22.1061931059389,75.7818119695542,-53.80949229648226,5.50121021270752,1.12252472932052,4.874101289551048,3.816692472463554,1.63,38.76087507905224,74.56307191429713,1.7010184594948197,41663.51230543771,28.8475544811015,99.7602920532227,72.4,46.89968255953755,80.54365853658538,32571193,17.379028692082102,13.1590157429329,3.632911275220036,80.213,94,68.0521644769988,6.484
81f4fb26-1e42-11e4-b4cd-db5882bf8def,2006-05-28,1,COL,Alvaro Uribe Velez,2002-08-08,2010-08-07,2002,2010,7.997262149212868,0,0,2,2,Colombia,4,53.759798,49,0.01,0.693,0.757,2,1,1,1,1,1,0,1,1,0,0,0,1,0,2.03170203967666,3,3,8.58,2,25,0,2,49,7,2.294145,3899159914.34258,4161708101.22407,14828864637.4821,0.6233000000000001,0.703,9.9,0.424,0.703,0.448,0.568,95.7,53.333416262295366,9.771520642577144,1.7166291122127082,1109500,18.688,1.3908990526948015,5.016,80.6007625778852,19.5045218702092,20.2113696104528,60.2841200756522,-193.685628623242,2.39101004600525,3.2958249913522897,4.172385100595273,0.7835672894736132,2.198,55.50146372239747,75.27958214105776,7.1867695307177,4685.054585345139,30.91346002662454,124.619491577148,15.3417,39.95977074472209,73.468,42772910,29.574369964241,5.20827324126735,38.55151870211808,76.423,72793,39.64135596062945,11.091
82293f1a-1e42-11e4-b4cd-db5882bf8def,2001-02-01,0,CPV,do Rosario,2000-07-29,2001-02-01,2000,2001,0.5119780971937029,0,0,0,0,Cabo Verde,2,50.273019500000004,11,1,0.452,0.5575,2,1,1,1,98,2,2,2,2,2,7,2,1,1,1.40485810325377,2,1,2.41,2,25,1,4,10,10,1.9292974,80954171.1337339,0,0,0.6083000000000001,0.598,14.4,0.203,0.724,0.675,0.762,60.3,85.54272039118715,0.6898849204712305,11.41439205955335,4030,28.101,0.7054283862494044,5.446,3.88919131434101,28.5888984158666,18.3587984763083,53.0523031078251,43.314645238693906,3.8420401811599696,0.753615197231365,1.600131126286322,0.0746850929105627,3.399,9.930521091811414,56.65302916965624,11.415766019347398,2026.2791551289151,19.16407137620813,115.657981872559,2.68533,39.13244875694059,69.929,465958,41.2357980762215,4.86814262229643,115.62233250620348,54.291,5,92.16372249741522,13.313
821ec15d-1e42-11e4-b4cd-db5882bf8def,2008-02-28,0,CYP,Tassos Nikolaou Papadopoulos,2003-02-28,2008-02-28,2003,2008,4.999315537303217,0,0,0,0,Cyprus,2,33.13429,33,0.56,0.857,0.8955,2,2,1,1,2,1,2,2,2,2,7,2,2,1,5.55140684018618,1,1,4.29,2,13,1,3,33,10,2.687711,948622574.642726,0,0,0.3386,0.853,38.6,0.137,0.84,0.735,0.842,100,40.53809963064026,2.226072555266102,8.917748917748918,9240,12.167,7.775245104770275,6.599,0.295333727111636,4.23117546694592,23.0456880286712,72.7231365043828,96.86139637146252,6.72276020050049,1.6297049444974498,44.16386872113924,51.605273676737774,1.48,18.67900432900433,96.10584460074088,2.093313391103515,27449.03125,17.896585384124297,101.213508605957,42.31,43.37676193388752,78.981,1092390,18.0286344620511,10.8162835617316,118.22402597402598,67.839,10,112.9257170175705,3.756
8251af80-1e42-11e4-b4cd-db5882bf8def,2006-09-04,0,CZE,Paroubek,2005-04-25,2006-09-04,2005,2006,1.3607118412046544,1,2,1,9,Czechia,14,42.771473,14,1,0.832,0.795,2,2,1,1,1,1,1,2,2,1,7,2,1,1,6.35628555240805,1,1,3.91,2,25,1,1,13,9,3.6198323,1603247263.59946,55035539.988921,213984011.902851,0.3046,0.856,33.9,0.261,0.898,0.829,0.901,100,40.24909752929725,15.314302725479164,34.14161812297735,77250,10.3,12.67143312688222,10.2,4.2078083534559,3.54449838954833,40.5001490281018,55.9553525823499,26.950883299277145,4.1955099105835,1.5678353362801,4.564069805908539,1.976997237141528,1.34,34.295715210355986,82.97817307815457,2.1649554318029973,15948.745289720424,34.3332159877379,104.372779846191,47.93,43.92790737277511,76.52439024390245,10238905,14.4461448361761,14.2521481462792,132.54245954692556,73.533,2136,127.02838186843452,7.141
82281a1a-1e42-11e4-b4cd-db5882bf8def,2005-02-08,1,DNK,Fogh Rasmussen,2001-11-27,2009-04-05,2001,2009,7.353867214236824,2,1,5,15,Denmark,3,-3.000245,61,1,0.503,0.606,2,2,1,1,98,3,2,2,2,2,8,2,2,2,9.30992009061139,1,1,5.19,2,27,1,5,60,10,3.369442,666091577.137752,4707014113.38128,9098481492.60571,0.3048,0.911,43.5,0.002,0.957,0.893,0.919,100,50.95437133994706,5.080613649532744,58.3,40000,11.9,9.357050701992383,10.1,27.0705733046405,3.18252188999823,23.8922125770096,72.9252655329921,-65.69405592851673,8.08557033538818,1.3114884999135898,4.857700582033001,6.416067743210601,1.8,14.476125,82.18730305258181,1.1456435911336995,51835.83270624447,22.23953193681624,98.2105865478516,82.74,46.82298280699887,77.84390243902439,5419432,18.6826640300755,15.0721559880894,135.4858,85.856,10,89.39974085617764,4.83
82530554-1e42-11e4-b4cd-db5882bf8def,2011-10-03,0,DNK,Lars Løkke Rasmussen,2009-04-05,2011-10-03,2009,2011,2.4941820670773445,0,0,0,0,Denmark,3,-3.150779,67,1,0.503,0.606,2,2,1,1,98,3,2,2,2,2,8,2,1,2,7.98044106252933,1,1,5.72,2,25,1,5,66,10,3.456555,1149885932.9698,1061588261.2412,9452235007.42045,0.3151,0.927,45.311,0.002,0.958,0.894,0.919,100,53.58596043127582,6.633674500854313,62.475,40000,10.6,7.810221284277448,9.4,40.2537682023333,2.39449719235703,20.0348690235585,77.5706713018632,-14.541945799140214,8.48486042022705,1.31353128527572,3.941503187586579,3.81478736864609,1.75,14.8532,74.82227821003619,1.312133989907082,51644.46350977751,20.254698605611683,101.197456359863,89.81,47.17189735134892,79.80000000000001,5570572,17.7981734629169,17.0917102820365,139.2643,86.957,6,101.245795489044,7.769
81e2dc15-1e42-11e4-b4cd-db5882bf8def,2008-05-16,1,DOM,Fernandez Reyna,1996-08-16,2000-08-16,1996,2000,4,1,0,0,4,Dominican Republic (the),2,59.492135,43,0.01,0.611,0.835,2,2,1,1,98,1,0,1,1,0,4,2,1,0,1.81105292188607,2,2,2.65,2,25,0,2,12,8,2.34943,3605500000,0,0,0.5469,0.697,19.9,0.79,0.789,0.351,0.633,97.6,58.58203605258964,1.8093852103818011,16.55971848478576,48310,21.947,2.168813690886478,5.831,11.6078535420536,12.6806857164572,21.4511189095107,65.8681953740321,86.5832296088198,2.39101004600525,0.699861657175699,5.669685165047132,-0.2942484310843988,2.533,42.49617056510039,87.1128957327589,6.335822167755158,5373.096253391455,29.59218881234075,109.525123596191,20.82,35.82866154539711,71.658,9522948,31.482862842623,5.45828904338704,197.12167253156696,71.3,313,61.392053091284325,4.764
81e2dc15-1e42-11e4-b4cd-db5882bf8def,2008-05-16,1,DOM,Fernandez Reyna,2004-08-16,2012-08-16,2004,2012,8,1,0,0,4,Dominican Republic (the),2,59.492135,43,0.01,0.611,0.835,2,2,1,1,98,1,0,1,1,0,4,2,1,0,1.81105292188607,2,2,2.65,2,25,0,2,12,8,2.34943,3605500000,0,0,0.5469,0.697,19.9,0.79,0.789,0.351,0.633,97.6,58.58203605258964,1.8093852103818011,16.55971848478576,48310,21.947,2.168813690886478,5.831,11.6078535420536,12.6806857164572,21.4511189095107,65.8681953740321,86.5832296088198,2.39101004600525,0.699861657175699,5.669685165047132,-0.2942484310843988,2.533,42.49617056510039,87.1128957327589,6.335822167755158,5373.096253391455,29.59218881234075,109.525123596191,20.82,35.82866154539711,71.658,9522948,31.482862842623,5.45828904338704,197.12167253156696,71.3,313,61.392053091284325,4.764
81e30ce8-1e42-11e4-b4cd-db5882bf8def,2004-08-16,0,DOM,Hipolito Mejia,2000-08-17,2004-08-16,2000,2004,3.997262149212868,0,0,0,0,Dominican Republic (the),2,59.881716,39,0.01,0.611,0.835,2,2,1,1,98,1,1,1,1,1,4,2,1,0,2.02407954520309,2,2,3.11,2,25,0,2,8,8,2.2249436,2501200000,0,0,0.5469,0.663,17.9,0.79,0.779,0.354,0.647,90.3,62.87350022216263,2.36061155708051,16.9737114469054,48310,22.972,1.9267229134347004,6.089,16.5155013192612,14.2360097149195,23.1615998264703,62.6023904586101,84.29269728361584,2.39101004600525,0.687618052138186,4.18629057899448,0.1139663046075032,2.664,41.66280273235355,86.6264888057654,7.020472992553918,4272.075232341411,31.8129445090859,107.716453552246,8.86555,33.80480141104599,70.331,9043127,33.3904245732698,5.2122401908101,187.1895466777065,66.003,93,81.35142293819109,6.303
82122a72-1e42-11e4-b4cd-db5882bf8def,2000-03-12,1,ESP,Aznar,1996-05-05,2004-04-17,1996,2004,7.950718685831622,5,6,6,38,Spain,17,27.384527,24,0.58,0.857,0.8955,2,2,1,1,98,1,2,2,2,2,4,1,2,1,5.9741649600146,2,1,2.99,2,25,1,5,22,10,2.6354225,648649651.96857,32809550.8629075,57430240.6400419,0.3546,0.828,31.7,0.039,0.938,0.816,0.891,100,45.780754540112966,15.380378167888797,26.853707414829657,499000,9.8,7.70695494344982,8.9,15.6137261736096,6.68826614631384,30.8266248885092,62.4851152967358,74.10016864550875,4.16604995727539,1.72551798839458,6.770092730421776,9.875132318152726,1.22,34.25637274549098,80.63494268797741,3.745305633548455,23937.968551867485,27.969239840642366,104.224510192871,13.625,39.56135815864429,78.96585365853659,40567864,14.6869070832831,16.7169327929674,81.29832464929859,76.262,75,60.08233374649418,13.785
82125b42-1e42-11e4-b4cd-db5882bf8def,2008-03-09,1,ESP,Rodriguez Zapatero,2004-04-17,2011-12-20,2004,2011,7.67419575633128,3,11,6,40,Spain,18,25.525521,32,0.56,0.857,0.8955,2,2,1,1,98,1,2,2,2,2,4,2,1,0,5.49379443090957,1,1,2.79,2,25,1,5,30,10,2.768695,1840374492.65947,5907756.16502762,104095774.022138,0.3505,0.858,34.6,0.039,0.945,0.816,0.885,100,45.40477483701408,14.255353880585428,25.03608660785886,498800,11.3,7.45778842917758,8.4,19.9830856202046,4.04578701838922,27.8299221146951,68.1242908669157,78.17691952659342,4.52805995941162,1.3676204845066602,4.54012423037454,4.643773593424511,1.45,36.59795108259824,81.80831581898948,2.368456866397907,27025.294943287056,26.290420993906487,102.449981689453,59.6,43.01462319056748,81.17560975609757,45954106,14.7035045362781,16.5229628561542,92.12932237369688,77.976,26,55.98333004368473,11.255
82216cff-1e42-11e4-b4cd-db5882bf8def,2003-04-10,0,EST,Kallas,2002-01-28,2003-04-10,2002,2003,1.1964407939767283,1,1,1,7,Estonia,8,28.294038,13,1,0.844,0.82,2,2,1,1,3,1,2,2,2,2,7,2,2,1,8.82785635493884,2,1,5.42,2,12,1,1,3,9,3.3472013,51207275.0953853,0,0,0.4284,0.826,28.2,0.056,0.911,0.808,0.868,100,47.33728319474422,0.0341961761005999,12.856805850436425,42390,9.5,13.827258666977938,13.2,0.482330938084457,6.23546655607958,30.699502525986,63.0648630225534,24.96882951690601,5.27309989929199,1.7430492952597898,10.514920872001737,2.783758768741412,1.37,53.50386883698985,28.30689004536456,3.460192813113176,12362.248284302395,26.112634494248105,105.654472351074,45.32,48.471656693166686,71.3170731707317,1370720,16.117412006839,16.0110764117008,32.33592828497287,68.989,1021,122.776875234578,11.288
82216cfe-1e42-11e4-b4cd-db5882bf8def,1999-03-25,0,EST,Siimann,1997-03-17,1999-03-25,1997,1999,2.020533880903491,0,0,0,0,Estonia,7,30.933503,9,1,0.866,0.7795,2,2,1,1,3,1,2,2,2,2,7,2,2,1,6.05739665148407,2,1,6.87,2,12,1,1,8,7,3.2463295,2314638.97708072,0,0,0.4178,0.781,24,0.099,0.902,0.807,0.872,100,49.62396061810801,0.0408917488265178,20.26421325784383,42390,9,12.222602651045428,13.4,0.19351717464925,8.58809636754509,31.6286330436655,59.7832705887894,37.84704111326521,6.65249013900757,1.28711336447566,5.660895534509596,1.7999484596429185,1.3,52.73864118895965,32.207305595178816,3.6281471869606414,9091.333194287745,23.843217138422588,100.15892791748,14.50089724,48.126759611702965,70.06341463414634,1390244,18.3886552069703,14.7771444002256,32.79650861052135,69.543,634,144.11645359293288,11.573
82213c2d-1e42-11e4-b4cd-db5882bf8def,1995-04-17,0,EST,Tarand,1994-11-08,1995-04-17,1994,1995,0.4380561259411362,0,0,0,0,Estonia,6,49.7055225,5,1,0.866,0.7795,2,2,1,1,3,1,2,2,2,2,7,2,2,1,4.62351541828519,2,2,5.93,2,12,1,1,4,6,3.0315707,1283825.09832797,0,0,0.4207,0.733,24.2,0.167,0.884,0.803,0.873,100,52.00336883803656,0.0284744461329895,20.61807029959896,42390,9.4,13.201483467605527,14.5,0.0920280685609111,10.1831266225746,34.2279147304526,55.5889586469728,34.53181411647171,5.89866018295288,0.958098327008493,4.592689682118997,0.1735736587442642,1.38,52.42734135409295,28.00473057228363,4.130641262102334,7137.53077576403,27.381450763513765,90.944091796875,2.778968489,47.51207839174298,67.54390243902438,1436634,20.7006246665864,13.5113833869663,33.89087048832272,70.3,350,139.08747367766296,9.659
820d967d-1e42-11e4-b4cd-db5882bf8def,2002-05-05,1,FRA,Chirac,1995-05-17,2007-05-16,1995,2007,11.997262149212867,34,27,33,223,France,31,14.83552,57,1,0.857,0.912,2,2,1,2,98,3,2,2,2,2,7,2,2,1,6.05381001458374,1,1,5.22,1,2,1,5,37,10,2.9239173,10599319442.2809,474142527.298216,323556402.626225,0.3361,0.85,31.1,0.06,0.916,0.803,0.878,100,53.694788551492,45.36568894660182,33.55114533929181,547567,12.9,6.451965352661245,8.8,11.5972761591677,4.13128978526024,25.3971232331946,70.4715830229605,48.65845485499833,5.78097534179688,2.04625799037992,3.433472871458252,3.5301782973357643,1.88,28.33297112499475,52.81353407472164,2.0108588519292696,34146.30626832431,20.649452806316045,100.249298095703,30.18,45.920943770756224,79.26097560975612,61816234,18.5802717763657,16.3557138787457,112.8925483091567,76.38,92,53.07202475833355,8.702
82511d05-1e42-11e4-b4cd-db5882bf8def,2012-05-15,0,FRA,Sarkozy,2007-05-16,2012-05-15,2007,2012,4.999315537303217,9,19,26,100,France,30,15.711229,67,1,0.857,0.912,2,2,1,2,98,3,2,1,2,2,7,2,2,1,5.3964484080949,1,1,5.228457,1,2,1,5,47,10,3.094209,22666366758.9422,52309442.2608494,683065616.973771,0.3292,0.885,24.95294,0.06,0.939,0.822,0.893,100,56.31722887527806,46.45041143204749,33.3877568910634,547557,12.6,5.562527260720926,8.7,14.8273540719154,2.93520140574329,21.7779944966183,75.2868040976384,46.79923106658178,5.48835611343384,1.87108059984757,1.2275966210614946,1.9381944059288287,2.01,30.290545093935428,49.01202707006454,1.6317950367770264,36182.151127581645,17.868550615567568,102.523162841797,81.44,47.82058996352359,81.96829268292684,65662240,18.3159073066943,17.7116185064849,119.91854729279326,78.878,94,59.7020591687875,9.841
8207aca8-1e42-11e4-b4cd-db5882bf8def,2001-06-07,1,GBR,Blair,1997-05-02,2007-06-27,1997,2007,10.151950718685832,11,10,8,72,United Kingdom of Great Britain and Northern Ireland (the),8,13.845163,117,0.61,0.701,0.438,2,2,2,96,98,3,1,2,2,2,7,2,2,1,6.32380979344622,2,1,3.33,1,1,1,5,121,10,3.5284812,4955597475.92235,21790405266.1613,754242816.746858,0.3719,0.869,26.6,0.042,0.872,0.797,0.861,100,52.91583819552519,10.826296437622622,23.3579961145786,241930,11.3,9.49290433321578,10.2,2.49733241275421,1.39233330341523,24.6406484898304,73.9670182067544,-17.241907530709764,4.10014009475708,2.41112210130721,3.3998059098334013,4.6921241438955725,1.63,12.253544413673376,87.82897536435264,0.7596836323818748,39768.66634639711,21.714719470219475,100.935943603516,33.4811,45.53889854386753,77.99268292682927,59119673,18.8694806080063,15.7350698612144,244.36685404869175,78.751,104,52.82161350975234,4.696
8207aca8-1e42-11e4-b4cd-db5882bf8def,2005-05-05,1,GBR,Blair,1997-05-02,2007-06-27,1997,2007,10.151950718685832,21,19,21,143,United Kingdom of Great Britain and Northern Ireland (the),8,12.198743,121,0.61,0.701,0.438,2,2,2,96,98,3,1,2,2,2,5,1,2,1,5.89469179635691,1,1,3.59,1,1,1,5,125,10,3.6050627,6045166080.36334,42319334107.2731,824720994.185042,0.3878,0.895,29.5,0.042,0.902,0.801,0.863,100,51.31580747141453,10.06672703732781,23.68040342247757,241930,12,9.214605748103772,9.6,4.28348161223592,1.37603253648279,22.2144068656745,76.4095640060319,7.861983331544661,4.92976999282837,2.42271607573388,9.934546400495089,6.287814588345654,1.76,12.427148348695903,88.1574477501595,0.5449154923435156,43007.36292458918,20.266752648259263,105.804710388184,70,45.91954203535055,79.04878048780489,60401206,18.0757571969932,15.8372945472417,249.6639771834828,79.915,134,52.68071684054824,4.751
8250ec2e-1e42-11e4-b4cd-db5882bf8def,2010-05-11,0,GBR,Brown,2007-06-27,2010-05-11,2007,2010,2.8720054757015743,20,13,19,125,United Kingdom of Great Britain and Northern Ireland (the),8,11.00954,126,0.6,0.701,0.4495,2,2,2,96,98,3,2,2,2,2,7,2,2,1,5.15195382166637,1,1,3.71,1,1,1,5,130,10,3.7031314,4951404772.71065,10679761690.3373,614535515.578007,0.3486,0.913,30.9,0.042,0.902,0.803,0.867,100,51.44819841003236,8.832406679293467,24.676559335344937,241930,12.9,7.928053504452584,8.9,6.81281342640788,1.21592447666869,19.2102555434201,79.5738199799112,26.57049678681227,5.69867992401123,2.56799960467203,2.684973590100001,2.189009625753392,1.92,12.644153267474062,88.16810567578524,0.586676348245908,42310.749912752006,18.588072634224677,105.673240661621,85,46.19546039982955,80.40243902439025,62766365,17.6278811556178,16.3429416952955,259.4401893109577,81.302,152,59.27277497228876,7.787
82238626-1e42-11e4-b4cd-db5882bf8def,2013-11-17,0,GEO,Saakashvili,2008-01-20,2013-11-17,2008,2013,5.8261464750171115,4,4,5,29,Georgia,9,29.314782,10,1,0.799,0.847,2,96,1,1,98,1,1,1,2,1,5,1,1,1,2.08220709221464,3,3,2.147407,3,3,0,1,9,7,3.018702,1945284852.34,0,40307478.8109824,0.4945000000000001,0.784,17.347,0.091,0.815,0.458,0.621,100,48.01106798049169,16.81110483339594,5.982155705856957,69490,15.102,2.410059209160151,12.783,82.2248732478378,47.3259702109656,10.8157128021693,41.8583169868651,63.36345097121556,3.47322177886963,2.57055243515557,5.974326402988376,0.7266503674914666,2.017,40.61591595913081,68.93449554880915,9.21478687624408,3806.5060064905138,18.033720914270027,110.558212280273,43.3,45.32725421104155,72.628,3717668,18.7752846159789,13.6621876917002,65.0419538822212,56.685,6787,93.81391378955315,19.416
82301d14-1e42-11e4-b4cd-db5882bf8def,2004-12-07,1,GHA,John Agyekum Kufuor,2001-01-08,2009-01-07,2001,2009,7.997262149212868,0,0,0,0,Ghana,4,61.142256,8,0.58,0.573,0.673,96,1,1,1,2,3,1,1,2,1,6,2,2,1,1.57698259205603,2,2,2.44,1,1,0,4,3,8,2.1674016,82371200,2682640.16432038,122536486.17535,0.4923,0.517,19.1,0.63,0.816,0.64,0.736,50.8,78.00208924366162,5.817895165363888,17.305949283642438,227540,34.535,0.3104383349483832,9.476,87.4482530220235,54.5363192972876,14.4763055420737,30.9873751606387,36.77232908086484,7.53558015823364,0.277570912276859,1.5681054699015158,-0.0110191864663877,4.531,37.29602707216314,36.92010970193083,37.95242609300957,1105.6856414138235,24.71675626512197,81.049690246582,1.7168,49.12007311194239,59.191,21906444,40.5597092800639,3.26117511358758,96.27513404236618,46.63,14759,99.67033434721225,6.757
821e907e-1e42-11e4-b4cd-db5882bf8def,2007-09-16,1,GRC,Konstantinos Karamanlis,2004-03-10,2009-10-06,2004,2009,5.574264202600959,6,6,4,40,Greece,13,34.856358,34,1,0.857,0.8955,2,2,1,1,3,1,1,2,2,1,5,1,1,1,6.52204808981861,2,1,3.02,3,13,1,5,32,10,2.8763766,2483241140.54473,5951651.24105624,37610018.0393876,0.3576,0.866,38.9,0.253,0.912,0.808,0.898,100,49.27500418162889,1.7291662888174686,19.91466252909232,128900,10.1,9.59253826297987,9.9,7.32566854299884,10.6127923950427,22.6659063689421,66.7213012360152,66.34261878155647,3.59139657020569,2.67930592141264,0.6137055751281968,1.6495803533798266,1.41,29.568122575640025,93.02602135451424,3.037347756507604,24072.79181886909,17.998358045216804,98.7613906860352,35.88,40.37640210910887,79.43902439024392,11048473,14.3548174422874,18.6547346986891,85.71352211016291,75.199,92,57.52437401929662,8.351
821e5fae-1e42-11e4-b4cd-db5882bf8def,2000-04-09,1,GRC,Simitis,1996-01-22,2004-03-10,1996,2004,8.131416837782341,4,4,0,24,Greece,13,36.120054,27,1,0.857,0.789,2,2,1,1,3,1,2,2,1,2,7,2,2,1,6.6304128260302,3,1,2.64,2,15,0,5,25,10,2.7292109,2193819905.93717,9499661.04137147,73510708.0192537,0.4163,0.818,36.1,0.253,0.897,0.8,0.885,100,46.39168400182349,1.4380196018130218,21.26454615981381,128900,9.6,8.886508070474692,9.7,7.75666822648573,16.754004887632,22.9083685018147,60.3376036358799,63.13240619694037,3.23019003868103,3.4653553200888103,-0.0062820866311514,0.7730236867217907,1.25,27.93040806826998,94.59119325030728,5.435248181352538,18642.721266698947,18.74760260863367,102.308349609375,9.13884,38.75026503268512,77.8878048780488,10805808,14.7900378588398,16.9000731918846,83.83093871217999,72.716,124,58.41567734021292,11.345
81f681c7-1e42-11e4-b4cd-db5882bf8def,2006-08-28,1,GUY,Bharrat Jagdeo,1999-08-11,2011-12-03,1999,2011,12.31211498973306,0,0,0,0,Guyana,1,56.699873,15,1,0.609,0.5355,2,2,1,1,2,3,2,2,2,1,5,1,1,1,2.5927458103106,3,2,2.36772738327862,2,13,0,10,14,6,2.538472,218076000,0,0,0.5529000000000001,0.624,18.7,0.582,0.855,0.376,0.585,73.4,64.19383683393487,0.3865161415518239,2.1336042672085345,196850,22.608,1.7598339590198413,7.297,0,21.9904231075923,24.2478334608363,53.7617434315714,-29.80889606388346,3.11891007423401,0.805815134799291,4.302850066707542,0.22550158651511876,2.797,94.17106426212852,0,34.00026710589654,4079.9998822581015,22.07167914282989,100.3448944091797,8.9,32.74403776503843,65.667,758367,34.9848193652813,4.11159497209466,3.85251206502413,27.582,535,90.9613941465855,10.7
821b5262-1e42-11e4-b4cd-db5882bf8def,2005-01-16,1,HRV,Mesic,2000-02-18,2010-02-18,2000,2010,10.001368925393566,5,3,3,29,Croatia,10,46.170589,6,1,0.894,0.862,2,1,1,1,1,1,1,2,2,1,7,2,1,1,4.15529199466414,2,2,5.93,2,25,1,1,5,9,3.050947,1874468831.81768,681214325.548245,450105224.363993,0.3259,0.806,24.5,0.462,0.918,0.635,0.777,99.9,49.75635009841545,6.898387547021885,15.599313844614397,55964,9.563,5.271237974592502,11.656,54.0706134640423,17.3000432580099,28.6283120575815,54.0716446844086,51.18285297409351,5.36704969406128,1.74564360143634,4.030430544759525,0.5352005307238555,1.5,33.99506825816596,77.03280172412465,3.865423877240175,11523.877156741535,23.766821312829457,100.140830993652,33.14,45.09965903555772,75.24463414634147,4310145,16.0060040434058,17.2188677673553,77.01638553355728,54.315,119154,81.46960257054201,12.598
821781bd-1e42-11e4-b4cd-db5882bf8def,1998-07-06,0,HUN,Horn,1994-07-15,1998-07-06,1994,1998,3.975359342915811,7,4,10,46,Hungary,25,39.173287,9,1,0.625,0.454,2,96,1,1,98,1,2,1,2,2,8,2,2,2,3.75307595299175,2,1,6.66,3,2,1,1,8,10,2.9297185,191846209.84359,412759787.623426,170565102.203998,0.3006,0.755,25.4,0.24,0.871,0.758,0.847,100,47.23683808590117,14.629090173156635,53.663697104677055,89800,9.5,5.98460829663656,13.7,0.578112395805324,7.34182582455089,34.7788689118035,57.8793052636456,51.48222863645461,4.40864992141724,1.2721641748015,6.696509727248189,0.4795883742552065,1.32,21.15496659242762,82.16912861676916,6.036502790721815,8282.398859656507,28.09543362720676,101.99210357666,3.894643278,44.3661175803652,70.5578048780488,10266570,17.3575559378349,14.7246558109317,114.32706013363028,64.829,1243,107.42990062644012,8.925
821781be-1e42-11e4-b4cd-db5882bf8def,2002-05-27,0,HUN,Orban,1998-07-06,2002-05-27,1998,2002,3.890485968514716,8,6,3,47,Hungary,24,37.267412,13,1,0.912,0.627,2,96,1,1,98,1,2,1,1,2,7,2,2,1,3.86849757149899,2,1,2.94,3,2,1,1,12,10,3.0221515,443556552.581679,546401173.388488,289372988.743574,0.3466,0.791,30.4,0.275,0.873,0.761,0.849,100,45.889202360684365,14.693252428661562,51.39477795135014,89620,9.5,5.835100635835146,13.1,0.655474735182676,6.11781150006951,34.1392164689708,59.7429720309597,56.2574642377688,5.17923021316528,1.59377380209258,5.388975930438962,1.7348482286745155,1.3,21.71629100647177,80.79182567751305,4.260795042566308,9825.943198584033,26.807025340746417,101.256103515625,16.67,44.881813253443816,72.34878048780489,10158608,16.2284474062245,15.2263831895102,113.35201963847356,65.081,3515,118.32010916229162,5.608
824d1b8c-1e42-11e4-b4cd-db5882bf8def,2009-07-08,1,IDN,Bambang Yudhoyono,2004-10-20,2014-10-20,2004,2014,9.998631074606434,1,1,4,10,Indonesia,6,62.817954,11,0.01,0.896,0.8085,2,2,1,1,1,3,1,2,2,0,3,0,1,0,1.38634845023829,3,2,9.59,2,13,0,7,10,8,2.3926005,6792907280.44703,13289393269.0858,23502261666.3605,0.4788,0.66,27.8,0.754,0.73,0.533,0.695,93.6,51.38336213850405,0.7646615776185792,12.436625142009214,1877519,20.383,1.7009556413753086,7.386,13.2330616046028,40.4536715345448,18.295618546858,41.2507099185972,-74.39975664619436,3.52513003349304,0.571133891996423,0.9039194196472096,0.4168281513207234,2.459,53.16658846062276,65.52072458112153,15.29014814605604,2569.874212612784,47.652122580800864,112.17903137207,6.92,38.06067689007384,68.494,240981299,28.0756308812162,5.86691168927594,128.35092427826297,49.134,18207,45.51212136836037,6.106
824d1b8b-1e42-11e4-b4cd-db5882bf8def,2004-10-20,0,IDN,Megawati Sukarnoputri,2001-07-24,2004-10-20,2001,2004,3.241615331964408,1,1,2,8,Indonesia,5,65.971078,6,0.01,0.896,0.8085,2,2,1,1,1,3,1,1,0,0,1,1,0,0,1.39653329969048,4,3,8.55,2,13,0,7,5,8,2.2753305,1866314989.57746,25574747340.0213,19179399262.7256,0.4121,0.621,28.7,0.759,0.716,0.534,0.698,89,53.08369036539645,0.6622892872726072,12.35673247514406,1877519,20.701,1.5875871052486628,7.995,13.6065178133036,43.3299517500336,18.0046423956657,38.6654048270675,-50.17429110757024,2.74847006797791,0.945714621727218,0.7382439798875625,1.3269122652577097,2.418,53.59822190880625,64.31644718231843,14.335780295564184,2083.8825089786965,44.62761597546016,111.60619354248,2.60029,35.98745371231271,65.75,225938595,29.22273755226,5.45351692891052,120.33891268210868,45.149,27919,59.76129483669104,7.303
8247c43f-1e42-11e4-b4cd-db5882bf8def,2009-04-16,1,IND,Manmohan Singh,2004-05-22,2014-05-26,2004,2014,10.009582477754963,1,1,2,8,India,7,56.094589,60,0.77,0.295,0.4995,2,1,1,1,3,3,1,1,2,1,0,0,1,0,0.907436548201092,3,2,7.74,1,1,1,8,42,9,1.9437454,49203912008.5506,6398426270.87953,16902990488.2784,0.5183,0.562,24,0.55,0.688,0.541,0.684,75,57.28110817505637,2.020894335248908,53.116013440109775,2973190,21.934,1.3431516500733354,7.479,15.6600552489802,51.6067057038206,21.3716414500999,27.0216526083686,27.45267630128473,3.27824997901917,3.12938472737472,2.651590332354796,1.199472947304633,2.673,23.31014835916978,71.14349792019247,16.744270156316084,1156.880665926642,31.12137211167441,113.051681518555,5.12,25.804964395871533,66.513,1223640160,31.4138867963495,5.00568627340806,411.5580100834457,30.587,19496,46.27286964288373,8.406
8247c43f-1e42-11e4-b4cd-db5882bf8def,2014-05-16,0,IND,Manmohan Singh,2004-05-22,2014-05-26,2004,2014,10.009582477754963,1,3,6,16,India,7,51.645833,65,0.234,0.295,0.5055,2,1,1,1,3,3,0,1,1,0,0,0,1,0,1.03956514947018,3,2,6.485409,1,1,1,8,47,9,2.054732,70388642796.5471,5228449819.33907,27723937829.3449,0.5713,0.611,30.9051,0.575,0.671,0.494,0.621,85.1,52.89442861752701,2.667720546657545,52.6246220389548,2973190,19.049,1.7161730282348762,6.79,16.2538398153488,45.2375993481647,24.8832687203732,29.8791319314622,34.305523751201925,3.89878034591675,2.54398176462257,1.695659589907442,0.5731121170060062,2.306,23.73262388209297,73.5769790878008,16.791934514497704,1490.0285076296348,27.656401202634097,111.584541320801,13.5,24.80129212875532,69.074,1307246509,29.1379758046843,5.45741728961083,439.6780928901281,32.384,10431,48.92218574704886,7.992
8247c43c-1e42-11e4-b4cd-db5882bf8def,2004-05-22,0,IND,Vajpayee,1998-03-19,2004-05-22,1998,2004,6.176591375770021,0,0,1,1,India,7,62.2457,55,0.78,0.295,0.4995,2,1,1,1,3,3,1,2,1,1,0,0,1,0,0.775596862036262,3,2,7.59,1,1,1,8,37,9,1.8416452,18750377106.6241,9577116923.48351,11957970702.1757,0.4538,0.523,25.6,0.535,0.68,0.577,0.73,64.4,61.96232144656523,2.020142462706657,53.70696121001348,2973190,24.728,1.0268672608974558,8.04,14.4825005007376,54.4443254272337,17.994375700714,27.5612988720523,21.380638358336224,3.35254001617432,2.82875224798105,0.765596855110284,0.2590503919345757,3.046,22.989785382030743,65.58374371212534,17.81469064879936,892.3821034885001,29.219106305293003,94.2771072387695,1.97614,26.57873020729522,64.524,1136264583,33.5195711631188,4.7376734085885,382.1701885853242,28.903,13335,37.50381405944698,8.551
8208a0d4-1e42-11e4-b4cd-db5882bf8def,2002-05-17,1,IRL,Ahern,1997-06-26,2008-05-07,1997,2008,10.863791923340179,0,1,0,2,Ireland,2,17.107311,81,0.01,0.857,0.8955,2,1,1,1,98,3,2,2,2,2,8,2,1,2,6.78516834564798,1,1,4.13,2,28,1,5,81,10,2.8906188,316105773.9,146616766.743876,0,0.3645,0.868,34.1,0.052,0.884,0.816,0.89,100,47.459975825544895,0.7544433033194696,7.522136739730004,68890,15.4,11.404172029785752,7.5,5.5629352332649,7.03106041893429,27.6242023175204,65.3447372635453,89.2733634919119,4.10487985610962,0.6340137203860811,22.80303312947077,8.573641858610594,1.97,9.411583684134127,91.45913917807742,1.7353084894094022,45245.80851289727,35.105250232771986,102.821228027344,25.85,41.61295439142911,77.63414634146342,3931947,21.0835698461132,11.1014102174805,57.075729423718975,59.649,5,163.71935436000206,4.216
8208a0d4-1e42-11e4-b4cd-db5882bf8def,2007-05-24,1,IRL,Ahern,1997-06-26,2008-05-07,1997,2008,10.863791923340179,0,1,0,2,Ireland,2,14.59134,86,0.01,0.857,0.912,2,1,1,1,98,3,2,2,2,2,7,2,1,1,6.42854340456338,1,1,3.77,2,28,1,5,86,10,2.978105,589415066.856384,129518434.391409,0,0.3689,0.904,29.4,0.052,0.882,0.822,0.896,100,44.85246685455916,1.5220500312705425,6.756423283495428,68890,16.2,10.62973778694968,6.4,10.0333967752361,5.44098362518608,25.7689798979557,68.7900364768582,90.67819743790513,4.71541023254395,0.5087547941612209,22.19154150302474,20.706463473038596,2.01,10.064944113804616,90.93178230378784,1.0432228655128166,52012.045412525535,28.52657243644264,103.308532714844,61.1583,43.016682533594505,79.64146341463415,4398942,20.2854053617638,10.6788354785985,63.854579764842505,60.94,9,153.39686381339496,4.98
8250ec30-1e42-11e4-b4cd-db5882bf8def,2011-03-09,0,IRL,B. Cowen,2008-05-07,2011-03-09,2008,2011,2.836413415468857,0,1,2,4,Ireland,2,13.55503,90,0.01,0.857,0.8955,2,1,1,1,98,3,2,2,2,2,6,2,1,0,5.21961899604455,1,1,4.43,2,28,1,5,90,10,3.0485628,756001122.977538,51520458.3151663,0,0.3436,0.906,30.68478,0.036,0.894,0.825,0.899,100,49.51612181880088,3.3943671340998938,6.664827986645376,68890,16.2,8.065288758896125,6.2,19.9639228390517,5.72373862696443,17.4520131273513,76.8242482456842,87.18399147432761,5.82428979873657,0.544777356237159,9.908972338867168,-0.6368078878982119,2.03,10.556510378864855,88.32246225270899,1.2070880102083352,46635.34458522722,24.091176323361243,103.378677368164,74.89,45.09816928458896,80.74634146341464,4580084,21.3799710903353,11.7376033144233,66.48401799970968,61.742,7,187.71111480779837,15.354
82087002-1e42-11e4-b4cd-db5882bf8def,1997-06-26,0,IRL,Bruton,1994-12-15,1997-06-26,1994,1997,2.529774127310062,3,0,1,13,Ireland,2,19.614463,76,0.01,0.363,0.5515,2,1,1,1,98,3,2,2,2,2,8,2,1,2,6.70369321871697,1,1,3.95,2,28,1,5,76,10,2.817542,314160644.5,274992577.473931,0,0.3406,0.803,29.6,0.064,0.879,0.807,0.882,100,52.17815032215203,0.5297725707446491,6.166352155610393,68890,14.4,10.13534753826101,8.6,4.10889329066992,10.9127961431284,28.5496356343897,60.5374999060649,76.15101187517232,5.50121021270752,0.92406612738302,2.4485636945283384,0.9170137959790018,1.93,8.415502975758454,89.30314854842192,3.906744264890935,33012.33362841725,29.695471930849603,79.9895706176758,4.08825507,39.14328195626749,75.98536585365855,3674171,22.9354422207876,11.3521146106616,53.333880098708086,58.419,25.5,142.26949690975147,10.192
82530557-1e42-11e4-b4cd-db5882bf8def,2013-05-23,0,ISL,Sigurdardottir,2009-02-01,2013-05-23,2009,2013,4.303901437371663,0,0,0,0,Iceland,2,7.414604,96,0.777,0.828,0.676,2,2,1,1,1,3,2,2,2,2,8,2,1,2,25.8613482188435,1,1,5.822688,2,25,1,5,60,10,3.1249852,207340817.940198,0,0,0.2948,0.942,42.147,0.012,0.922,0.782,0.865,100,50.71619099047096,34.833617305932094,1.2089775561097258,100250,13.4,11.539887078242176,6.7,99.9724000883197,4.44514967635327,18.6358139865726,76.919583499762,10.438919724940943,7.44868993759155,1.6762002292062002,2.9308885093865413,3.268927421223712,1.93,0.4664738154613466,10.40420686553414,5.843717220460938,50946.81626253389,21.08294923209297,98.7876205444336,96.5468,47.64115504386079,82.06097560975611,323764,20.5754503131708,13.0747829253652,3.22956608478803,93.633,25.5,98.78952360237211,5.376
824147f4-1e42-11e4-b4cd-db5882bf8def,2001-03-07,0,ISR,Barak,1999-07-06,2001-03-07,1999,2001,1.6700889801505818,0,0,0,0,Israel,6,30.029227,54,0.58,0.463,0.573,2,2,1,1,2,1,1,2,1,2,2,0,2,0,5.91380744742154,3,1,9.74,2,25,1,3,20,6,3.3258748,195600000,1887759.27108735,954199.948379547,0.5118,0.838,37.8,0.124,0.86,0.691,0.763,100,61.07389937421577,3.275442854469801,15.804066543438076,21640,21.2,9.20423978878708,5.8,0.0455052217241929,2.02718758247911,23.4357026747694,74.5371097427515,96.48646934701642,6.19316005706787,6.5080631231006105,1.3156231175259228,0.5104882112999304,2.92,7.074861367837339,97.15410337817345,1.7649880740846309,28733.941260550106,21.704800578008665,97.6406097412109,17.3786,45.000519835226285,79.40731707317074,6439000,27.9050981551406,10.0115950959782,297.550831792976,91.267,361,63.1227642159304,11.812
82411722-1e42-11e4-b4cd-db5882bf8def,1999-07-06,0,ISR,Netanyahu,1996-06-18,1999-07-06,1996,1999,3.047227926078029,0,0,0,0,Israel,6,30.629064,52,0.58,0.463,0.573,2,2,1,1,2,1,1,2,1,1,3,0,1,0,5.40406788746076,2,1,9.74,2,25,1,3,18,6,3.296786,174200000,1781238.89071657,748692.067178527,0.5092,0.835,37.8,0.12,0.854,0.698,0.772,100,61.86001869912641,3.225167531505394,15.388170055452866,21640,21.5,8.97265306122449,6.1,0.0841514726507714,2.36866012848065,24.8704359666569,72.7609039048625,96.41869521058868,6.2209300994873,6.53012330164809,3.431937801756636,0.6857259819799041,2.965,6.973197781885397,97.1662216791979,1.7441298703417782,27704.02159742164,22.948242859144287,101.027770996094,13.43612191,44.40801654981325,78.65853658536587,6125000,28.2480087045769,9.97020731093704,283.0406654343808,91.139,473,65.69298073050912,11.183
8240e643-1e42-11e4-b4cd-db5882bf8def,1996-06-18,0,ISR,Peres,1995-11-04,1996-06-18,1995,1996,0.621492128678987,0,0,0,0,Israel,6,31.782428,49,0.59,0.463,0.573,2,2,1,1,2,1,1,1,1,2,5,1,2,1,5.19816231416115,3,1,5.85,2,25,1,3,15,6,3.243878,157600000,1957301.85443409,914353.313654338,0.5054000000000001,0.814,37.5,0.12,0.838,0.698,0.772,100,63.51688860569965,3.0517307308523995,15.526802218114602,21640,21.3,9.00838018271258,6.1,0.0737757830991977,2.53990415607315,28.1592878485279,69.3008079953989,96.50705404090368,5.58701992034912,7.72965418733875,1.2201122195104628,0.7118412927657134,2.9,6.682070240295748,97.252904736047185,1.9133856283852928,26698.23157404486,23.987036240149887,99.5036773681641,2.1683676,43.1794000349032,78.1048780487805,5692000,28.8771597014483,9.96707435526218,263.0314232902033,90.943,1121,58.85461667712758,8.455
8219cbb6-1e42-11e4-b4cd-db5882bf8def,2006-05-17,0,ITA,Berlusconi,2001-06-11,2006-05-17,2001,2006,4.930869267624915,19,15,22,128,Italy,13,33.101159,61,1,0.857,0.8955,2,1,1,1,3,2,2,2,2,1,6,1,2,1,5.84451070315214,1,1,5.69,2,13,1,5,58,10,2.904554,4075828470.64871,3114614439.8477,3081233668.47623,0.352,0.874,35.1,0.233,0.911,0.779,0.856,100,51.73969503139223,2.4366849408617943,24.94268187935804,295718,9.6,8.376239610295675,9.6,16.456444939891,4.27257924756058,30.0505512774362,65.6768694750032,83.71512533565478,4.52545022964478,1.52134332564687,2.9235174702035582,3.024335614524857,1.37,29.638114690346885,89.19087872196356,1.94583994660095,33751.7000191328,23.40095246510758,103.77815246582,37.99,40.5143948440316,81.28292682926829,58143979,14.114409021011,19.9832575453702,196.61968158854043,67.856,106,53.16817918462371,6.777
35aed4f8-3bbd-11e5-afeb-eb6f07f9fec7,2008-05-08,0,ITA,Prodi,2006-05-17,2008-05-08,2006,2008,1.9767282683093772,0,0,0,0,Italy,14,35.811941,63,1,0.857,0.8955,2,1,1,1,3,2,2,2,2,1,7,2,1,1,5.47673319313897,2,1,3.82,2,13,1,5,60,10,2.9502625,7354812945.4454,3216225222.42848,3882148929.20246,0.3379,0.878,34.8,0.271,0.92,0.771,0.858,100,52.2080658871152,2.773108863964593,25.35523708397865,295718,9.8,7.899682543978178,9.9,18.5511933581478,3.69907769030736,29.8006119095811,66.5003018184109,81.88238606319652,4.38794994354248,1.5356747965255702,-0.3944764955899788,2.810849825096672,1.45,30.08366754813708,86.84215310440152,1.874623633616768,33530.36014495967,23.601376418651675,102.942947387695,44.53,41.023400285525895,81.48536585365855,58826731,14.0814050452341,20.2190544364795,198.9284757775989,68.092,57,54.492875798818766,6.723
825028d3-1e42-11e4-b4cd-db5882bf8def,2012-01-05,0,JAM,Holness,2011-10-23,2012-01-05,2011,2012,0.2026009582477755,0,0,0,0,Jamaica,1,49.182204,51,0.24,0.383,0.481,2,2,1,1,98,3,2,2,2,1,5,2,2,1,1.81381820041611,3,2,2,1,1,0,10,53,9,2.5632749,2168136683.48151,0,0,0.5332,0.716,14.3585,0.171,0.883,0.669,0.79,93.1,45.3349138675553,0.6259032775325116,11.080332409972298,10830,15.037,2.528935795380636,5.813,10.924158714214,18.1092550475344,15.4897655085876,66.400979443878,81.95419982935874,6.11246013641357,0.929536056664277,2.791456958947211,0.607050152931269,1.696,52.26722068328717,80.82174271443803,5.77144048591992,5033.358616029319,17.99386055827219,100.956787109375,33.79,44.38834129527726,73.433,2759817,25.1484246962752,6.04496602492122,254.83074792243767,54.132,1404,82.0400783486515,8.695
2b37a44f-3481-11e4-8dba-bbcd9ed46413,2007-09-11,0,JAM,Simpson-Miller,2006-03-30,2007-09-11,2006,2007,1.4510609171800137,0,0,0,0,Jamaica,1,51.239749,46,0.22,0.383,0.481,2,2,2,1,98,3,2,2,2,2,5,2,2,1,2.1778229941077,3,2,2,1,1,0,10,48,9,2.5569203,2122091021.47486,0,0,0.5641,0.703,14.9,0.174,0.88,0.65,0.77,89.4,52.67225232211267,0.3865161415518239,11.542012927054476,10830,16.673,4.517956879500048,6.501,4.96997998665777,17.6410206824867,18.0604201073448,64.2985592101685,90.32654003495826,5.49022006988525,0.65245791026588,6.343185906819386,0.471938269768728,1.908,50.52770083102492,90.32654003495828,4.617606409885822,5440.124846342383,21.31539962422315,95.0590972900391,21.1,44.10009391866563,71.418,2701221,28.9430594534842,5.55717210846502,249.4202216066482,53.184,766,101.24442206243678,6.614
8254eda9-1e42-11e4-b4cd-db5882bf8def,2009-09-16,0,JPN,Taro Aso,2008-09-24,2009-09-16,2008,2009,0.9774127310061602,9,8,8,60,Japan,4,22.543659,58,0.49,0.424,0.3665,2,1,1,1,3,3,2,2,2,2,7,2,2,1,4.32439703370287,2,1,3.15,3,1,1,6,57,10,3.481891,1594532177.55192,786837647.891373,132374779.707098,0.2593,0.9,32.7,0.108,0.822,0.775,0.851,100,57.39122450537374,17.05702974815535,11.780521262002743,364500,8.5,9.063720352683,9.1,9.14571650806042,4.06416270357774,26.3823917339491,69.5534455624731,80.36108289264385,3.5559778213501,0.9729695655055248,0.2311463746337371,1.392895599181432,1.37,68.46913580246914,81.22805604231299,1.0823165064581777,31651.083773985338,27.111212223581767,99.8385391235352,78,41.80252203144663,82.93146341463415,128047000,13.2981664531406,23.1658899836292,351.2949245541838,89.989,148,24.390166533855524,5.068
82551e7a-1e42-11e4-b4cd-db5882bf8def,2012-12-26,0,JPN,Yoshihiko Noda,2011-09-02,2012-12-26,2011,2012,1.3169062286105406,7,14,17,73,Japan,4,19.630015,61,0.49,0.424,0.3665,2,1,1,1,3,3,2,2,2,2,6,2,2,0,4.75512755252483,2,1,5.793743,3,1,1,6,60,10,3.518576,2539577664.61313,467258501.094105,210156318.197718,0.264,0.906,31.27932,0.108,0.804,0.77,0.847,100,60.39257996973667,2.649811404353303,11.648834019204388,364500,8.2,10.269671469650316,10,11.1942473822485,3.7525227767779,25.4775630837768,70.7699157324971,93.82704712482813,3.41945004463196,0.956761841659896,0.0087202015018961,1.8754072906794053,1.41,68.46968449931413,94.62155285384954,1.1228539624480518,33518.44493689205,26.56264142822804,99.8385391235352,79.4964,42.08414856236388,83.09609756097561,127629000,13.0055239900687,24.6474521902233,350.1481481481481,91.148,173,30.47091091717523,4.358
8232670f-1e42-11e4-b4cd-db5882bf8def,2007-12-27,1,KEN,Mwai Kibaki,2002-12-31,2013-04-09,2002,2013,10.272416153319645,1,4,2,14,Kenya,3,68.601007,6,0.22,0.507,0.6325,2,2,1,1,1,3,0,1,0,0,3,1,1,0,1.09423799253406,3,4,2.38,1,1,0,4,5,7,2.0941637,645207871.37258,0,0,0.5383,0.54,14.1,0.769,0.633,0.354,0.51,28.3,84.7195990566851,1.8770537065359092,9.312295744456549,569140,38.098,0.2642756974805946,8.457,71.6005556413027,41.2973213212757,12.800374761334,45.9023039173903,16.139159464810454,3.8420401811599696,1.54791227998168,2.28124317373484,0.1127496573673974,4.719,6.535817197877498,16.643511314174866,20.58666446029909,1309.8956390118844,19.302168081515365,108.052001953125,4.4,48.95366995759128,58.865,38036793,43.7406007948593,2.12329149143447,66.83205011069333,22.42,7544,53.89478880460585,2.65
8249ac90-1e42-11e4-b4cd-db5882bf8def,1999-12-21,1,LKA,Kumaratunga,1994-11-12,2005-11-19,1994,2005,11.019849418206707,0,0,0,0,Sri Lanka,4,52.376747,6,0.01,0.576,0.481,2,2,1,1,98,3,2,0,1,2,2,1,0,0,1.14566188066254,4,3,2.31,2,13,0,8,51,5,2.8255365,1064301778.3232,0,0,0.4857,0.693,22.1,0.425,0.603,0.343,0.534,64.4,52.05033789941248,3.730644304291231,14.431510125976718,62710,17.703,0.5363192058278737,6.657,67.480595084088,39.7214566236399,22.2477301839783,38.0308413451387,39.846754140367,2.89752995967865,4.0301638395602,1.1267659498218316,0.1532926508391329,2.138,34.83991388933185,39.83703209689663,20.728480943756708,1908.866425211767,27.36132373325329,94.2771072387695,0.348414425,33.22169236371407,72.618,18670411,27.1363301232006,7.09597911111922,297.7262159145272,18.396,116698,78.75147834963737,8.88
823a9ad3-1e42-11e4-b4cd-db5882bf8def,2002-05-25,1,LSO,Mosisili,1998-05-29,2012-06-08,1998,2012,14.028747433264886,0,0,0,0,Lesotho,2,45.628511,1,0.01,0.644,0.5575,2,1,1,1,2,3,2,2,2,2,7,2,2,1,1.3147856126151,3,2,2.77818810072588,3,1,1,4,9,8,2.1221366,388679066.319247,0,0,0.5513,0.449,8.6,0.578,0.728,0.38,0.499,3.4,75.03174176181894,0.6898849204712305,9.881422924901186,30360,29.501,0.1935886948607633,18.368,100,43.5372406415372,25.2501216881502,31.2126376703126,43.314645238693906,10.1004495620728,2.5163929527429003,3.659717448594521,0.14595174066455335,3.677,1.137022397891963,56.65302916965624,6.395312832705715,758.9471560481326,38.70013562959068,118.3701171875,1.08394,47.43533712558358,45.595,1997534,38.3657145174286,4.50180184712797,65.79492753623188,20.597,5,69.0950161313738,16.045
823a9ad3-1e42-11e4-b4cd-db5882bf8def,2007-02-17,1,LSO,Mosisili,1998-05-29,2012-06-08,1998,2012,14.028747433264886,0,0,0,0,Lesotho,2,44.270833,6,0.01,0.644,0.5575,2,1,1,1,2,3,2,2,2,2,6,2,1,1,1.39360119557855,3,2,2.72013553673742,3,1,1,4,14,8,2.1690433,638151924.237823,0,0,0.5325,0.45,10.9,0.571,0.789,0.423,0.573,13.9,70.1654069542986,0.6898849204712305,10.704874835309615,30360,29.699,0.272704585157792,20.662,100,34.3538344722855,31.1201767101539,34.5259888175606,43.314645238693906,3.8420401811599696,2.36815458611088,4.495417243230264,0.14595174066455335,3.441,1.137022397891963,0,4.889986800022586,913.151554868226,39.12586171206971,121.089477539062,3.44543,46.49627792716684,43.123,1983465,36.8115898188272,4.42205937589017,65.33152173913044,23.304,5,165.04894883337195,15.905
823a9ad3-1e42-11e4-b4cd-db5882bf8def,2012-05-26,0,LSO,Mosisili,1998-05-29,2012-06-08,1998,2012,14.028747433264886,0,0,0,0,Lesotho,2,44.113621,11,0.01,0.644,0.5575,2,1,1,1,2,3,2,2,2,2,6,2,1,1,1.56474044608684,3,2,3.69046028195633,3,1,1,4,19,8,1.9303881,554558344.01544,0,0,0.5137,0.489,17.666808,0.56,0.812,0.457,0.585,20.6,66.10165518077646,0.6898849204712305,9.26548089591568,30360,29.054,0.2815958199616687,17.019,100,31.4670309559737,33.1082377368708,35.4247313071555,43.314645238693906,7.67000007629395,2.1482282400353903,2.286501696673914,0.14595174066455335,3.305,1.137022397891963,56.65302916965624,4.895308671881295,1075.6232973802,30.817939818283584,116.668398755341,10,45.17077508887474,47.835,2054718,35.6485415516874,4.14735744759135,67.67845849802372,25.704,5,150.2085753584383,15.733
820b4c7b-1e42-11e4-b4cd-db5882bf8def,1999-06-13,1,LUX,Juncker,1995-01-20,2013-12-04,1995,2013,18.872005475701574,0,0,0,0,Luxembourg,4,13.381285,110,0.78,0.857,0.929,2,2,1,1,98,3,2,2,2,2,8,2,2,2,15.5786083144418,1,1,4.62,2,17,1,5,54,10,2.856011,651565786.914857,0,0,0.3949,0.861,29.1,0.055,0.871,0.792,0.876,100,49.19695835412854,5.124006137616878,17.262481822588462,241930,13,18.969278123003654,8.8,33.8888888888889,1.95220937487704,21.9841372448721,76.0630912698636,98.29009829777031,5.50121021270752,0.57140192589808,2.030641506788335,1.6866264502348185,1.74,29.638114690346885,83.01312235275314,0.7135571329214052,87695.33957586001,17.253326749647005,98.45556640625,17.3879578,39.87599461512362,77.77073170731708,430475,18.927747505814,14.0468640277071,70.98192366238393,83.448,25.5,239.9224995776912,2.39
820b4c7b-1e42-11e4-b4cd-db5882bf8def,2004-06-13,1,LUX,Juncker,1995-01-20,2013-12-04,1995,2013,18.872005475701574,0,0,0,0,Luxembourg,4,11.02292,115,0.78,0.857,0.929,2,2,1,1,98,3,2,2,2,2,8,2,2,2,15.1543884829337,1,1,4.26,2,17,1,5,59,10,2.967642,1178139806.67344,0,0,0.4109,0.881,26.2,0.055,0.881,0.791,0.875,100,48.46221156339124,0.7816656272134888,24.082720259782636,2574.46,11.9,25.933922003077964,7.8,5.76581904198699,1.96041091942191,18.8542224235188,79.1853666570593,97.99401814462026,4.9162769317627,0.611235470879585,14.771614185969607,19.316198982673296,1.66,33.98771004404807,91.25833829805936,0.5354320049598809,100292.56847916194,15.43934602054312,99.0978927612305,65.88,42.12722551928783,79.1219512195122,458095,18.6765285716002,13.9662748190485,177.93828608717945,86.177,25.5,265.22688485563737,5.113
820b4c7b-1e42-11e4-b4cd-db5882bf8def,2013-10-20,0,LUX,Juncker,1995-01-20,2013-12-04,1995,2013,18.872005475701574,0,0,0,0,Luxembourg,3,7.249649,124,0.777,0.857,0.929,2,2,1,1,98,1,2,2,2,2,8,2,2,2,13.2918115369392,1,1,4.850084,2,17,1,5,68,10,3.317525,1921579735.11739,538218.370427013,0,0.3603,0.922,28.139576,0.026,0.882,0.797,0.88,100,44.71346807892977,2.507307257850985,24.257514197152023,2574.46,11.3,18.99919022379269,7,20.0108166576528,1.58599284103206,12.0433977746154,86.3706093843525,96.62699351544325,4.686607837677,0.358492375793951,35.73290347119341,71.50043382192935,1.55,34.45382721036644,84.5060018141859,0.2619071969564649,105338.95605928342,10.442941976644263,97.7293472290039,93.7765,44.41738066552029,81.80000000000001,543360,16.9229126136718,13.9751098164034,211.05785290895955,89.574,25.5,320.53350631676807,5.848
8222304e-1e42-11e4-b4cd-db5882bf8def,2002-11-07,0,LVA,Berzins,2000-05-05,2002-11-07,2000,2002,2.507871321013005,1,1,1,7,Latvia,7,43.716207,10,1,0.887,0.797,2,2,1,1,1,1,1,2,2,1,7,2,2,1,4.81168498126672,2,1,6.78,2,26,1,1,11,8,2.8828144,112559795.755365,0,0,0.375,0.784,28.3,0.171,0.931,0.709,0.817,99.8,47.748002993112,6.430585501653398,15.636299355585196,62227,8.7,3.3025665177456407,14.1,62.5157232704402,16.2287460025884,25.5346072282865,58.2366467691251,60.497099496002136,5.60254001617432,1.54220827552533,1.675109058675373,-0.4889130799602602,1.26,52.50492551464798,63.41260313789607,4.4988410567468815,7847.6453679246915,22.605311570458813,104.02027130127,21.94,49.04116040060685,70.96097560975612,2310173,16.2933163209156,16.0238575083916,37.12492969289858,67.85,3080,83.20634424034645,13.829
8221ff7b-1e42-11e4-b4cd-db5882bf8def,1995-12-21,0,LVA,Gailis,1994-09-19,1995-12-21,1994,1995,1.2539356605065024,0,0,0,0,Latvia,7,49.7055225,3,1,0.48,0.6665,2,2,1,1,1,1,1,2,2,1,5,2,2,0,3.13522698235923,2,2,9.61,2,26,1,1,4,8,2.7205162,380241218.113463,0,0,0.3359,0.696,26.7,0.35,0.9,0.678,0.803,100,51.38952347185315,6.166509163955623,16.10233499927684,62227,8.7,3.69396102140153,15.7,73.8125157074642,21.1140411228379,27.3881893401824,51.497870417261,68.84855568244443,4.369454860687259,0.805656844387504,4.215470329268055,-0.0095869350093377,1.25,51.53711411445192,66.42518378277592,7.841699272565938,4969.823079858255,26.771243678462763,83.8640899658203,0,47.66535139945389,66.39121951219514,2485056,20.5142072419494,13.4310228136446,39.93533353688913,68.75,158,73.8670625276985,19
8221ff7d-1e42-11e4-b4cd-db5882bf8def,1998-11-26,0,LVA,Krasts,1997-08-07,1998-11-26,1997,1998,1.3032169746748803,0,0,0,0,Latvia,7,45.408508,6,1,0.48,0.7635,2,2,1,1,1,1,1,2,2,1,6,2,2,0,3.55067482649304,2,1,6.94,2,26,1,1,7,8,2.7856574,49400000,0,0,0.3656,0.736,27.7,0.328,0.927,0.697,0.813,100,50.13621177395511,6.666564013832837,17.018336092050074,62227,7.6,3.4683543988657357,14.2,74.4868035190616,19.0284175522158,27.051304677167,53.9202777706172,59.10135071139315,5.80772018432617,0.587847986496102,5.182608478790554,0.9558661303100512,1.09,51.864946084497085,64.99382050115157,3.820551635962495,6084.2850108533885,25.77499457574873,101.629959106445,3.315267886,48.41157731265469,69.01219512195122,2410019,18.9577015656265,14.4361230814466,38.72947434393431,68.451,1014,90.55357289819617,14.454
8252a3ab-1e42-11e4-b4cd-db5882bf8def,2009-09-14,0,MDA,Greceanii,2008-03-31,2009-09-14,2008,2009,1.4565366187542779,0,0,1,1,Moldova (the Republic of),16,56.314987,19,1,0.688,0.8035,2,2,1,2,3,1,0,1,2,0,4,1,0,0,1.55117559228401,4,3,3.7,2,25,1,1,18,9,3.0219195,1352350000,0,0,0.3728,0.713,19.5,0.771,0.872,0.359,0.455,99.2,40.44851951795181,0.8788572635438194,55.24475524475524,32890,14.342,2.663781017327508,12.093,5.77605679251371,51.1390579773898,13.1135394931163,35.7474578625185,95.94133944045088,9.5097599029541,0.457886649076119,4.852710535892364,-0.0878767857310407,1.704,11.294922468835512,92.64322527319298,8.497462750292268,2116.9435754409674,17.162874087145376,100.952880859375,27.5,52.55595934060147,69.573,2865213,18.107583893020202,10.6919536443932,99.739374107982,42.651,5928,110.36332685049462,3.024
823b2d4c-1e42-11e4-b4cd-db5882bf8def,1997-02-09,0,MDG,Ratsirahonana,1996-09-05,1997-02-09,1996,1997,0.42984257357973993,0,0,0,0,Madagascar,2,57.934644,5,0.01,0.715,0.5575,2,2,1,1,98,1,2,2,2,1,7,2,2,1,1.22872482547544,4,2,5.65735654358144,2,13,0,4,5,9,1.4829789,12184519.9501134,0,0,0.4695,0.493,11,0.82,0.637,0.281,0.507,10.9,92.22961411658017,0.6898849204712305,4.986759294287581,581540,43.181,0.1008802886114077,11.569,66.5546114348086,78.8547796480776,8.71412069081318,12.4311148566408,43.314645238693906,1.53846001625061,1.48191235942607,0.328537056882296,-0.0355151837025409,5.801,22.749086907177496,56.65302916965624,33.79806822316848,457.7743232615473,22.77523996626228,101.223518371582,0.014333647,48.57984719566742,56.223,14778903,45.1430408990113,2.83583642290082,25.41339030849125,26.321,74,36.87374778194406,5.963
821b218c-1e42-11e4-b4cd-db5882bf8def,2002-11-01,0,MKD,Georgievski,1998-11-30,2002-11-01,1998,2002,3.920602327173169,0,0,1,1,North Macedonia,5,56.493024,12,1,0.872,0.5485,2,1,1,1,1,1,2,2,1,2,5,2,1,0,2.85557388287222,3,3,4.13,2,25,1,1,0,9,3.018702,105902711,0,0,0.3032,0.684,23.3,0.576,0.784,0.398,0.523,99,47.25990300554515,2.5972844698820685,19.622493118364137,25430,13.7,4.301546859971775,8.9,12.4281727138401,23.9235287287197,33.2982091885456,42.7782620827347,40.13179995370581,3.30014991760254,2.64559751876128,2.8417888915258023,0.2170881037021467,1.789,37.67699567440032,88.40655003432497,10.170120774534864,3240.11064526089,19.37806722071614,99.6265335083008,17.33,39.72618924190876,73.03902439024391,2020157,21.998298088328,10.0945786315642,79.4399134880063,58.13,8102,71.53348467211434,31.94
821b218f-1e42-11e4-b4cd-db5882bf8def,2006-08-27,0,MKD,Vlado Buckovski,2004-12-17,2006-08-27,2004,2006,1.6919917864476386,0,0,0,0,North Macedonia,5,55.236796,16,1,0.872,0.8295,2,1,1,1,1,1,1,2,2,0,5,1,1,0,3.26258321600005,3,3,5.29,2,25,0,1,4,9,3.018702,266556404,0,0,0.3157,0.712,22.6,0.552,0.86,0.453,0.6,99,44.74703398380286,4.768287981863276,17.26307510813999,25430,11.1,4.837067082120076,9.1,23.5512417927491,19.0413297569641,33.02746275748,47.931207485556,44.8426933224844,4.369454860687259,1.8365376873582504,6.229856424234463,0.0507608974960067,1.46,37.72229650019662,83.88108278801647,8.989368056385139,3866.746506229773,21.66258511527894,97.4777984619141,28.62,39.327666024151966,73.89512195121952,1994287,20.1442715557413,10.7696717394443,78.42261108926465,57.383,7937,92.5516664675666,36.392
8219fc8a-1e42-11e4-b4cd-db5882bf8def,2003-04-12,1,MLT,Adami,1998-09-06,2004-03-23,1998,2004,5.544147843942505,0,0,0,0,Malta,1,33.002574,40,0,0.424,0.8495,2,1,1,1,3,3,2,2,2,2,8,2,2,2,6.63600807597398,1,1,2.02,2,28,1,5,60,10,2.866567,25794804.037383,0,0,0.2849,0.812,33.7,0.173,0.783,0.611,0.791,100,46.10562894972215,0.0375456300520067,29.062500000000004,320,10.2,6.556743656261447,7.9,0,2.45930213437695,29.881935080738,67.6581050416023,99.962454369948,5.84895467758179,0.630122908756666,16.72916804299466,8.803277551580704,1.48,1.09375,99.96233325501234,1.9616340238194987,17746.784675830175,24.75403929182453,104.113998413086,31.64,30.554054305894628,78.54634146341465,398582,17.9699153885663,13.586487728516,1245.56875,93.16,6,217.89367860263332,7.488
8219fc8a-1e42-11e4-b4cd-db5882bf8def,2008-03-08,0,MLT,Adami,1998-09-06,2004-03-23,1998,2004,5.544147843942505,0,0,0,0,Malta,3,31.333434,45,0,0.857,0.929,2,1,1,1,3,3,2,2,2,2,7,2,2,1,6.48278412372426,1,1,2.08,2,28,1,5,60,10,2.9660537,264462405.60039,0,0,0.2929,0.844,35.5,0.193,0.825,0.624,0.807,100,43.556627824202494,0.1084179938009292,25,320,9.8,6.674743941433244,7.9,0,1.78699026351272,25.5646479144531,72.6483618220342,99.89158200619906,5.50121021270752,0.616369198929103,163.22449053339045,177.7983904564514,1.43,1.09375,99.89146247147602,1.0600950387571004,19948.17139248582,19.27437484298976,103.135833740234,50.08,33.678441644249375,79.63658536585366,409379,15.4285845600463,14.912500317488,1279.309375,93.929,10,298.81806404102144,5.977
82521124-1e42-11e4-b4cd-db5882bf8def,2008-03-08,1,MLT,Gonzi,2004-03-23,2013-03-11,2004,2013,8.966461327857632,0,0,0,0,Malta,3,31.333434,45,0,0.857,0.929,2,1,1,1,3,3,2,2,2,2,7,2,2,1,6.48278412372426,1,1,2.08,2,28,1,5,60,10,2.9660537,264462405.60039,0,0,0.2929,0.844,35.5,0.193,0.825,0.624,0.807,100,43.556627824202494,0.1084179938009292,25,320,9.8,6.674743941433244,7.9,0,1.78699026351272,25.5646479144531,72.6483618220342,99.89158200619906,5.50121021270752,0.616369198929103,163.22449053339045,177.7983904564514,1.43,1.09375,99.89146247147602,1.0600950387571004,19948.17139248582,19.27437484298976,103.135833740234,50.08,33.678441644249375,79.63658536585366,409379,15.4285845600463,14.912500317488,1279.309375,93.929,10,298.81806404102144,5.977
82521124-1e42-11e4-b4cd-db5882bf8def,2013-03-09,0,MLT,Gonzi,2004-03-23,2013-03-11,2004,2013,8.966461327857632,0,0,0,0,Malta,3,30.581975,50,0,0.857,0.929,2,1,1,1,3,3,2,2,2,2,7,1,1,2,4.58643541347059,1,1,2.04868494913115,2,28,1,5,60,10,3.051819,245878450.107811,0,0,0.325,0.874,31.36,0.224,0.849,0.61,0.795,100,46.92519686397329,1.0015519952923289,28.031250000000004,320,9.5,5.593391037333879,7.6,1.55486450466459,1.26233719648255,21.5731475082951,77.1639877828126,98.83961630395726,7.57923984527588,0.509947594950674,4.834198644438962,-83.12462879532673,1.36,1.09375,98.75759658797983,1.0698558484646203,22071.06515109937,14.58718016017744,101.232513427734,68.9138,37.73089621561675,81.74634146341464,425967,14.012342151877,17.9257185303697,1331.146875,94.279,5,304.32862444135986,6.115
8219fc8b-1e42-11e4-b4cd-db5882bf8def,1998-09-06,0,MLT,Sant,1996-10-28,1998-09-06,1996,1998,1.8562628336755647,0,0,0,0,Malta,1,34.92332,35,0,0.415,0.536,2,1,1,1,3,3,2,2,1,2,7,2,2,1,7.14420622403237,1,1,2.04,2,28,1,5,60,10,2.7499323,13097150.3833185,0,0,0.2849,0.772,33.7,0.173,0.782,0.611,0.794,100,48.52777906277467,0,25,320,12.1,6.186816580886457,7.8,0,2.22607432580574,32.9950942775707,64.7781462398597,100,4.18472003936768,0.731471858138656,8.060815758792543,1.519126978855916,1.84,1.09375,99.9998552304514,2.3256031826595973,13886.292355603417,25.97290947837602,104.251541137695,6.500783995,29.93867918360943,77.58780487804879,385287,20.4818049212385,12.1906072245259,1204.021875,91.793,15,225.36199777028665,6.331
8244e7c6-1e42-11e4-b4cd-db5882bf8def,2001-05-20,1,MNG,Bagabandi,1997-06-20,2005-06-24,1997,2005,8.010951403148528,0,0,0,0,Mongolia,4,57.613904,12,1,0.589,0.7215,2,2,1,1,1,3,2,1,2,1,7,2,2,1,5.4726809296831,3,2,3.24,1,3,1,6,9,10,2.6090837,26684782.6086956,0,2417498.14231019,0.4279,0.606,17.8,0.578,0.841,0.537,0.661,71.7,60.17865425627019,0,0.7602885775493917,1547438.742,19.935,3.644825833201556,7.238,0,48.3479185762958,13.6609103958769,37.9910629356116,19.079488724482296,4.93606424331665,1.78165840784985,4.9684623527528045,1.392895599181432,2.195,9.212577928335207,93.11310303986548,22.96888750849987,1589.4037176702625,21.941883221405885,99.8385391235352,1.65324,47.25456962783287,63.279,2472601,34.1162605693357,3.45342819160876,1.5978668058964756,58.222,57,115.8183268788801,6.107
8254bcd5-1e42-11e4-b4cd-db5882bf8def,2009-06-18,0,MNG,Enkhbayar,2005-06-24,2009-06-18,2005,2009,3.9835728952772076,2,2,0,12,Mongolia,5,56.344672,20,1,0.589,0.7215,2,2,1,1,1,3,2,2,2,1,6,2,1,0,6.37688181860763,2,2,2.26,1,8,1,6,17,10,2.768667,199618694.316196,0,127234506.253066,0.4297,0.694,15.199999999999998,0.675,0.814,0.537,0.66,80.3,46.78698954105827,0,0.7807919249382054,1557465.134,23.613,5.185859895684312,6.808,0,36.1845064647151,15.3126577351669,48.5027410998302,-131.59563241625318,5.14484977722168,0.629698225139809,13.604484618785072,1.1738060789879272,2.533,9.11217830189963,94.8069340078863,17.864438070908474,2521.5945282285984,30.056558531610644,107.182289123535,10,46.46579191829501,66.766,2666713,28.060917702977,3.81315946132176,1.7122136102983865,66.58,1490,107.81375716617652,5.86
823b8efe-1e42-11e4-b4cd-db5882bf8def,2010-05-05,1,MUS,Navin Ramgoolam,2005-07-05,2014-12-17,2005,2014,9.451060917180014,0,0,1,1,Mauritius,2,35.359425,43,0.01,0.378,0.7325,2,2,1,1,2,3,2,2,2,2,6,1,1,1,3.05183245904239,2,1,2.39,1,8,1,4,42,10,2.4764836,814358.909237384,0,0,0.4836,0.755,25.1,0.424,0.813,0.66,0.752,99.4,41.83576588931502,0.6201623549900284,39.40886699507389,2030,12,2.938819577735125,7.3,24.3213090368167,8.63006188984604,28.7098375876065,62.6601005225474,81.65622435446316,3.55147004127502,0.148689589780391,4.297840295910143,1.286380909400988,1.57,18.91133004926108,81.65630027094592,3.641742191279952,8011.455172197023,22.471968489107248,100.593627929688,28.33,37.19862629047693,72.96731707317073,1250400,21.9320829404752,7.5638378281502,615.960591133005,41.555,25,113.45707355247649,7.654
823b8efe-1e42-11e4-b4cd-db5882bf8def,2014-12-10,0,MUS,Navin Ramgoolam,2005-07-05,2014-12-17,2005,2014,9.451060917180014,0,0,1,1,Mauritius,2,34.061398,47,0.01,0.378,0.7325,2,2,1,1,2,3,1,2,2,2,7,2,0,1,3.3184067550679,2,1,2.504093,1,8,1,4,46,10,2.5598996,327038003.840485,0,0,0.4875,0.788,26.279046000000008,0.443,0.815,0.617,0.729,99.5,40.649624959016485,0.8045784662808703,37.55633450175263,1997,10.6,3.162761416039226,7.7,20.2928157984338,7.34603637287579,26.3707760687863,66.2831875583379,84.5422889477177,4.81514978408813,0.151017482159405,3.484454810153228,1.079433434710794,1.43,19.187781672508763,84.54236030340438,3.19194906469573,9181.61575362564,19.71794750106781,97.2874984741211,44.8033,38.221302618417575,74.19439024390245,1261208,20.0649168977803,8.83641413854123,631.5513269904857,41.111,91,110.589707531641,7.467
823b8eff-1e42-11e4-b4cd-db5882bf8def,2005-07-05,0,MUS,Paul Berenger,2003-09-30,2005-07-05,2003,2005,1.7631759069130732,0,0,0,0,Mauritius,2,37.324066,38,0.01,0.378,0.6065,2,2,1,1,2,3,2,2,2,2,7,2,2,1,2.84433535674976,1,1,2.35,1,8,1,4,37,10,2.3781106,609194.496202642,0,0,0.4578,0.719,22.1,0.469,0.777,0.646,0.74,99,45.22643189307492,0.7596074859524325,41.87192118226601,2030,15.3,2.424824181317545,7,25,10.0216618221275,32.4363015705811,57.5420366072914,77.3982019457829,4.02402019500732,0.160674051849869,0.6352844712396747,0.7141663287660651,1.88,19.783251231527093,77.3982019457829,4.911811066951974,6472.873885547412,23.05396981984269,102.094566345215,15.1722,35.18363901606555,72.43219512195122,1228254,24.3997446838276,6.74223082108155,605.0512315270936,42.112,22,121.60874399683618,9.524
823b8efe-1e42-11e4-b4cd-db5882bf8def,2010-05-05,1,MUS,Ramgoolam N.,1995-12-22,2000-09-17,1995,2000,4.739219712525667,0,0,1,1,Mauritius,2,35.359425,43,0.01,0.378,0.7325,2,2,1,1,2,3,2,2,2,2,6,1,1,1,3.05183245904239,2,1,2.39,1,8,1,4,42,10,2.4764836,814358.909237384,0,0,0.4836,0.755,25.1,0.424,0.813,0.66,0.752,99.4,41.83576588931502,0.6201623549900284,39.40886699507389,2030,12,2.938819577735125,7.3,24.3213090368167,8.63006188984604,28.7098375876065,62.6601005225474,81.65622435446316,3.55147004127502,0.148689589780391,4.297840295910143,1.286380909400988,1.57,18.91133004926108,81.65630027094592,3.641742191279952,8011.455172197023,22.471968489107248,100.593627929688,28.33,37.19862629047693,72.96731707317073,1250400,21.9320829404752,7.5638378281502,615.960591133005,41.555,25,113.45707355247649,7.654
823b8efe-1e42-11e4-b4cd-db5882bf8def,2014-12-10,0,MUS,Ramgoolam N.,1995-12-22,2000-09-17,1995,2000,4.739219712525667,0,0,1,1,Mauritius,2,34.061398,47,0.01,0.378,0.7325,2,2,1,1,2,3,1,2,2,2,7,2,0,1,3.3184067550679,2,1,2.504093,1,8,1,4,46,10,2.5598996,327038003.840485,0,0,0.4875,0.788,26.279046000000008,0.443,0.815,0.617,0.729,99.5,40.649624959016485,0.8045784662808703,37.55633450175263,1997,10.6,3.162761416039226,7.7,20.2928157984338,7.34603637287579,26.3707760687863,66.2831875583379,84.5422889477177,4.81514978408813,0.151017482159405,3.484454810153228,1.079433434710794,1.43,19.187781672508763,84.54236030340438,3.19194906469573,9181.61575362564,19.71794750106781,97.2874984741211,44.8033,38.221302618417575,74.19439024390245,1261208,20.0649168977803,8.83641413854123,631.5513269904857,41.111,91,110.589707531641,7.467
2b3c671e-3481-11e4-8dba-bbcd9ed46413,2014-05-31,0,MWI,Joyce Hilda Banda,2012-04-07,2014-05-31,2012,2014,2.1464750171115674,0,0,0,0,Malawi,2,53.395921,21,0.01,0.3,0.6025,2,1,1,1,1,3,2,2,2,2,6,2,1,1,0.8037054535356,4,3,4.475027,1,1,0,4,20,6,1.8408141,38487169.2417952,0,0,0.5752,0.493,19.34076,0.634,0.753,0.437,0.542,11.9,98.50498142761492,0.6898849204712305,38.19473907509546,94280,36.791,0.3019183314251286,8.376,91.3059975696562,65.4642428779803,7.50354051742217,27.0321997730433,43.314645238693906,3.66006016731262,0.580771920223763,6.79541385727368,-0.0538102562371814,4.612,26.44993635977938,56.65302916965624,23.873441653963663,544.2637939083801,17.264926714549418,139.086660817935,5.83,49.18381417819121,60.899,16477966,46.251996567659,3.37143542560303,174.77689859991514,16.132,356,69.0950161313738,4.966
82344f5e-1e42-11e4-b4cd-db5882bf8def,1999-06-15,1,MWI,Muluzi,1994-05-21,2004-05-24,1994,2004,10.009582477754963,0,0,0,0,Malawi,2,54.336687,6,0.01,0.356,0.5575,2,1,1,1,1,3,2,2,2,1,5,1,1,1,0.668680030347587,3,3,2.82,1,1,1,4,5,6,1.5537806,746883.914742791,0,0,0.7201000000000001,0.376,20.8,0.651,0.637,0.402,0.508,4.26991271972656,95.59731388593212,0.6898849204712305,28.638099278744168,94280,45.987,0.2502288144767484,20.175,82.5168918918919,73.2516494858603,7.16540968228117,19.58296260222,43.314645238693906,3.43224000930786,0.811014470541655,2.2646037364887563,0.0038692519048627,6.152,33.132159524819684,56.65302916965624,28.61224108881325,424.94038373368784,19.53554035179422,143.030364990234,0.087278755,50.34667338301112,43.568,10973956,45.3831073034696,3.4914439009708,116.39749681798897,14.522,34,69.0950161313738,4.993
81e9ba10-1e42-11e4-b4cd-db5882bf8def,2002-01-10,0,NIC,Aleman,1997-01-10,2002-01-10,1997,2002,4.999315537303217,0,0,0,0,Nicaragua,3,62.928524,19,0.01,0.722,0.5725,2,1,1,1,1,1,2,2,2,1,5,2,1,0,1.87689590519545,3,3,2.18,2,14,1,2,12,8,1.9354874,376500000,0,0,0.5626,0.573,18.2,0.74,0.692,0.391,0.612,74.1,74.25441641084095,1.070084475073278,15.963104537144757,120340,26.473,0.7846729971405242,5.699,24.5801526717557,31.5496085706866,18.0855411644403,50.3647946601691,46.71916998090512,2.39101004600525,0.865165582304889,3.903336267466754,0.1139663046075032,2.941,42.85429616087752,46.68975231388575,16.430111985103427,1444.8751903058817,21.462279778213013,110.59449005127,1.71473,31.60939812239114,67.18,5259006,39.2575079071509,3.3551305470207202,43.70122984876184,55.484,4049,58.091284408078494,7.523
8209c5d6-1e42-11e4-b4cd-db5882bf8def,2003-01-22,1,NLD,Jan Peter Balkenende,2002-07-22,2010-10-14,2002,2010,8.229979466119097,0,0,0,0,Netherlands (the),4,10.001363,107,1,0.857,0.8955,2,2,1,1,98,3,2,2,2,2,8,2,2,2,7.01496530194446,1,1,4.99,2,25,1,5,58,10,3.1805365,1120669354.35824,21206993032.829,97117008.5883237,0.3161,0.893,41.6,0.016,0.932,0.817,0.863,100,47.85484595861198,1.829812387516867,32.319312796208536,33760,12.3,11.304584654264062,8.7,4.09221425767936,3.0406383421942502,19.9130278019225,77.0463338558832,27.5106466016705,5.0404200553894,1.44380959809676,3.526544990714122,7.701228784180972,1.75,10.77292654028436,94.33435194990038,2.0598272264581423,40785.12222162058,20.778650962344727,108.030838012695,64.35,44.42099587515695,78.49268292682929,16225302,18.5118175517851,13.8542833986428,480.6072867298578,80.341,38,111.92000936019188,3.593
8209c5d6-1e42-11e4-b4cd-db5882bf8def,2006-11-22,1,NLD,Jan Peter Balkenende,2002-07-22,2010-10-14,2002,2010,8.229979466119097,7,11,13,63,Netherlands (the),4,9.119842,110,1,0.857,0.8955,2,2,1,1,98,3,2,2,2,2,8,2,2,2,7.38059003581153,1,1,5.8,2,25,1,5,61,10,3.2189634,1552637653.86427,21936485387.5428,76734516.2682081,0.3201,0.905,42,0.016,0.932,0.821,0.868,100,48.17695696667163,1.90057633441124,31.688388625592417,33760,11.3,10.810981774797549,8.3,8.1460645735736,3.64762442577175,20.6260643977929,75.7263111764354,23.73069539763833,5.04402017593384,1.39338905749077,51.16197519367324,71.347688274229,1.72,10.897156398104263,92.75138984317827,1.945954638300493,43592.30274492209,21.20637212469164,107.839912414551,83.7,44.94646402856349,79.69756097560976,16346101,18.1286754601356,14.3844478853771,484.18545616113744,83.636,41,127.77215137901894,5.002
8209c5d6-1e42-11e4-b4cd-db5882bf8def,2010-06-09,0,NLD,Jan Peter Balkenende,2002-07-22,2010-10-14,2002,2010,8.229979466119097,18,17,20,126,Netherlands (the),4,7.034915,114,1,0.857,0.8955,2,2,1,1,98,3,2,2,2,2,7,1,1,2,6.9224767708893,1,1,6.97,2,25,1,5,65,10,3.2709224,2779175298.84559,15407484432.1106,244612751.396784,0.3125,0.917,39.3,0.016,0.931,0.831,0.876,100,49.15829670371103,2.2276800302264657,30.3172250222354,33730,11.1,11.140397874404904,8.2,9.38794332187474,3.06169938330933,17.6998607839394,79.2384279906229,16.30284920347555,5.48908996582031,1.32543371501611,6.28825951736476,19.83146852220123,1.79,11.072635635932404,93.6745002289704,1.7785092625475798,44390.504409813446,19.69423658491177,106.750358581543,90.72,46.04819932728796,80.70243902439024,16615394,17.5098424112919,15.4472914886499,492.5998814112066,87.134,52,131.52207413479937,4.989
820994fd-1e42-11e4-b4cd-db5882bf8def,1998-05-06,1,NLD,Kok,1994-08-22,2002-07-22,1994,2002,7.915126625598905,9,9,12,66,Netherlands (the),4,11.879622,102,1,0.857,0.8955,2,2,1,1,98,3,2,2,2,2,8,2,2,2,6.18704486315773,1,1,5.13,2,25,1,5,53,10,3.1132798,631115240.792878,6488923742.81724,232022686.648931,0.3064,0.884,38.4,0.018,0.929,0.804,0.851,100,46.97843421719469,1.7654550878640891,27.54443127962085,33760,12.7,11.462583836504628,8.8,2.55501289579103,3.48961273763082,22.7557714214964,73.7546026130725,15.951874803472602,4.54056978225708,1.5806480613385,8.588628467372338,8.433186078088598,1.63,10.564751184834122,95.01434889097776,2.5569687670399066,37480.70944777324,22.357118401197077,106.859008789062,22.24382769,42.53493354337958,77.88292682926831,15707209,18.4788999042111,13.4839100505963,465.2609300947867,75.25,57,112.55202323133696,4.394
8226f521-1e42-11e4-b4cd-db5882bf8def,2005-09-12,0,NOR,Bondevik,1997-10-17,1998-08-30,1997,1998,0.8678986995208761,32,18,16,180,Norway,2,-0.783885,106,1,0.453,0.665,2,2,96,1,98,3,2,2,2,2,8,2,2,2,5.88250673364347,1,1,5.11,2,27,1,5,60,10,3.4563031,505278425.015019,57858982975.1367,65086743783.9324,0.3282,0.93,38.6,0.006,0.951,0.861,0.892,100,52.32385512254331,35.54054781027005,2.3600661475616302,365244,12.3,9.412991741164465,8.9,99.4717476046486,3.29982662734657,20.8533039218755,75.846826568598,-736.3718270324574,6.84082984924316,1.57588467314326,3.244985456072057,10.237813120098089,1.84,33.149072948494705,54.98216280325153,1.3595141201690304,73524.2549173583,38.380410578271714,99.2598037719727,81.99,47.13577751031848,80.04146341463415,4623291,19.641589215883702,14.7088071883727,12.658088839241712,77.675,12,70.46945049090228,4.381
8226f521-1e42-11e4-b4cd-db5882bf8def,2005-09-12,0,NOR,Bondevik,1998-09-24,2000-03-17,1998,2000,1.4784394250513346,22,8,11,115,Norway,2,-0.783885,106,1,0.453,0.665,2,2,96,1,98,3,2,2,2,2,8,2,2,2,5.88250673364347,1,1,5.11,2,27,1,5,60,10,3.4563031,505278425.015019,57858982975.1367,65086743783.9324,0.3282,0.93,38.6,0.006,0.951,0.861,0.892,100,52.32385512254331,35.54054781027005,2.3600661475616302,365244,12.3,9.412991741164465,8.9,99.4717476046486,3.29982662734657,20.8533039218755,75.846826568598,-736.3718270324574,6.84082984924316,1.57588467314326,3.244985456072057,10.237813120098089,1.84,33.149072948494705,54.98216280325153,1.3595141201690304,73524.2549173583,38.380410578271714,99.2598037719727,81.99,47.13577751031848,80.04146341463415,4623291,19.641589215883702,14.7088071883727,12.658088839241712,77.675,12,70.46945049090228,4.381
8226f521-1e42-11e4-b4cd-db5882bf8def,2005-09-12,0,NOR,Bondevik,2001-10-19,2005-10-17,2001,2005,3.994524298425736,18,5,8,90,Norway,2,-0.783885,106,1,0.453,0.665,2,2,96,1,98,3,2,2,2,2,8,2,2,2,5.88250673364347,1,1,5.11,2,27,1,5,60,10,3.4563031,505278425.015019,57858982975.1367,65086743783.9324,0.3282,0.93,38.6,0.006,0.951,0.861,0.892,100,52.32385512254331,35.54054781027005,2.3600661475616302,365244,12.3,9.412991741164465,8.9,99.4717476046486,3.29982662734657,20.8533039218755,75.846826568598,-736.3718270324574,6.84082984924316,1.57588467314326,3.244985456072057,10.237813120098089,1.84,33.149072948494705,54.98216280325153,1.3595141201690304,73524.2549173583,38.380410578271714,99.2598037719727,81.99,47.13577751031848,80.04146341463415,4623291,19.641589215883702,14.7088071883727,12.658088839241712,77.675,12,70.46945049090228,4.381
8226f520-1e42-11e4-b4cd-db5882bf8def,1997-10-17,0,NOR,Jagland,1996-10-25,1997-10-17,1996,1997,0.9774127310061602,0,0,0,0,Norway,2,3.89586,98,1,0.138,0.4395,2,2,96,1,98,3,2,2,2,2,8,2,2,2,6.17689618902294,1,1,5.07,2,27,1,5,52,10,3.3030367,288915989.523746,5956105366.71666,32408407070.5512,0.3059,0.893,37.9,0.006,0.946,0.848,0.88,100,54.87165622741169,37.03932771277296,2.455892499260768,365244,13.6,9.901554019527566,10.1,99.5773526164317,5.086672772349,23.4597335653132,71.4536386894936,-784.4226389197659,7.30343008041382,2.01607957074415,2.797907546031394,3.4903717175254907,1.86,33.17973738103843,54.56681448609992,2.0617870222720662,63882.47650076257,31.473005414688,83.8391876220703,20.41788144,46.3007278720044,78.14268292682927,4405157,19.7110389031841,15.7193660820458,12.060860684912004,74.476,25.5,72.15369653214643,4.687
8226f523-1e42-11e4-b4cd-db5882bf8def,2009-09-14,1,NOR,Stoltenberg,2000-03-17,2001-10-19,2000,2001,1.5906913073237507,27,21,21,171,Norway,2,0.968137,110,1,0.453,0.665,2,2,96,1,98,3,2,2,2,2,8,2,2,2,5.85486268895882,1,1,4.55,2,27,1,5,64,10,3.5509286,631471271.264598,22175073493.2257,51357983911.5824,0.3106,0.935,37.1,0.006,0.953,0.865,0.897,100,50.89929080496481,28.73333648780684,2.285814414473612,365244,12.8,9.118305739443487,8.6,96.5704425900335,2.70010760895754,20.2171073235616,77.0827850674809,-594.1867865226072,7.07067012786865,1.59690979918941,2.2258474686507994,2.5692538285668194,1.98,33.13702620713824,63.11011116181548,1.2360885219238993,73141.30734229668,34.869074710457625,99.7100524902344,92.08,47.4510271555264,80.79512195121951,4828726,18.9490618476209,14.781580259834,13.22054845527921,78.815,25.5,67.46431546018546,3.103
8226f523-1e42-11e4-b4cd-db5882bf8def,2009-09-14,1,NOR,Stoltenberg,2005-10-17,2013-10-16,2005,2013,7.997262149212868,5,13,10,56,Norway,2,0.968137,110,1,0.453,0.665,2,2,96,1,98,3,2,2,2,2,8,2,2,2,5.85486268895882,1,1,4.55,2,27,1,5,64,10,3.5509286,631471271.264598,22175073493.2257,51357983911.5824,0.3106,0.935,37.1,0.006,0.953,0.865,0.897,100,50.89929080496481,28.73333648780684,2.285814414473612,365244,12.8,9.118305739443487,8.6,96.5704425900335,2.70010760895754,20.2171073235616,77.0827850674809,-594.1867865226072,7.07067012786865,1.59690979918941,2.2258474686507994,2.5692538285668194,1.98,33.13702620713824,63.11011116181548,1.2360885219238993,73141.30734229668,34.869074710457625,99.7100524902344,92.08,47.4510271555264,80.79512195121951,4828726,18.9490618476209,14.781580259834,13.22054845527921,78.815,25.5,67.46431546018546,3.103
8226f523-1e42-11e4-b4cd-db5882bf8def,2013-09-09,0,NOR,Stoltenberg,2000-03-17,2001-10-19,2000,2001,1.5906913073237507,38,30,28,240,Norway,3,1.975921,114,1,0.453,0.665,2,2,96,1,98,3,2,2,2,2,7,2,1,1,6.30355142682209,1,1,4.869237,2,27,1,5,68,10,3.6040356,791457692.030841,14630928181.6879,61666467054.168,0.3275,0.945,41.717312,0.006,0.95,0.852,0.885,100,51.67558722665389,29.171739177794088,2.212379906210226,365122.96,11.6,9.101462844781985,8.1,97.7022692526755,2.20740699842952,20.3156056757951,77.4769873257754,-494.81574777481774,7.43906021118164,1.40525218139781,-0.2601843207510912,2.2741285370162423,1.78,33.20908660468791,61.84011850701244,1.2530356741259443,73515.91448859576,36.27393146697688,99.6445617675781,95.0534,47.32528715708192,81.75121951219514,5079623,18.2894534449551,15.780354494689,13.91208868376834,80.286,15,67.97279259368321,3.423
8226f523-1e42-11e4-b4cd-db5882bf8def,2013-09-09,0,NOR,Stoltenberg,2005-10-17,2013-10-16,2005,2013,7.997262149212868,16,22,17,125,Norway,3,1.975921,114,1,0.453,0.665,2,2,96,1,98,3,2,2,2,2,7,2,1,1,6.30355142682209,1,1,4.869237,2,27,1,5,68,10,3.6040356,791457692.030841,14630928181.6879,61666467054.168,0.3275,0.945,41.717312,0.006,0.95,0.852,0.885,100,51.67558722665389,29.171739177794088,2.212379906210226,365122.96,11.6,9.101462844781985,8.1,97.7022692526755,2.20740699842952,20.3156056757951,77.4769873257754,-494.81574777481774,7.43906021118164,1.40525218139781,-0.2601843207510912,2.2741285370162423,1.78,33.20908660468791,61.84011850701244,1.2530356741259443,73515.91448859576,36.27393146697688,99.6445617675781,95.0534,47.32528715708192,81.75121951219514,5079623,18.2894534449551,15.780354494689,13.91208868376834,80.286,15,67.97279259368321,3.423
824f6584-1e42-11e4-b4cd-db5882bf8def,2002-07-27,1,NZL,Clark,1999-12-10,2008-11-19,1999,2008,8.944558521560575,1,0,3,7,New Zealand,1,3.608212,146,0.58,0.319,0.504,2,2,2,2,98,3,2,2,2,2,7,2,2,1,7.06898476800235,1,1,4.17,3,1,1,5,125,10,3.2743878,232521812.123755,1073031803.33964,370610712.559527,0.371,0.904,27.4,0.009,0.943,0.831,0.884,100,51.86608553577939,13.61789893546984,1.524438874330637,263310,13.67,8.872685830062048,7.1,69.4774668340348,8.82351113284001,22.7415809710057,68.4348561058676,14.554768214940584,5.50121021270752,1.45440984523588,4.275332532079873,2.111272587677078,1.89,37.40828681022369,69.7739777662775,5.852893527936618,32636.137550376698,23.858382464991383,99.5061492919922,59.0808,45.759380157099606,78.84634146341463,3948500,22.3786074170649,11.7739184190989,14.995632524400897,86.161,25.5,62.65599455544788,5.282
824f6584-1e42-11e4-b4cd-db5882bf8def,2005-09-17,1,NZL,Clark,1999-12-10,2008-11-19,1999,2008,8.944558521560575,4,2,3,23,New Zealand,2,2.64379,149,0.58,0.319,0.504,2,2,2,2,98,3,2,2,2,2,7,2,2,1,6.79725796553834,1,1,3.04,3,1,1,5,128,10,3.2803705,352035937.831803,1775138431.73598,464647703.31211,0.3673,0.917,32.7,0.009,0.943,0.83,0.883,100,50.42165658494554,13.666822132456002,1.614067069233983,263310,13.96,8.753767628631559,6.54,64.2361757587042,7.15659466274845,22.1901864356426,70.653218901609,24.0262516575194,5.50121021270752,1.13993436677911,1.6620151766177464,-0.5586222771499773,1.97,37.405643538035015,68.18112114942768,4.517697024003143,35120.73551264269,23.941768904545928,99.8288269042969,62.7202,46.37317433021943,79.85121951219514,4133900,21.5462058115347,11.9739952346858,15.69974554707379,86.341,5,58.01874344071635,3.807
824f6584-1e42-11e4-b4cd-db5882bf8def,2008-11-08,0,NZL,Clark,1999-12-10,2008-11-19,1999,2008,8.944558521560575,7,4,7,43,New Zealand,2,1.705068,152,0.56,0.789,0.499,2,2,2,2,98,3,2,2,2,2,8,2,2,2,6.51389756940917,1,1,3.07,3,1,1,5,131,10,3.233838,421363024.488329,1530096054.27927,2341618757.87223,0.3482,0.919,31,0.009,0.942,0.833,0.887,100,50.54775804072331,13.384799447548918,1.7204056055599863,263310,15.1,8.486595614817599,6.85,64.2516704294087,6.98529044990237,21.737148982829,71.2775605672686,13.913424222116614,5.50121021270752,1.1527704961191,1.9469239581805973,0.6304067556373061,2.19,37.40300026584634,66.85097419240397,5.012512803184693,35651.01563737061,23.24266390716239,99.3267135620117,72.03,46.9050894085282,80.35121951219514,4259800,21.0298554881376,12.5460346879641,16.177889180053928,86.28,8,64.40873045204482,4.167
824f6583-1e42-11e4-b4cd-db5882bf8def,1999-12-10,0,NZL,Shipley,1997-12-08,1999-12-10,1997,1999,2.004106776180698,0,0,0,0,New Zealand,1,5.062245,143,0.58,0.319,0.504,2,2,2,2,98,3,2,2,2,2,8,2,2,2,8.50199848503519,1,1,3.86,3,1,1,5,122,10,3.2698529,257530822.8,636289188.155835,338970333.415078,0.4028,0.885,36.6,0.009,0.937,0.831,0.884,100,52.69741743109586,13.134943119639662,1.530875773802742,263310,14.87,8.342051054731298,7.33,69.524288018616,9.42110038640239,23.098772853947,67.4801267596506,16.153758435149108,6.6362099647522,1.61934201810554,1.6021577454176934,1.8273063843414676,1.97,37.22844935627207,70.81706548813462,6.27577740684807,30164.085203497267,24.057441114908727,98.6937408447266,41.49448266,45.31154340857719,77.89024390243904,3835100,22.8890175501797,11.621983968409,14.56496145228058,85.941,25.5,61.4012311333669,7.023
82551e7c-1e42-11e4-b4cd-db5882bf8def,2013-06-05,0,PAK,Zardari,2008-09-09,2013-06-05,2008,2013,4.736481861738535,0,0,0,0,Pakistan,5,58.413635,6,0.234,0.371,0.4645,2,1,1,1,1,3,1,1,1,0,0,0,0,0,0.745471039493412,5,4,5.094375,1,1,0,8,5,7,1.7829876,14629000000,5701078088.74814,3256844287.92738,0.4219,0.51,16.081416,0.895,0.619,0.29,0.474,89.3,73.91779480525922,4.000540330142651,39.52625570776256,770880,31.181,0.762642248572134,7.333,31.0061877858488,42.2365631925493,22.9218719828671,34.8415664146405,23.4385850825137,2.23698997497559,3.47561387186447,0.5153538493322452,0.0819617524819474,4.106,5.185050850975508,59.28014239826109,23.707594593490796,1346.28928139308,20.89102950846449,70.2436408942136,9,21.56742143375068,65.15,205337562,38.6608103879211,3.84076051316904,266.3677381693649,35.613,48676,30.890275019039308,2.954
81fa8348-1e42-11e4-b4cd-db5882bf8def,2001-07-28,0,PER,Valentin Paniagua,2000-11-23,2001-07-28,2000,2001,0.676249144421629,0,0,0,0,Peru,2,62.284651,1,0.23,0.798,0.8045,2,2,1,1,1,1,2,2,1,1,3,0,2,0,2.00291229743694,3,1,6.6,2,25,0,2,0,9,2.6408205,753211439.471146,169898334.397862,1110402479.92928,0.6319,0.683,18.9,0.484,0.764,0.57,0.728,72.1,63.74430635823435,11.72853402551,3.555625,1280000,22.908,0.9968162395068588,5.72,85.5231494850322,38.6933691325533,15.852253311551,45.4543775558958,20.19108504898066,3.03712010383606,1.75202012964839,2.199224501580588,0.1429939899302569,2.744,58.72892734375,67.54891156994341,7.89362669632438,3255.590278355676,29.03515644260849,116.477882385254,7.57876,43.09771638880445,71.041,27014909,34.0200930164172,4.90908011033981,21.10539765625,73.448,6500,35.06440143102117,5.067
824ceab7-1e42-11e4-b4cd-db5882bf8def,2004-05-10,1,PHL,Gloria Macapagal-Arroyo,2001-01-21,2010-06-30,2001,2010,9.437371663244353,0,0,0,0,Philippines (the),8,62.762205,19,0.01,0.634,0.639,2,2,1,1,3,1,1,2,2,1,1,0,1,0,1.22169119582175,3,2,3.1,3,1,0,7,17,8,2.5066977,11468000000,1073066321.95894,437630307.769105,0.4922,0.658,22.8,0.793,0.827,0.359,0.495,87.6,68.7812611638108,3.296251468733233,17.17141228158433,298170,27.466,0.905052141889878,5.556,33.7312579301964,35.6431213312372,15.9218382714045,48.4350372460417,46.162087307456,2.46983003616333,1.36062650970663,0.6231447779634542,0.5084103509397776,3.543,23.88383807894825,56.38303464461239,13.984403691720148,2020.129700255528,33.61869620728831,106.663467407227,5.24363,37.784994703615055,70.037,84607501,36.7907687050112,3.96094785969391,283.7559144112419,45.795,428,87.12528482320484,3.554
824e7160-1e42-11e4-b4cd-db5882bf8def,1997-07-22,0,PNG,Chan,1994-08-30,1997-07-22,1994,1997,2.8939082819986313,0,0,0,0,Papua New Guinea,4,64.549665,23,0.26,0.409,0.5725,96,2,1,1,3,3,1,2,2,2,4,2,2,0,1.21993824033577,4,2,2.51,1,1,0,9,22,4,2.76471925,13949213.98,0,731769446.274547,0.4995,0.445,37.3,0.619,0.463,0.407,0.524,2.15848255157471,75.97510314563134,2.658765975505424,0.4350130283089696,452860,34.737,0.5099548648819187,7.536,43.6923076923077,35.8073556900635,3.51097107992056,60.6816732300159,41.876690401808624,4.766824960708615,1.0753537542736,0.5735264534427511,-0.0053168347593792,4.679,80.18919842777017,0,35.03305271484265,2323.773452377806,29.802531216452905,71.2007827758789,0.100588321,46.75139050637191,61.377,4960439,41.0157044568031,2.15807512198013,10.953581680872675,13.724,806,99.20797502683769,2.87
824ea232-1e42-11e4-b4cd-db5882bf8def,2002-08-05,0,PNG,Morauta,1999-07-14,2002-08-05,1999,2002,3.060917180013689,0,0,0,0,Papua New Guinea,4,64.093489,28,0.23,0.578,0.5725,96,2,1,1,3,3,1,2,2,2,5,2,2,0,1.61826395853232,3,2,2.51,1,1,0,9,27,4,2.76471925,5622274.3497954,20995241.0611756,662952973.058852,0.4857,0.462,31.6,0.619,0.464,0.406,0.523,13.1,73.1253336482885,2.658765975505424,0.4858013514110321,452860,33.673,0.728660169473692,7.54,32.2703639514731,35.0596328732148,4.10683117780088,60.8335359489843,41.876690401808624,4.766824960708615,0.371637931460894,0.672123736108209,0.0334161673182614,4.419,80.06481053747295,0,37.99064819184076,1864.3021981113584,34.90540946334348,59.2611885070801,1.32166,47.21316851842573,61.698,5892596,39.8718832921857,2.36649517462253,13.011959545996556,13.164,12,118.9191102912788,2.754
824e715f-1e42-11e4-b4cd-db5882bf8def,2011-08-02,0,PNG,Somare,2002-08-06,2011-08-02,2002,2011,8.988364134154688,0,0,0,0,Papua New Guinea,4,62.965365,37,0.24,0.578,0.5725,96,2,1,1,3,3,1,2,2,2,6,2,2,0,1.48968402214379,3,4,2.51,1,5,0,9,36,4,2.76471925,12299746.0866075,16332127.0960185,1282259690.12201,0.463,0.502,39.96,0.667,0.469,0.361,0.464,17.3,67.34624362347294,2.658765975505424,0.662456388287771,452860,30.028,0.5828245888722634,6.951,37.9432624113475,24.7756946003256,7.86381932654987,67.3604860731245,41.876690401808624,4.766824960708615,0.356925097321889,0.2024966589113329,1.747111884248551,3.816,79.82156163052599,0,19.19971137151884,2116.224459660432,31.33622035294089,72.47491455078125,2,47.43187721770428,63.526,7806637,37.621513591576,2.62213421733328,17.238521838978933,13,126,97.3302080951292,2.62
821537c3-1e42-11e4-b4cd-db5882bf8def,2000-10-08,1,POL,Kwasniewski,1995-12-23,2005-12-23,1995,2005,10.001368925393566,13,10,8,80,Poland,21,48.402674,12,0.58,0.875,0.803,2,1,1,1,3,1,2,2,2,2,6,2,1,0,4.42781478869848,2,1,4.59,2,25,1,1,9,9,3.018702,1496000000,752674363.241347,187509735.689737,0.3467,0.794,22.3,0.087,0.902,0.802,0.876,100,45.98584077387937,0.1671105290766603,45.68546149074407,306290,9.9,8.162843472514396,9.6,1.62878734965846,18.6674948397168,31.0604644468938,50.2720407133894,10.740568861088292,4.9839301109314,1.8303365853136095,5.420378301845198,0.0046452090428239,1.37,29.576545104312903,96.21984176705293,3.126724321060064,7344.120760595225,28.793172323219096,100.339080810547,7.28543,45.9583582652053,73.74878048780488,38258629,19.3285235146054,12.1716835654577,124.90982075810508,61.716,859,60.86858352160303,16.314
8212edc2-1e42-11e4-b4cd-db5882bf8def,2001-01-14,1,PRT,Sampaio,1996-03-09,2006-03-09,1996,2006,9.998631074606434,1,0,3,7,Portugal,4,37.221453,26,0.58,0.857,0.8955,2,1,1,1,98,1,2,2,2,2,7,2,2,1,4.95082752186643,1,1,3.19,2,25,1,5,25,10,2.2415779,342123729.909263,0,0,0.4008,0.797,23.9,0.09,0.916,0.824,0.878,100,48.63146507984477,4.480509941369996,17.79846994535519,91500,10.9,6.124877228203169,10.1,34.0950441864495,13.1709702256628,33.4489759436628,53.3800538306744,83.46832255344539,5.33713006973267,1.44450317171971,5.027614441904489,5.62349017129374,1.45,35.826229508196725,83.38537540083826,2.9607495735831626,19025.695690538792,24.14388424014025,119.482360839844,18.0871,45.55431348888156,76.81463414634149,10362722,16.1899855753364,16.5295113615076,113.25379234972678,55.044,14,65.09195517711217,3.829
8220172b-1e42-11e4-b4cd-db5882bf8def,2004-12-21,0,ROU,A. Nastase,2000-12-28,2004-12-21,2000,2004,3.980835044490075,8,5,6,48,Romania,23,49.67536,14,1,0.846,0.796,2,1,1,1,1,1,2,2,2,1,5,2,0,0,3.28367119630612,2,3,3.9,2,12,1,1,8,9,2.990394,131000000,3517272944.19874,1999946524.36395,0.4057,0.74,25.3,0.714,0.832,0.431,0.59,95.3,44.74191751422067,6.290348950210946,38.76086956521739,230000,10.1,4.83307933693795,12.1,29.2341457370927,32.5720469688133,31.0620287279663,36.3659243032204,26.68237874313676,3.31273007392883,2.00765756131918,8.593685129611837,0.093366127436416,1.33,27.937391304347827,84.48008926101312,12.705511460907612,6005.916376652383,31.8347873600822,105.122337341309,15,45.63190798225664,71.5609756097561,21451748,16.3343574870091,14.5771566640881,93.2684695652174,53.043,6043,60.62647866694076,7.719
8220172a-1e42-11e4-b4cd-db5882bf8def,2000-12-28,0,ROU,Isarescu,1999-12-22,2000-12-28,1999,2000,1.0184804928131417,11,6,9,65,Romania,20,51.326305,10,1,0.696,0.707,2,1,1,1,3,1,2,2,2,1,5,2,1,0,2.4481642576549,2,2,5.23,2,12,1,1,4,8,2.9374661,96000000,2215853862.66234,1804745312.11332,0.3622,0.721,20.6,0.784,0.828,0.433,0.614,94.4,46.99522649692756,6.235893780948552,40.83844847851639,229710,10.4,4.284557512461251,11.4,28.4553471714099,45.184080828824,25.8025892704458,29.0133392555717,21.81482697352021,2.86862993240356,2.49891418426016,2.783613171746848,-0.029527237115926,1.31,27.713203604544866,84.81660271599632,10.853918051861497,4567.239676944579,30.263462140068825,104.286956787109,3.61372,47.02991614272872,71.16341463414635,22442971,18.6141080676253,13.3564735184525,97.70132340777502,53.004,7348,48.5213253850786,6.969
822b276c-1e42-11e4-b4cd-db5882bf8def,2007-02-25,1,SEN,Abdoulaye Wade,2000-04-02,2012-04-02,2000,2012,12,0,0,0,0,Senegal,5,49.460647,8,0.01,0.452,0.3795,2,2,1,1,98,1,1,1,2,1,5,1,0,1,1.27518815642066,3,2,2.04,3,9,0,4,7,7,1.4097245,1193376015.83581,3570932538.18085,26233571.8553808,0.4706,0.442,12.6,0.379,0.805,0.528,0.682,48.1,86.84680038222913,0.4132601224215217,14.802887861631952,192530,38.164,0.537787136813812,8.178,8.32078313253012,39.4260710852709,17.5216553357117,43.0522735790174,53.28083683569007,3.8420401811599696,1.3795917338401,2.5114566749729104,0.560009153954547,5.11,44.58349348153535,53.61726289988478,12.245910572880565,1144.0678228858703,23.635286563173885,85.0945129394531,6.89,35.15017965192017,62.543,11563869,43.2173392832451,3.26287421623334,60.0626863345972,42.535,15886,59.27130435497944,2.796
822b276c-1e42-11e4-b4cd-db5882bf8def,2012-03-25,0,SEN,Abdoulaye Wade,2000-04-02,2012-04-02,2000,2012,12,0,0,0,0,Senegal,5,48.352637,13,0.01,0.802,0.811,2,2,1,1,98,1,1,2,1,0,5,1,1,1,1.43014587439139,3,2,3.133926,3,9,0,4,12,7,1.4885366,1576225069.3752,4506056.82396831,0,0.4777,0.491,7.375626,0.351,0.826,0.541,0.694,56.5,86.85799234708576,0.5200608058300453,17.140185945047527,192530,37.207,0.5564761888999052,6.78,9.82608695652174,36.0371221532026,18.58882082959,45.3740570172074,44.90764217033632,4.77698993682861,1.11347959476351,1.563680195650397,0.3170279944172645,5.005,43.5680673141848,45.77369170196944,14.09769235237041,1160.9175387030764,23.111797525312504,86.3720932006836,10.8,37.607506329404586,65.457,13231833,43.2636997459082,3.21972397928541,68.72608424661092,44.603,18717,61.97530400403751,3.887
825612aa-1e42-11e4-b4cd-db5882bf8def,2014-12-09,0,SLB,Darcy Lilo,2011-11-16,2014-12-09,2011,2014,3.0636550308008212,0,0,0,0,Solomon Islands,4,47.030802,9,0.25,0.745,0.5725,2,2,1,1,3,3,2,2,2,2,8,2,2,2,2.30183273139633,3,3,2.17,1,1,0,9,10,8,2.76471925,16335086.9792382,0,0,0.4771,0.562,28.012076,0.611,0.447,0.429,0.557,50.5,78.87246344698727,2.658765975505424,0.8217220435869954,27990,33.477,0.6341075538815651,5.407,2.32755872037411,41.495369400893,9.64657484277579,48.8580557563312,41.876690401808624,4.766824960708615,0.8903513431062681,1.5740101688255532,0.0503967988658445,4.418,90.29481957842088,0,34.75833223353603,2153.335512125029,16.86040019085713,111.330538634528,9,48.42750845849219,69.234,597375,40.6496416408105,3.44465081008511,21.342443729903536,21.896,70,93.45400647696007,0.728
825612a6-1e42-11e4-b4cd-db5882bf8def,2006-05-04,0,SLB,Rini,2006-04-20,2006-05-04,2006,2006,0.038329911019849415,0,0,0,0,Solomon Islands,4,49.707219,1,0.01,0.481,0.5725,2,2,1,1,3,3,1,2,2,2,8,2,2,2,1.85020585778636,3,4,2.6,1,1,0,9,2,8,2.76471925,10741652.5643296,0,0,0.4404,0.523,15.3,0.607,0.439,0.346,0.451,14.4,82.36550714782017,2.658765975505424,0.6073597713469097,27990,34.007,0.6430496726992685,5.797,0,46.3616347585397,7.15175407326637,46.4866111681939,41.876690401808624,4.766824960708615,0.8903513431062681,7.178122193096661,0.7682657930362538,4.477,90.5040371561272,0,30.6961890568448,1790.0335649307012,9.325101128379815,102.32177734375,1.64635,48.07533325381581,68.09,493430,41.7714182066536,3.39359523498291,17.62879599857092,18.259,37,69.78922716627635,1.915
822fbb62-1e42-11e4-b4cd-db5882bf8def,2002-05-14,1,SLE,Kabbah,1998-03-10,2007-09-17,1998,2007,9.522245037645447,0,0,0,0,Sierra Leone,3,66.050051,1,0.23,0.698,0.71,2,2,1,1,1,3,2,1,2,1,8,2,1,2,1.0370435695644,4,4,1.89,1,1,0,4,0,5,1.3885844,21815455.0998228,0,0,0.4871,0.346,10.6,0.759,0.609,0.198,0.3,9.2,89.81985974319488,0.6898849204712305,12.60847880299252,72180,44.345,0.1131103537996149,18.67,10.2678571428571,67.1900681976464,5.669826436962,27.1401612147458,43.314645238693906,3.59434008598328,2.16461761611263,0.8423481377509318,0.14595174066455335,6.23,40.03845940703796,56.65302916965624,46.8536710472515,423.3409816151892,8.928172975872679,101.223518371582,0.176199,50.93141969054283,46.359,5140113,43.9388242961608,3.37965365544042,71.2124272651704,36.109,141473,38.91691224841119,3.901
81f6b2a6-1e42-11e4-b4cd-db5882bf8def,2005-05-25,1,SUR,Venetiaan,2000-08-12,2010-08-12,2000,2010,9.998631074606434,0,0,0,0,Suriname,1,52.029128,15,0.01,0.514,0.5355,2,2,1,1,1,1,2,2,2,2,6,2,1,0,2.60030862062671,2,2,3.92,2,25,0,10,14,5,2.6292323,3900000,0,289413671.858225,0.5555,0.673,21.2,0.212,0.851,0.66,0.772,94.9,56.57436980014984,9.716165609811664,0.3141025641025641,156000,22.271,3.2681802332338927,8.209,52.7009222661397,8.35573724204815,24.0832811598473,67.5603677923863,-10.352749088699884,4.33057999610901,0.7291365225325854,1.5612711982037148,0.22550158651511876,2.749,98.20746794871796,82.21256075334144,4.91937130026536,7305.327267131137,33.84364155950194,107.749862670898,6.40309,36.66798478409793,67.002,516220,30.3953066476567,5.73719125294569,3.309102564102564,66.682,26,90.9613941465855,9.263
81f6b2a6-1e42-11e4-b4cd-db5882bf8def,2010-05-25,0,SUR,Venetiaan,2000-08-12,2010-08-12,2000,2010,9.998631074606434,0,0,0,0,Suriname,1,53.814881,20,0.01,0.514,0.5355,2,2,1,1,1,1,2,2,2,2,7,2,1,1,3.45243631741047,2,2,3.49,2,25,0,10,19,5,2.6292323,4300000,0,504071673.765135,0.5478000000000001,0.696,29.2,0.22,0.8,0.64,0.761,91.2,55.91727887116438,13.02605931081017,0.3525641025641026,156000,20.361,3.200080574274832,7.109,70.1856148491879,7.69111862093963,24.4683005874013,67.8411138236517,-29.80889606388346,4.33057999610901,0.7291365225325854,-5.853440564495957,0.22550158651511876,2.61,98.07602564102564,79.41492194405177,9.472192112065372,8664.457270356737,35.17051613441174,107.706901550293,31.59,38.460396333617084,69.894,546080,29.8862803984764,5.97714620568415,3.5005128205128204,66.344,24,90.9613941465855,7.15
81f6e376-1e42-11e4-b4cd-db5882bf8def,2000-08-12,0,SUR,Wijdenbosch,1996-09-15,2000-08-12,1996,2000,3.9069130732375084,0,0,0,0,Suriname,1,52.137025,10,0.01,0.472,0.5355,2,2,1,1,1,1,2,2,2,1,6,2,2,1,2.03601554074645,2,1,3.77,2,25,0,10,9,5,2.6292323,1250000,0,176527379.487262,0.5525,0.727,23.1,0.212,0.837,0.667,0.783,95.4,60.48232006807963,12.559949071005672,0.3653846153846153,156000,24.198,3.087069257074142,7.801,88.3959044368601,6.67565438681532,20.9540111488124,72.3703344643723,-17.19582927687805,4.33057999610901,0.7291365225325854,-10.256713621178534,0.22550158651511876,2.895,98.33891025641026,75.58484307463983,9.539245695392298,6098.1860770498815,24.890501204306887,100.3448944091797,2.50641,35.422804901359804,65.508,478998,32.8518774067142,4.83592328577229,3.0705,66.444,334,90.9613941465855,12.975
8251e052-1e42-11e4-b4cd-db5882bf8def,2010-07-08,0,SVK,Fico,2006-07-04,2010-07-08,2006,2010,4.010951403148528,4,4,1,25,Slovakia,16,42.880023,18,1,0.857,0.8955,2,96,1,1,3,1,2,2,2,0,7,2,1,1,4.53331668629253,1,1,5.53,2,19,1,1,17,10,3.612763,1590890346.32034,19803071.4492267,6300895.92206419,0.3169,0.841,23.8,0.297,0.872,0.756,0.854,100,38.84793945257925,24.03662311556324,28.94512486743881,48091,11.2,7.294523825598709,9.9,21.6283134284882,3.23498814356824,37.0610886052446,59.7039232511872,65.1845280149586,4.0447998046875,1.24918295945171,2.3209380550694045,1.359923221262471,1.43,39.88085088686032,70.23777338678214,1.56838192575063,14584.260678210065,30.619082713755308,101.638298034668,75.71,44.63498684034438,75.11219512195122,5391428,15.4469515367955,12.5318173664634,112.10887692083756,54.685,157,153.45405123339947,14.387
8218450e-1e42-11e4-b4cd-db5882bf8def,1998-10-30,0,SVK,Meciar,1994-12-13,1998-10-30,1994,1998,3.8795345653661877,1,1,1,7,Slovakia,15,46.756564,6,1,0.522,0.632,2,96,1,1,3,1,2,2,2,1,7,2,1,1,4.1176974312569,2,2,5.26,2,19,1,1,5,9,3.2409916,23214363.2611077,20959351.5805614,8257516.85273325,0.2694,0.746,43.6,0.335,0.849,0.633,0.768,100,47.24194972291663,18.620886288996232,32.16216216216216,48100,10.7,8.219806786585922,9.9,16.5824654127157,8.25124336518833,39.4281499609804,52.3206522308593,71.55901293073026,4.369454860687259,1.74433653315927,2.165770163062104,0.7682195039223059,1.37,39.5348024948025,78.480923314832,2.12467053420717,8818.210826339271,27.97281158519064,102.711647033691,2.689809786,45.228903314652456,72.55121951219513,5390516,20.9360016108491,11.1485668479555,112.06893970893972,56.355,143,102.07014847229377,12.421
8218450f-1e42-11e4-b4cd-db5882bf8def,1994-12-13,0,SVK,Moravcik,1994-03-16,1994-12-13,1994,1994,0.7446954140999316,0,0,0,0,Slovakia,13,47.84297,2,1,0.522,0.632,2,96,1,1,3,1,2,2,2,1,8,2,1,2,1.70823882878566,3,2,5.81,2,15,1,1,1,7,3.1960313,48492443.08,24973744.4335944,12593944.0082385,0.2504,0.752,34.9,0.384,0.855,0.546,0.709,100,51.42569540055225,20.544100252994177,32.45322245322245,48100,12.4,8.393831208729875,9.6,17.1066069604839,10.1722054751686,39.6972871662568,50.1304601246409,68.58546924388052,3.71250009536743,1.93951901446386,1.3384844462621106,0.0687497550541929,1.67,39.54370062370062,76.22312499752614,7.3429454135621395,7146.602682984468,26.669292096447464,100.952880859375,0.318509704,44.59401998334992,72.30000000000001,5346331,23.3195649742986,10.6414424485152,111.15033264033264,56.598,12,108.37209543157688,13.654
8251e053-1e42-11e4-b4cd-db5882bf8def,2012-04-04,0,SVK,Radicova,2010-07-08,2012-04-04,2010,2012,1.7412731006160165,0,0,0,0,Slovakia,16,43.141631,20,1,0.857,0.8955,2,96,1,1,3,1,2,2,2,0,7,2,1,1,4.2053047766264,1,1,4.180095,2,16,1,1,19,10,3.6626096,1927193403.7686,16065072.1550174,8406252.72790873,0.2936,0.846,26.31713,0.311,0.884,0.749,0.852,100,39.59188910047863,26.85062182819122,28.953169189818663,48088,10.3,6.627439007363554,9.7,19.3236373905676,3.23848651059468,37.5408155826111,59.2206550220213,61.2914832251893,3.8590099811554,1.07808283795721,1.877505907532696,-1.3022260309184777,1.34,39.91528031941441,66.83286848686713,1.9018644003428304,15126.03529877615,30.820729121544293,99.1328735351562,76.71,44.32058989603747,76.10975609756099,5407579,15.3723871192922,12.9902139534746,112.45173432041258,54.28,231,176.16647782339473,13.966
821c775c-1e42-11e4-b4cd-db5882bf8def,2004-11-09,0,SVN,Anton Rop,2002-12-11,2004-11-09,2002,2004,1.9137577002053388,0,1,3,5,Slovenia,3,31.378145,14,1,0.857,0.838,2,2,1,1,1,1,2,2,2,2,7,2,2,1,6.53484881380821,1,1,6.02,2,12,1,1,13,10,3.290926,260900000,1490412.09378694,105031.273864585,0.3061,0.864,31.4,0.151,0.871,0.738,0.828,100,41.91588851461789,24.055585518722765,8.738828202581926,20140,9,8.712366275215173,9.3,27.6013358653657,9.87572855909206,36.6995397904126,53.4247316504953,51.48687153826448,5.64425992965698,1.43065194465024,2.217360971433922,1.399398563546818,1.25,61.4995034756703,69.29592991535421,2.4296308382717378,18567.562205924503,30.2548712114283,96.6843719482422,40.81,45.84458979451721,77.20731707317073,1997012,14.5503015818681,14.9854398823271,99.15650446871896,51.308,580,111.55654103857478,6.017
821c775b-1e42-11e4-b4cd-db5882bf8def,2000-11-17,0,SVN,Bajuk,2000-05-03,2000-11-17,2000,2000,0.5420944558521561,2,0,0,8,Slovenia,2,33.72424,10,1,0.556,0.5575,2,2,1,1,1,1,2,2,2,2,7,2,1,1,5.41843768166117,2,1,5.11,2,12,1,1,9,10,3.2641907,202300000,0,16941920.9888124,0.3051,0.823,28.8,0.112,0.871,0.757,0.844,100,42.697129016335104,23.34049011632376,8.589870903674282,20140,9.1,7.560566637756577,9.3,28.6553141514974,9.60152007223038,37.6527820825529,52.7456978452168,51.69706328456246,6.13048267364502,1.09316627543634,0.6693075024921602,0.3218393218905601,1.26,61.2214498510427,70.13821350811448,3.0855632292625064,16240.65688604946,30.46787158116306,99.6168975830078,15.1103,46.41942400427158,75.41219512195123,1988925,16.0219347601393,13.8995907453313,98.75496524329692,50.754,3278,103.9477705602287,6.92
821ca82c-1e42-11e4-b4cd-db5882bf8def,2008-11-21,0,SVN,Janez Jansa,2004-11-09,2008-11-21,2004,2008,4.032854209445585,1,2,2,10,Slovenia,4,29.744531,18,1,0.857,0.8955,2,2,1,1,1,1,2,2,2,2,8,2,1,2,7.25682387425077,1,1,4.94,2,18,1,1,17,10,3.3533976,380241218.113463,0,195179.332317344,0.2736,0.889,26,0.137,0.875,0.742,0.829,100,43.04409117157512,24.655217359067187,9.103950124589252,20146.2,10.8,9.34445677964257,9.1,26.2698945057625,8.5903761558127,35.1171954356838,56.2924284085035,52.64853433741348,5.10951995849609,1.49291914113746,1.9375275719322744,2.38840500904893,1.53,61.75854503578838,69.50734523744282,1.8279136220512011,22296.704996823148,29.78825861029637,97.1056976318359,58,46.03343362129845,78.7658536585366,2021316,14.0657501623622,16.0257232798091,100.33237037257646,52.209,49,134.73152161892975,4.379
822600f2-1e42-11e4-b4cd-db5882bf8def,1998-09-20,1,SWE,Persson,1996-03-21,2006-10-06,1996,2006,10.543463381245722,2,6,3,23,Sweden,2,5.109247,88,1,0.33,0.556,2,2,1,1,98,96,2,2,2,2,8,2,2,2,5.91722718217305,1,1,4.54,2,27,1,5,81,10,3.1724946,125562625.196401,0,0,0.295,0.891,37.7,0.004,0.949,0.881,0.914,100,56.45375859561348,47.95271251117224,6.827225531908626,407339.7,10.1,7.085536574844758,10.5,49.1828881989533,3.05916965008076,25.8918461888671,71.049008797006607,33.440564778080336,7.06125020980835,1.87262378757035,8.61672277532109,10.268478516399645,1.5,69.08975481643454,35.04731519533755,2.3113421168142576,37737.46227538247,26.395451726852787,108.960227966309,33.46751233,47.13902561059332,79.33902439024392,8850974,18.6576109800917,17.4257441667357,21.728729117245383,83.97,39,74.34039123881453,8.941
822600f2-1e42-11e4-b4cd-db5882bf8def,2002-09-15,1,SWE,Persson,1996-03-21,2006-10-06,1996,2006,10.543463381245722,6,13,11,61,Sweden,2,2.788231,92,1,0.33,0.77,2,2,1,1,98,96,2,2,2,2,8,2,1,2,6.57145553319216,1,1,4.51,2,27,1,5,85,10,3.214112,512116309.85076,0,0,0.2626,0.909,35.9,0.004,0.951,0.881,0.914,100,54.4629354707066,44.56107702191133,6.516673921054098,407339.7,10.7,6.654641960219869,10.6,48.4969325153374,2.52404865123304,22.9686589251174,74.5072924236496,38.53408654235997,6.92434978485107,1.6411545404720802,6.888405483435105,6.245774361374648,1.65,69.09466472332552,37.44624962167069,1.8996773319539888,42377.11963797502,25.61485504569078,107.147102355957,70.57,47.69813354389085,79.84634146341465,8924958,18.0840503015232,17.1754978595144,21.91035639295654,84.133,27,77.2186507056824,4.965
822600f2-1e42-11e4-b4cd-db5882bf8def,2006-09-17,0,SWE,Persson,1996-03-21,2006-10-06,1996,2006,10.543463381245722,17,17,17,119,Sweden,2,0.721852,96,1,0.33,0.77,2,2,1,1,98,96,2,2,2,2,7,2,1,1,5.15156203612854,1,1,4.66,2,27,1,5,89,10,3.2796574,2245090114.17166,0,0,0.3329,0.907,40.1,0.004,0.953,0.882,0.915,100,52.46598333914844,45.12011629894106,6.494579340044685,407339.7,11.7,6.100189361715015,10,49.6007984031936,2.22672761778222,21.9131907945002,75.8600815877176,34.61093333535165,6.36429023742676,1.31820552345733,5.212242598911219,5.105931328626071,1.85,69.00628639928786,33.41258418676985,1.3622204539368057,47864.81086423089,25.254607472671665,100.304191589355,87.76,47.43561032113689,80.7487804878049,9080505,17.1242562717061,17.2873475124632,22.292217036542223,84.43,16,88.19541347766643,7.066
82530553-1e42-11e4-b4cd-db5882bf8def,2010-09-19,1,SWE,Reinfeldt,2006-10-06,2014-10-03,2006,2014,7.991786447638604,5,6,5,37,Sweden,2,1.010783,100,1,0.33,0.77,2,2,1,1,98,96,2,2,2,2,7,2,1,1,6.31216215201581,1,1,4.78,2,27,1,5,93,10,3.3465393,4060977951.31987,0,0,0.314,0.91,45.5,0.004,0.954,0.883,0.915,100,53.60074922353064,41.426877353767445,6.428541092360995,407339.7,12.3,5.710810454028875,9.6,55.3017647851273,2.10050650731022,19.902783844822,77.9966875412289,34.995935958764534,6.52268981933594,1.18712854137069,0.1260763026914357,4.461933075072406,1.98,68.91790807525021,34.4232514038991,1.6494099336212054,48369.91004078761,23.75272870546379,99.1634674072266,90,47.14777878293263,81.45121951219514,9378126,16.6283679357841,18.2677831416905,23.022862735942507,85.056,23,84.24837718803632,8.61
82530553-1e42-11e4-b4cd-db5882bf8def,2014-09-14,0,SWE,Reinfeldt,2006-10-06,2014-10-03,2006,2014,7.991786447638604,8,17,14,80,Sweden,2,1.933735,104,1,0.33,0.77,2,2,1,1,98,96,2,2,2,2,7,2,1,1,5.8714571475659,1,1,5.391562,2,27,1,5,97,10,3.3860025,4689970392.57994,0,0,0.2983,0.935,44.629631,0.004,0.958,0.885,0.916,100,57.73349815776327,47.47232153290319,6.335572005380276,407339.7,11.9,4.5158316066958815,9.2,55.8376857652682,1.97428529840552,18.604576370684,79.4211592144208,28.271185098968417,7.57372999191284,1.12644731800047,-1.0378292713940376,-0.2853705948885877,1.88,68.73525953890574,29.774747265134422,1.4432981944684464,49855.30101231298,21.786121275418072,118.02986907959,92.5236,47.40813661608651,82.25365853658538,9696110,17.1905518215244,19.4113757377077,23.803498652353305,86.247,18,82.93353169385358,7.954
824b0267-1e42-11e4-b4cd-db5882bf8def,2001-02-09,0,THA,Leekpai,1997-11-09,2001-02-09,1997,2001,3.252566735112936,1,0,2,6,Thailand,5,50.386468,10,0.4,0.135,0.142,1,2,1,1,2,3,2,2,2,1,4,1,1,1,1.95758490057451,3,2,3.74,3,1,1,7,9,9,2.2708402,1252447488.20915,3826488042.49406,1356884254.09507,0.5617,0.677,12.1,0.681,0.786,0.418,0.559,90.4,42.41997114004863,0.6568248960160447,34.71980269725381,510890,13.176,2.8757864977995564,6.088,6.63639914079281,47.5811613451445,19.4542697968858,32.9645688579697,42.03173249656575,4.81787014007568,1.43378743887059,4.212235095308418,0.3555409308406509,1.588,37.396504139834406,81.19440353403557,8.579287450086538,3599.095872342517,36.32100349466726,95.5513763427734,5.55633,45.796608399846896,72.613,63649892,23.4155008464115,6.3696282469733,124.5862945056666,32.548,90,120.26796627353298,2.6
8255b0f6-1e42-11e4-b4cd-db5882bf8def,2011-08-08,0,THA,Vejjajiva,2008-12-15,2011-08-08,2008,2011,2.64476386036961,0,0,0,0,Thailand,5,51.688141,1,0.57,0.382,0.4355,1,90,1,1,2,3,1,2,2,1,1,0,0,0,2.22477189845457,4,4,2.76,3,1,0,7,0,7,2.5798383,5255620000,5952317957.0853,9579672814.14312,0.5377000000000001,0.749,27.089909,0.686,0.8,0.376,0.461,99.3,38.910944487776646,1.0122733013208025,34.30875530936209,510890,11.95,3.58114114499056,6.393,8.04790019937048,41.0084591061924,19.4406396388448,39.5509012549627,41.65367801072865,4.80555009841919,1.48670410042287,0.667087644548593,1.9351149439975304,1.597,39.28556049247392,80.19388910617715,11.591791777520749,5091.958016171141,37.98139827110971,97.2464828491211,23.6699,46.33858499957318,76.421,68712846,18.8288657116604,9.1825660954285,134.4963612519329,44.698,365,139.67540722457585,0.66
8255e1ca-1e42-11e4-b4cd-db5882bf8def,2012-05-20,0,TLS,Ramos-Horta,2008-04-17,2012-05-20,2008,2012,4.090349075975359,0,0,0,0,Timor-Leste,1,61.685664,11,0.01,0.777,0.616,2,2,1,1,1,1,1,2,2,0,6,2,2,1,0.47262923738763,4,3,3.632171,2,25,0,7,10,8,2.3339654999999997,119859807.78,4889402999.7896805,3341255968.64425,0.4101,0.644,20.260608,0.279,0.779,0.496,0.644,56,84.84399955156879,0.7646615776185792,7.747141896435776,14870,29.822,0.5481349698859781,7.747,0,56.8012259455151,8.93895698424733,34.2595880071743,41.65367801072865,7.16572332382202,2.87728369527749,3.479580360258669,1.0914318293115537,4.444,62.696704774714185,65.52072458112153,25.796493918857788,1266.3021015555055,12.7911387224216,130.17159857621,7,45.1339138102061,66.081,1137676,40.7572282254474,5.1431185781886,76.50813718897108,28.428,8,128.50049329846496,3.767
81e36e90-1e42-11e4-b4cd-db5882bf8def,2002-10-07,1,TTO,Manning,2001-12-25,2010-05-26,2001,2010,8.41615331964408,0,0,0,0,Trinidad and Tobago,2,52.881085,41,0.23,0.444,0.5355,1,2,1,1,1,3,2,2,2,2,7,2,2,1,5.82013491678748,3,3,2.09,1,1,1,10,21,9,2.8181343,79100000,3359238569.7881,1464516669.94748,0.5626,0.727,22.9,0.144,0.867,0.622,0.743,96.5,41.75278958204978,0,5.847953216374268,5130,15.022,17.035893976361923,6.505,0.460666194188519,6.89187302428319,28.5033061372074,64.6048208385094,-92.654202507446,3.54300999641418,0.213074265946209,11.18749308935868,1.1811364007816665,1.718,45.96530214424951,99.63349547429095,1.39847219754841,11054.44528635513,42.90957541303962,93.7422103881836,21.9987,39.77492368867224,70.488,1345964,24.0054057929505,5.44921909100804,262.3711500974659,55.53,35,90.9613941465855,10.39
81e36e90-1e42-11e4-b4cd-db5882bf8def,2007-11-05,1,TTO,Manning,2001-12-25,2010-05-26,2001,2010,8.41615331964408,0,0,1,1,Trinidad and Tobago,2,53.010273,46,0.22,0.444,0.5355,1,2,1,1,1,3,2,2,2,2,5,1,2,1,8.03839603800196,2,2,2.84,1,1,0,10,26,9,2.9364457,109400000,11846540219.4605,3655289890.29776,0.5641,0.768,30,0.144,0.881,0.645,0.758,100,37.89669164322521,0,4.8732943469785575,5130,15.224,27.56897623660425,6.717,0.247524752475248,3.81280344269531,31.8467706341033,64.3404259232014,-115.85667293554955,4.33057999610901,0.568668581528334,3.83520271627024,4.620726164181012e-6,1.709,45.55204678362573,99.86390028528652,0.3716617075263321,16717.778439905855,59.65214216607948,96.4526901245117,32.3,41.713220253597015,71.652,1384861,21.3980036256359,6.08389798106019,269.9534113060429,54.59,210,90.9613941465855,5.54
81e36e90-1e42-11e4-b4cd-db5882bf8def,2010-05-24,0,TTO,Manning,2001-12-25,2010-05-26,2001,2010,8.41615331964408,1,1,1,7,Trinidad and Tobago,2,53.237308,49,0.22,0.444,0.5355,1,2,1,1,1,3,2,2,2,2,6,2,2,1,8.53765805511513,2,2,1.95,1,1,0,10,29,9,3.0074773,90900000,7750991649.68855,3095180912.63089,0.5478000000000001,0.785,30,0.161,0.889,0.657,0.771,100,38.046687183342335,0,4.8732943469785575,5130,14.842,28.154444173421748,6.708,0,3.80020483634557,29.8027683570776,66.3971801271948,-112.02977876773006,4.21155452728271,0.635217366605715,2.4794714301894274,0.22550158651511876,1.701,45.304093567251456,99.929668893129,0.52014610527508,16766.936644659407,53.81395645156724,97.6362075805664,48.5,41.748428524343154,72.725,1410296,20.8189628276617,6.74177619450101,274.91150097465885,54.025,252,90.9613941465855,4.033
81e36e91-1e42-11e4-b4cd-db5882bf8def,2001-12-24,0,TTO,Panday,1995-11-09,2001-12-24,1995,2001,6.12457221081451,0,1,3,5,Trinidad and Tobago,2,52.93605,40,0.23,0.444,0.5355,1,2,1,1,1,3,2,2,2,2,7,2,2,1,4.02768571513798,3,3,2.15,1,1,1,10,20,9,2.7945702,40900002.1872067,3282813372.4209,1352017834.35833,0.5636,0.716,21,0.157,0.838,0.616,0.734,96.3,43.3339401207864,0,5.847953216374268,5130,15.147,15.870180573703074,6.809,0.513819985825656,7.86035671749327,28.8667676336955,63.2728756488112,-79.00510667482588,3.06528997421265,0.155634799309892,9.460759605832065,1.6997412156951626,1.746,46.04795321637427,99.81939342400946,1.286377056094475,10298.19496410586,45.20699108480344,99.074089050293,15.3846,39.29430804284407,69.646,1338567,24.8634173709646,5.36943612086657,260.9292397660819,55.718,16,90.9613941465855,10.88
823d7751-1e42-11e4-b4cd-db5882bf8def,2002-11-18,0,TUR,Ecevit,1999-01-11,2002-11-18,1999,2002,3.8521560574948666,3,0,2,14,Turkey,14,53.134684,20,1,0.899,0.807,2,1,1,1,1,1,1,0,2,1,2,0,1,0,2.71930285209659,4,3,5.25,2,25,1,3,19,7,2.0386214,1936000000,66834850.711409,561028621.179968,0.5581,0.685,20.4,0.523,0.599,0.496,0.642,99.8,55.75168717497772,4.4898633335877,31.176019645803827,769630,19.803,3.293286908995262,5.464,26.2488408037094,34.9601637787091,22.912853166662,42.126983054629,67.51047754360937,5.58701992034912,3.7959268811379503,0.4503659437987313,0.059521561888372,2.323,26.42217169289139,86.0700877177666,10.190758557408842,6291.665275167341,24.591719853420443,107.681411743164,11.38,28.173571879561493,72.579,65988663,30.2566671964294,5.53857111439408,85.74076244429142,65.974,193697,47.98239404875773,10.358
8222f3a8-1e42-11e4-b4cd-db5882bf8def,1999-10-31,1,UKR,Kuchma,1994-07-19,2005-01-23,1994,2005,10.516084873374401,9,3,12,54,Ukraine,30,65.490409,9,1,0.766,0.719,2,1,1,1,1,1,1,1,1,1,6,2,1,0,3.08271623921687,4,3,3.94,3,1,1,1,8,7,3.0448446,18000000,1670230566.00688,1340158800.24956,0.3093,0.696,29.8,0.881,0.764,0.252,0.422,100,47.32966975571374,14.515745566248182,56.39078277379822,579350,7.8,7.260878930627693,14.9,8.33236402549667,22.5430077785231,23.647379172704,53.8096130487729,44.066912379595045,3.61807990074158,1.90075618846419,1.5705825056346885,0.0221654789101669,1.127,16.37421247950289,85.10097240584756,11.875009582803084,1327.5673828125,32.01806166725441,112.78897857666,0.405385448,50.52848988823323,67.9809756097561,49674000,18.235654500347,13.8893541599119,85.7409165444032,67.106,12235,101.95170696554791,11.864
8252d482-1e42-11e4-b4cd-db5882bf8def,2010-02-25,0,UKR,Yushchenko,2005-01-23,2010-02-25,2005,2010,5.089664613278576,7,4,13,49,Ukraine,34,65.0442,20,1,0.766,0.719,2,1,1,1,1,1,1,2,2,0,4,1,1,0,3.25194202008852,3,3,4.17,2,13,1,1,19,6,3.213733,6535000000,3363047923.30727,1609914508.14936,0.3042,0.766,29.8,0.881,0.838,0.267,0.491,100,42.16484899327559,18.269002312357895,56.060553752675546,579320,10.8,6.741133743621016,15.2,7.09163895185036,16.5504759648837,26.8921047566879,56.5574143435929,40.406057875987415,7.39708471298218,1.90236102232278,4.5684001828509215,0.4900531586626628,1.443,16.481391976800385,80.45380002978514,7.402205098229943,2315.10009765625,25.649281402124785,100.067626953125,23.3,50.47556835306232,70.26536585365855,45870741,14.2059337824637,15.4531904354527,79.18031657805703,68.596,25102,95.72973045329002,8.1
81ddb59c-1e42-11e4-b4cd-db5882bf8def,2004-11-02,1,USA,G.W. Bush,2001-01-21,2009-01-20,2001,2009,7.997262149212868,46,52,37,325,United States of America (the),16,26.9767,205,1,0.475,0.6045,2,2,1,1,1,3,2,2,2,2,4,1,2,1,10.4818202862352,1,1,2.18,1,1,1,5,139,10,3.617761,4734000000,202317238011.513,94858162793.007,0.4242,0.902,34.5,0.058,0.896,0.806,0.866,100,49.52214190840644,10.407737470591297,18.393076996961337,9161920,14,20.082882516695445,8.2,8.63018553161945,1.75268291033102,22.1366615939239,76.1106561981627,28.695570693338627,6.2537636756897,4.01631273640692,1.7486909434865412,3.0612916417154965,2.0515,33.35650169396808,86.12431287032028,1.2654833400397276,51348.34733762229,20.950031750329615,102.011859893799,64.7583,45.977596892282754,77.48780487804878,292805298,20.815553884976,12.3047192322804,31.95894506828263,79.757,451,24.448056657190406,5.529
8239d782-1e42-11e4-b4cd-db5882bf8def,2004-04-14,1,ZAF,Mbeki,1999-06-16,2008-09-25,1999,2008,9.27857631759069,0,2,3,7,South Africa,3,49.860095,11,1,0.349,0.506,2,1,1,1,1,1,2,2,2,2,5,2,2,1,3.65147254875074,2,1,1.96981844183422,2,19,0,4,10,9,2.2442544,468117772.172632,709416068.406186,324546495.637454,0.5737,0.63,10.8,0.42,0.88,0.643,0.76,80.6,55.75084365987909,2.775104634872139,10.963737233016513,1213090,21.261,8.727691332356772,12.947,0.508031378408666,18.5880313800352,28.8256495085849,52.5863253247069,-22.6924813828681,4.50897979736328,1.3557285779782702,0.2741997905699491,0.5103162902802685,2.436,14.53518700178882,86.99483552941095,2.411716114862004,5233.86627685538,26.30363666797461,96.8669891357422,8.42512,46.56609996237576,54.043,48556071,31.4321024862164,4.36278812591735,40.02676718133032,58.993,261,45.64357522400406,19.634
8253f977-1e42-11e4-b4cd-db5882bf8def,2011-09-23,0,ZMB,Banda,2008-06-29,2011-09-23,2008,2011,3.2334017796030117,0,0,0,0,Zambia,4,61.044901,4,0.62,0.398,0.552,1,1,1,1,2,3,1,1,1,1,4,1,1,0,1.29825653695847,4,3,3.39124874019348,1,1,1,4,10,7,2.2754412,46276750.72,0,0,0.5898,0.534,11.820312,0.324,0.689,0.417,0.503,28.3,92.82765313818727,8.475090251793207,4.842680154427689,743390,41.162,0.2304390061443391,8.763,99.8695425291355,65.4628882489531,9.27972678526042,25.2574096419732,6.389413649149669,3.35772275924683,1.26233242064529,4.72516156867912,-0.0059677277367169,5.271,62.56180470547088,8.559117759579607,9.64805782176724,1223.0329265930595,34.44428192435842,112.128326416016,3.5,44.89714252164927,57.771,14265814,46.4141828850425,1.72603540183546,19.190215095710197,39.851,234,76.21472825871008,10.546
